Pregunta,Respuesta_Generada,Respuesta_Esperada,Nota_Correctness,Justificacion
In what year did Southampton's fourth cruise terminal open in the western docklands?,2009,The correct answer to the question 'In what year did Southampton's fourth cruise terminal open in the western docklands?' is: 2009,0.818776344114608,"The actual output correctly identifies the year 2009, which is the core truth of the expected output. However, it lacks the contextual framing provided in the expected output, which explicitly states the question being answered. While the actual output is concise, it could benefit from a brief mention of the question to enhance clarity and completeness."
How many freshwater fish species can be found in Portugal?,More than 100 freshwater fish species can be found in Portugal.,The correct answer to the question 'How many freshwater fish species can be found in Portugal?' is: more than 100,0.7830138551729644,"The actual output correctly identifies that there are more than 100 freshwater fish species in Portugal, which aligns with the core truth of the expected output. However, it lacks the explicit phrasing 'The correct answer to the question...' and does not directly restate the question, which slightly detracts from its alignment with the expected format. The additional context about the variety of species adds relevant detail without deviating from the core truth."
Of what area was Valencia the largest city?,Valencia is the largest city in the autonomous community of Valencia.,The correct answer to the question 'Of what area was Valencia the largest city?' is: Crown of Aragon,0.20887500302664144,"The actual output provides information about Valencia being the largest city in its autonomous community, but it fails to address the core truth of the expected output, which is specifically about Valencia being the largest city of the Crown of Aragon. While the actual output is factually correct, it does not answer the question posed in the expected output, leading to a significant misalignment."
In which year did Popper give a secret interview concerning his views about God?,1969,The correct answer to the question 'In which year did Popper give a secret interview concerning his views about God?' is: 1969,0.8029362452578461,"The actual output correctly identifies the year 1969, which is the core truth of the expected output. However, it lacks the additional context provided in the expected output that explicitly states the question being answered. While the actual output is accurate, it does not include the phrasing that connects it to the question about Popper's secret interview, which would enhance clarity and completeness."
How many people in Kazakhstan speak Russian natively?,Approximately 4.2 million native speakers.,"The correct answer to the question 'How many people in Kazakhstan speak Russian natively?' is: 4,200,000",0.8224377442816848,"The actual output correctly identifies the number of native speakers of Russian in Kazakhstan as approximately 4.2 million, which aligns with the expected output of 4,200,000. However, it lacks the explicit phrasing of the question and the clarity of the expected output, which could enhance understanding. The retrieval context provides additional relevant details about the status of the Russian language in Kazakhstan, but these are not included in the actual output, which could have made it more comprehensive."
Rhythmic gymnastics places greater emphaises on aesthetics rather than what?,Acrobatics.,The correct answer to the question 'Rhythmic gymnastics places greater emphaises on aesthetics rather than what?' is: the acrobatic,0.3719220604308492,"The actual output 'Acrobatics' partially addresses the expected output by identifying the core truth that rhythmic gymnastics emphasizes aesthetics over acrobatics. However, it lacks the clarity and completeness of the expected output, which explicitly states the question and provides a more comprehensive answer. The actual output does not include the context or the phrasing of the question, which diminishes its effectiveness."
Miami is located in which Florida county?,Miami is located in Miami-Dade County.,The correct answer to the question 'Miami is located in which Florida county?' is: Miami-Dade County,0.8098059466317569,"The actual output correctly identifies that Miami is located in Miami-Dade County, which aligns with the core truth of the expected output. However, it lacks the explicit phrasing of the expected output that frames the answer as a response to a question, which slightly diminishes its clarity. The response is accurate and relevant, but it could be more comprehensive by including the context of the question format."
When did Israel host and win the Asian Nations Cup?,Israel hosted and won the Asian Nations Cup in 1964.,The correct answer to the question 'When did Israel host and win the Asian Nations Cup?' is: 1964,0.7989665726919754,"The actual output correctly identifies the year 1964 as the time when Israel hosted and won the Asian Nations Cup, which aligns with the core truth of the expected output. However, it lacks the explicit phrasing of the question and the structured format of the expected output, which diminishes clarity. The additional context about Israel's participation in the Asian Nations Cup adds relevant detail but is somewhat extraneous to the core question."
What was the primary use of Japanese submarines?,"Japanese submarines were primarily used for long-range reconnaissance and occasionally attacked U.S. supply lines, but largely did not impact naval campaigns significantly.",The correct answer to the question 'What was the primary use of Japanese submarines?' is: long-range reconnaissance,0.7070980744118325,"The actual output correctly identifies the primary use of Japanese submarines as long-range reconnaissance, which aligns with the expected output. However, it includes additional details about their limited impact on naval campaigns and occasional attacks on U.S. supply lines, which, while relevant, may detract from the simplicity of the core truth. Overall, the response is informative and comprehensive, but slightly more detailed than necessary for the specific question asked."
Which Iranian scientist co-invented the first gas laser?,Ali Javan.,The correct answer to the question 'Which Iranian scientist co-invented the first gas laser?' is: Ali Javan,0.7692272512711772,"The actual output correctly identifies Ali Javan as the co-inventor of the first gas laser, which aligns with the core truth of the expected output. However, it lacks the additional context provided in the expected output, such as the phrasing of the question and the explicit statement that this is the correct answer. While the response is accurate, it could be improved by including more detail to match the expected output's comprehensiveness."
What happens when a doctor doesn't know the microorganism yet?,"When a doctor doesn't know the microorganism, they initiate empirical therapy, administering a broad-spectrum antibiotic based on the suspected infection.",The correct answer to the question 'What happens when a doctor doesn't know the microorganism yet?' is: broad spectrum antibiotic,0.7867850194466122,"The actual output correctly identifies the core truth by stating that a doctor initiates empirical therapy with a broad-spectrum antibiotic when the microorganism is unknown. It aligns well with the expected output, which simply states 'broad spectrum antibiotic.' However, the actual output provides additional context about the reasoning behind this choice, which enhances understanding but slightly diverges from the simplicity of the expected answer. Overall, it effectively addresses the core question while offering relevant details."
In what years was CP1251 encoding used in most Russian online usage?,CP1251 encoding was used in most Russian online communication from 1995 to 2005.,The correct answer to the question 'In what years was CP1251 encoding used in most Russian online usage?' is: 1995–2005,0.7947924474428311,"The actual output correctly identifies the years CP1251 encoding was used in most Russian online communication, aligning with the core truth of the expected output. However, it lacks the explicit phrasing of the question and the format of the expected answer, which diminishes its clarity. While it provides relevant context about the encoding's usage, it could enhance understanding by briefly mentioning the significance of these years in relation to Russian online communication."
What year was the turning point for Germany in the Nation Brands Index?,2006.,The correct answer to the question 'What year was the turning point for Germany in the Nation Brands Index?' is: 2006,0.7094492218845101,"The actual output provides the correct year, 2006, which aligns with the expected output's core truth. However, it lacks the additional context and phrasing present in the expected output, which explicitly states the question and answer format. While the actual output is accurate, it could be improved by including more detail or context to enhance its comprehensiveness."
Which scholar believes the Quran's fragmentary writing style is an effective literary device for a prophetic message?,Michael Sells.,The correct answer to the question 'Which scholar believes the Quran's fragmentary writing style is an effective literary device for a prophetic message?' is: Michael Sells,0.7673080453771263,"The actual output correctly identifies Michael Sells as the scholar in question, aligning with the core truth of the expected output. However, it lacks the additional context provided in the expected output, which explicitly states the question and the phrase 'The correct answer to the question...'. While the response is accurate, it could be improved by including a more comprehensive framing of the answer to enhance clarity."
What book did Thomas Burnet right in 1681?,"Thomas Burnet wrote ""Sacred Theory of the Earth"" in 1681.",The correct answer to the question 'What book did Thomas Burnet right in 1681?' is: Sacred Theory of the Earth,0.7875045395832705,"The actual output correctly identifies the book 'Sacred Theory of the Earth' and the year 1681, which aligns with the core truth of the expected output. However, it lacks the explicit phrasing of the question and the introductory phrase found in the expected output, which diminishes its clarity. The additional context about Burnet's work in the retrieval context is relevant and enhances the response, but the core question could have been framed more directly."
A medical staff training college named in his honor is how many miles away from his birthplace?,"The information provided does not specify the name of the medical staff training college or its distance from the birthplace of any individual mentioned. Therefore, I cannot provide an answer.",The correct answer to the question 'A medical staff training college named in his honor is how many miles away from his birthplace?' is: 16,0.21120980027741315,"The actual output correctly identifies that it cannot provide the name of the medical staff training college or its distance from the birthplace, which aligns with the lack of specific information in the retrieval context. However, it fails to address the core truth of the expected output, which states the distance as 16 miles. The response does not include any relevant details from the retrieval context that could help answer the question, leading to a low score."
How are the Houston Community College and Lone Star College systems ranked among educational facilities?,They are among the 10 largest institutions of higher learning in the U.S.,The correct answer to the question 'How are the Houston Community College and Lone Star College systems ranked among educational facilities?' is: within the 10 largest,0.8894756781674837,"The actual output correctly identifies that the Houston Community College and Lone Star College systems are among the 10 largest institutions of higher learning in the U.S., which aligns with the core truth of the expected output. It succinctly answers the question posed. However, it could have included the phrase 'within the 10 largest' to match the expected output more closely, which is why it does not receive a perfect score."
Could a club appeal a requirement?,"Yes, clubs can appeal against player suspensions and work permit requirements for non-EU players.","The correct answer to the question 'Could a club appeal a requirement?' is: If a player does not meet those criteria, the club wishing to sign him may appeal.",0.6297045145285176,"The actual output correctly identifies that clubs can appeal against player suspensions and work permit requirements, which aligns with the core truth of the expected output. However, it lacks the specific context regarding the criteria for appealing work permits and does not explicitly mention the conditions under which a club may appeal, as detailed in the retrieval context. While it provides a relevant answer, it does not fully capture the comprehensive nature of the expected output."
"Besides being the official language and language of education, what other group uses Catalan?",Catalan is used in mass media and by the cultural association La Bressola for language immersion programs.,"The correct answer to the question 'Besides being the official language and language of education, what other group uses Catalan?' is: mass media",0.6912841148668265,"The actual output correctly identifies 'mass media' as a group that uses Catalan, which aligns with the core truth of the expected output. However, it includes additional details about La Bressola and language immersion programs, which, while relevant, detract slightly from the simplicity of the expected answer. Overall, the core question is answered correctly, but the added information could have been more concise."
How much of a decrease in sales have Windows devices experienced?,Windows device sales in the U.S. have declined 21% compared to the same period in 2011.,The correct answer to the question 'How much of a decrease in sales have Windows devices experienced?' is: 21 percent,0.7764564809426895,"The actual output correctly identifies the core truth of the expected output by stating that Windows device sales have declined by 21%. It provides a clear answer to the question about the decrease in sales, aligning well with the expected output. However, while it includes relevant context about the decline, it lacks the explicit phrasing of '21 percent' as requested in the expected output, which slightly detracts from its completeness. Overall, it is informative and relevant, but could be more precise in matching the expected format."
Where did Chinese merchants explore? ,"Chinese merchants explored all of the Indian Ocean, reaching East Africa.",The correct answer to the question 'Where did Chinese merchants explore? ' is: all of the Indian Ocean,0.7940457249272568,"The actual output correctly identifies that Chinese merchants explored all of the Indian Ocean, which aligns with the core truth of the expected output. However, it includes additional information about reaching East Africa, which, while relevant, slightly deviates from the simplicity of the expected answer. Overall, the response is comprehensive and informative, maintaining the core truth while providing extra context."
Are attendance remittances that important to the Premier League?,"Yes, stadium attendances are a significant source of regular income for Premier League clubs.",The correct answer to the question 'Are attendance remittances that important to the Premier League?' is: Stadium attendances are a significant source of regular income for Premier League clubs.,0.7747824967547751,"The actual output correctly identifies that stadium attendances are a significant source of income for Premier League clubs, aligning with the core truth of the expected output. However, it lacks the explicit framing of the question and the phrase 'The correct answer to the question...' which is present in the expected output. While it does not include additional details from the retrieval context, it remains focused on the core truth."
Which was the first Spanish city founded in the region?,"Santa Barbara, founded in 1567.",The correct answer to the question 'Which was the first Spanish city founded in the region?' is: Santa Barbara,0.6683300298888686,"The actual output correctly identifies Santa Barbara as the first Spanish city founded in the region, aligning with the core truth of the expected output. However, it lacks the explicit phrasing of the question and the structured format of the expected output, which diminishes clarity. While it provides a factual statement, it does not fully encapsulate the expected response format, which could enhance comprehension."
What was the film that Madonna starred in 2000?,"Madonna starred in the film ""The Next Best Thing"" in 2000.",The correct answer to the question 'What was the film that Madonna starred in 2000?' is: The Next Best Thing,0.7942312074181929,"The actual output correctly identifies the film 'The Next Best Thing' that Madonna starred in 2000, aligning with the core truth of the expected output. However, it lacks the explicit phrasing of the expected output, which states the answer in a more formal manner. While the actual output provides the necessary information, it could be improved by including a more direct response to the question format presented in the expected output."
How many students were enrolled in primary school in 2010?,"In 2010, there were 5,040 pupils enrolled in primary school in Bern.",The correct answer to the question 'How many students were enrolled in primary school in 2010?' is: 230,0.07558248519811343,"The actual output states that there were 5,040 pupils enrolled in primary school in Bern in 2010, which contradicts the expected output of 230 pupils. The core truth of the expected output is not present in the actual output, and there are no additional relevant details that support the expected answer. Therefore, the response fails to align with the evaluation steps."
In what treatise did negative numbers first appear?,"Negative numbers first appeared in the ""Nine Chapters on the Mathematical Art.""",The correct answer to the question 'In what treatise did negative numbers first appear?' is: the Nine Chapters on the Mathematical Art,0.7953095369742654,"The actual output correctly identifies that negative numbers first appeared in the 'Nine Chapters on the Mathematical Art,' which aligns with the core truth of the expected output. However, while it provides additional context about the representation of negative numbers using counting rods, it slightly deviates from the simplicity of the expected answer. The response could be more concise to match the expected output's directness."
"After Tripoli was conquered, where did Gaddafi go?",Gaddafi took control of the Berka barracks in Benghazi.,"The correct answer to the question 'After Tripoli was conquered, where did Gaddafi go?' is: Sirte",0.18986671837926558,"The actual output fails to address the core question regarding Gaddafi's location after the conquest of Tripoli, instead providing information about his control of the Berka barracks in Benghazi, which is irrelevant to the expected output. While it does mention Gaddafi, it does not include the correct answer 'Sirte' or any additional relevant details that would enhance the response. Thus, it lacks alignment with the evaluation steps."
Who did France restore into power?,France restored the Bourbon Dynasty to power.,The correct answer to the question 'Who did France restore into power?' is: Dacko,0.13927704547480277,"The actual output states that France restored the Bourbon Dynasty to power, which is a historical fact but does not answer the specific question posed in the expected output about who France restored into power, which is 'Dacko'. The core truth of the expected output is not present in the actual output, leading to a significant misalignment. Additionally, while the actual output provides a relevant historical detail, it fails to address the question directly, resulting in a low score."
What was the Qing reorganization of the Tibetan called?,"The ""Twenty-Nine Regulations for Better Government in Tibet.""",The correct answer to the question 'What was the Qing reorganization of the Tibetan called?' is: Twenty-Nine Regulations for Better Government in Tibet,0.8433628868722748,"The actual output correctly identifies the 'Twenty-Nine Regulations for Better Government in Tibet' as the answer to the question about the Qing reorganization of Tibet, aligning well with the expected output. However, it lacks the introductory phrase that explicitly states it is the answer to the question, which slightly detracts from clarity. The retrieval context provides relevant historical background that supports the answer, but the actual output could have included a brief mention of this context to enhance comprehensiveness."
Who created the formula E = mc2?,Albert Einstein.,The correct answer to the question 'Who created the formula E = mc2?' is: Albert Einstein,0.6188399179530395,"The actual output correctly identifies Albert Einstein as the creator of the formula E = mc², which aligns with the core truth of the expected output. However, it lacks the additional context provided in the expected output, such as the phrasing of the question and the explicit statement that this is the correct answer. While the response is accurate, it could be more comprehensive by including these details."
What country has the largest population of Buddhists?,"China, with approximately 244 million Buddhists.",The correct answer to the question 'What country has the largest population of Buddhists?' is: China,0.8132149792185747,"The actual output correctly identifies China as the country with the largest population of Buddhists, aligning with the core truth of the expected output. It provides the specific figure of approximately 244 million Buddhists, which adds relevant detail from the retrieval context. However, it lacks the explicit phrasing of the expected output, which could enhance clarity and directness."
"Because of low sanitation coverage 17,000 Egyptian children to die each year from what condition?",Diarrhea.,"The correct answer to the question 'Because of low sanitation coverage 17,000 Egyptian children to die each year from what condition?' is: diarrhoea",0.7791869766093587,"The actual output correctly identifies 'diarrhea' as the condition related to low sanitation coverage, aligning with the core truth of the expected output. However, it lacks the additional context provided in the expected output, such as the specific phrasing of the question and the detail that 17,000 Egyptian children die each year from this condition. While the core truth is present, the response could be improved by including these additional relevant details."
When was the Release Preview revealed to consumers?,"The Release Preview was revealed to consumers on May 31, 2012.","The correct answer to the question 'When was the Release Preview revealed to consumers?' is: May 31, 2012",0.8705125011084156,"The actual output correctly identifies the date when the Release Preview was revealed to consumers, which aligns with the core truth of the expected output. While it lacks the explicit phrasing of the expected output, it provides the essential information clearly. The additional context about the Release Preview's features enhances the response without deviating from the core truth."
What university is in Raleigh?,North Carolina State University and Shaw University are located in Raleigh.,The correct answer to the question 'What university is in Raleigh?' is: North Carolina State University,0.603834211819499,"The actual output correctly identifies that North Carolina State University is located in Raleigh, which aligns with the core truth of the expected output. However, it also includes Shaw University, which, while relevant, detracts from the focus on the specific question about which university is in Raleigh. The additional context from the retrieval does not enhance the core message and could lead to confusion regarding the primary answer."
Who invented the beer pump in England?,John Lofting.,The correct answer to the question 'Who invented the beer pump in England?' is: John Lofting,0.7530804799566064,"The actual output correctly identifies John Lofting as the inventor of the beer pump, aligning with the core truth of the expected output. However, it lacks the additional context provided in the expected output, such as the phrasing of the question and the explicit statement 'The correct answer to the question...'. While the response is accurate, it could be improved by including more detail to enhance clarity and completeness."
What country has provided Burma with the most military aid ?,China has provided Myanmar with the most military aid.,The correct answer to the question 'What country has provided Burma with the most military aid ?' is: Myanmar has received extensive military aid from China,0.710859967274209,"The actual output correctly identifies China as the country providing the most military aid to Myanmar, aligning with the core truth of the expected output. However, it lacks the additional context and detail present in the expected output, which explicitly states that Myanmar has received extensive military aid from China. While the core question is answered, the response could be improved by incorporating more comprehensive details from the retrieval context."
What type of political religious beliefs does Elizabeth seemed to support?,Elizabeth supports inter-faith relations and is a member of the Church of England and the Church of Scotland.,The correct answer to the question 'What type of political religious beliefs does Elizabeth seemed to support?' is: inter-faith relations,0.7846063569755414,"The actual output correctly identifies Elizabeth's support for inter-faith relations, which aligns with the core truth of the expected output. It also provides additional context about her membership in the Church of England and the Church of Scotland, enhancing the response's depth. However, the actual output could be more concise, as it includes extra details that, while relevant, may detract from the direct answer to the question posed."
"What did Shurden claim was never ideal, has often produced positive results?","Shurden claimed that schism, though never ideal, has often produced positive results.","The correct answer to the question 'What did Shurden claim was never ideal, has often produced positive results?' is: controversies that have shaped Baptists",0.43963093301401884,"The actual output mentions Shurden's claim about schism producing positive results, which aligns with the core truth of the expected output regarding controversies. However, it fails to explicitly identify 'controversies that have shaped Baptists' as the specific subject of the claim, which is crucial for full alignment. The response lacks the comprehensive context provided in the retrieval context that could enhance understanding."
What type of population lives in Tiahuac?,"The population in Tiahuac primarily consists of a mix of Mexicans, including indigenous groups, and expatriates from various countries. Detailed statistics are not provided in the information given.",The correct answer to the question 'What type of population lives in Tiahuac?' is: rural,0.2404014839194845,"The actual output fails to address the core truth of the expected output, which states that the population in Tiahuac is 'rural.' Instead, it provides a general description of the population composition without confirming the rural aspect. While it includes some relevant details about the mix of Mexicans and expatriates, it does not align with the specific answer required, leading to a low score."
What was code pleading ultimately replaced by?,Code pleading was ultimately replaced by modern notice pleading.,The correct answer to the question 'What was code pleading ultimately replaced by?' is: modern notice pleading,0.7951858711229752,"The actual output correctly identifies that code pleading was replaced by modern notice pleading, which aligns with the core truth of the expected output. However, it lacks the explicit phrasing of the expected output, which directly states the question and answer format. While the response is accurate and relevant, it could be improved by incorporating the question format to enhance clarity."
What two exports has the Congo begun producing recently?,Natural gas and diamonds.,The correct answer to the question 'What two exports has the Congo begun producing recently?' is: Natural gas and diamonds,0.8358510059243575,"The actual output correctly identifies 'Natural gas and diamonds' as the recent exports of the Congo, which aligns with the core truth of the expected output. However, it lacks the introductory phrase present in the expected output, which explicitly states it as the answer to the question. While the actual output is concise, it could benefit from a more formal presentation to enhance clarity and completeness."
Who directed 'Batman'?,Tim Burton directed 'Batman'.,The correct answer to the question 'Who directed 'Batman'?' is: Tim Burton,0.7408252484105184,"The actual output correctly identifies Tim Burton as the director of 'Batman', which aligns with the core truth of the expected output. However, it lacks the additional context provided in the expected output, such as the phrasing 'The correct answer to the question... is:'. While the response is accurate and straightforward, it could be improved by including a more formal structure or additional context to enhance clarity."
What other group of people does Seattle have the largest percentage of in the US?,Seattle has the highest percentage of same-sex households in the U.S. at 2.6%.,The correct answer to the question 'What other group of people does Seattle have the largest percentage of in the US?' is: self-identified mixed-race,0.2619911687076041,"The actual output provides a fact about Seattle having the highest percentage of same-sex households, which is relevant but does not address the expected output regarding the largest percentage of self-identified mixed-race individuals. While it includes some relevant context about demographics, it fails to answer the core question posed in the expected output."
Who was the Army Chief of Staff at this time?,The text does not specify the name of the Army Chief of Staff during the time referenced.,The correct answer to the question 'Who was the Army Chief of Staff at this time?' is: General Martin Dempsey,0.21001115240970664,"The actual output fails to provide the name of the Army Chief of Staff, which is the core truth of the expected output. While it correctly states that the text does not specify the name, it does not address the question directly or provide the expected answer, which significantly detracts from its alignment with the evaluation steps."
How many rpm did the electrically powered synchronous turanable motor run at?,3600 rpm.,The correct answer to the question 'How many rpm did the electrically powered synchronous turanable motor run at?' is: 3600 rpm,0.7936618525811686,"The actual output correctly identifies the core truth of the expected output by stating '3600 rpm', which answers the question about the motor's speed. However, it lacks the additional context and clarity provided in the expected output, which explicitly states the question and answer format. While the core truth is present, the response could be improved by including more context to enhance understanding."
What percentage of Africans make up NYC?,"Approximately 44.16% of the Bronx's population identified as Black or African American in the 2000 Census, but specific percentages for all of NYC aren't provided. In the Bronx, over 61,000 identified as ""Sub-Saharan African,"" making up 4.4% of the Bronx's population.",The correct answer to the question 'What percentage of Africans make up NYC?' is: 25.5,0.26526414119668706,"The actual output provides some demographic information about the Bronx, including the percentage of Black or African American residents and those identifying as 'Sub-Saharan African.' However, it fails to directly answer the core question regarding the percentage of Africans in NYC, which is specified as 25.5 in the expected output. While it includes relevant details, it does not align with the core truth of the expected output."
What happened to British Isles area when the ice melted after the last ice age?,"As the ice melted after the last ice age, sea levels rose, separating Ireland from Great Britain and forming the Isle of Man, while Great Britain became isolated from the mainland.",The correct answer to the question 'What happened to British Isles area when the ice melted after the last ice age?' is: sea levels rose,0.7440863369666662,"The actual output correctly identifies the core truth that sea levels rose after the last ice age, which aligns with the expected output. However, it provides additional context about the geographical changes and the formation of the Isle of Man, which, while relevant, may detract from the simplicity of the expected answer. Overall, it is informative and detailed, but slightly more comprehensive than necessary for the core question."
What is a single panel door referred to as?,"A single panel door is referred to as a ""slab"" door.","The correct answer to the question 'What is a single panel door referred to as?' is: ""slab"" door",0.8571488280400292,"The actual output correctly identifies that a single panel door is referred to as a 'slab' door, which aligns with the core truth of the expected output. However, it lacks the explicit phrasing of the expected output, which includes the question and the phrase 'the correct answer is'. While the response is accurate and concise, it could have been slightly more comprehensive by incorporating the context of the question format."
What caused the sea to rise during the Jurassic?,"Increased seafloor spreading led to the formation of new crust, displacing ocean waters and causing sea levels to rise during the Jurassic.",The correct answer to the question 'What caused the sea to rise during the Jurassic?' is: increase in seafloor,0.7720382824521372,"The actual output correctly identifies the increase in seafloor spreading as a cause of rising sea levels during the Jurassic, aligning well with the core truth of the expected output. It provides additional context about the displacement of ocean waters and the formation of new crust, which enhances the understanding of the phenomenon without detracting from the main answer. However, it could be more concise, as the expected output is more direct and succinct."
What was the name of the legislative body that was brought into existance in 1989?,The Congress of People's Deputies.,The correct answer to the question 'What was the name of the legislative body that was brought into existance in 1989?' is: Congress of People's Deputies,0.8337948020046676,"The actual output correctly identifies the 'Congress of People's Deputies' as the legislative body established in 1989, aligning with the core truth of the expected output. However, it lacks the introductory context that explicitly states it is the answer to the question posed, which slightly diminishes its clarity. The retrieval context provides additional relevant details about the historical significance and formation of the Congress, which could enhance the response, but the actual output remains focused and accurate."
Where is the starting point of the terminus line in New Haven?,Union Station,The correct answer to the question 'Where is the starting point of the terminus line in New Haven?' is: New Haven's Union Station,0.5973353373051744,"The actual output identifies 'Union Station' as the starting point, which aligns with the core truth of the expected output. However, it lacks the specificity of 'New Haven's Union Station' and does not provide the full context or clarity that the expected output offers. While it is correct, it could be more comprehensive by including the location and context from the retrieval context."
How many free states are there in Germany?,"There are three free states in Germany: Bavaria, Saxony, and Thuringia.",The correct answer to the question 'How many free states are there in Germany?' is: three,0.806489427159552,"The actual output correctly identifies the number of free states in Germany as three, which aligns with the core truth of the expected output. It provides additional context by naming the specific free states (Bavaria, Saxony, and Thuringia), enhancing the response's detail without deviating from the core question. However, it could be more concise, as the expected output is more straightforward and directly answers the question without extra information."
In what year did Xinhai revolt against the Qing dynasty?,"The Xinhai Revolution began on October 11, 1911.",The correct answer to the question 'In what year did Xinhai revolt against the Qing dynasty?' is: 1912,0.41987906834871797,"The actual output provides the start date of the Xinhai Revolution, which is relevant but does not directly answer the expected output's question about the year of the revolt against the Qing dynasty. While it includes some accurate historical context, it fails to align with the core truth of the expected output, which specifically states '1912' as the answer. The actual output lacks the necessary clarity and precision to fully meet the evaluation criteria."
With what broader style of music does adult contemporary share its structure?,Adult contemporary shares its structure with pop music.,The correct answer to the question 'With what broader style of music does adult contemporary share its structure?' is: pop music,0.6811387623966949,"The actual output correctly identifies that adult contemporary shares its structure with pop music, which aligns with the core truth of the expected output. However, it lacks the explicit phrasing of the expected output, which directly states the question and answer format. While the actual output is accurate, it could be more comprehensive by incorporating additional context from the retrieval context to enhance understanding."
About how many tonnes of uranium is theorized to be present in the sea?,"Approximately 10,000 tonnes of uranium are theorized to be present in the sea.",The correct answer to the question 'About how many tonnes of uranium is theorized to be present in the sea?' is: 4.6 billion,0.13567247877390415,"The actual output provides a figure of approximately 10,000 tonnes of uranium in the sea, which is significantly lower than the expected output of 4.6 billion tonnes. While the actual output attempts to address the question, it fails to present the correct core truth and lacks alignment with the expected answer. Additionally, it does not include relevant details from the retrieval context that could have supported a more accurate response."
The Bean Approach Training Development Unit were fitted with what kind of transmitter to search for the Knickebein? ,The Beam Approach Training Development Unit was fitted with a 30 MHz receiver to search for the Knickebein.,The correct answer to the question 'The Bean Approach Training Development Unit were fitted with what kind of transmitter to search for the Knickebein? ' is: 30 MHz receiver,0.8459734541656003,"The actual output correctly identifies the 30 MHz receiver as the device used by the Beam Approach Training Development Unit to search for the Knickebein, which aligns with the core truth of the expected output. However, while it provides relevant context about the unit's purpose, it could have been more concise and directly focused on the question asked, which would have strengthened its alignment with the expected output."
When was President Johnson's speech for John XXIII?,President Johnson's speech for John XXIII was on 6 December 1963.,The correct answer to the question 'When was President Johnson's speech for John XXIII?' is: 6 December 1963,0.8584527062193515,"The actual output correctly identifies the date of President Johnson's speech for John XXIII as 6 December 1963, which aligns with the core truth of the expected output. However, it lacks the explicit framing of the answer as a response to the question, which is present in the expected output. While the actual output is accurate and includes relevant details from the retrieval context, it could be improved by explicitly stating that it is the answer to the posed question."
How many rooms does the palace have?,The palace has 775 rooms.,The correct answer to the question 'How many rooms does the palace have?' is: 775 rooms,0.8290822304368746,"The actual output correctly identifies the core truth by stating that the palace has 775 rooms, which aligns with the expected output. However, it lacks the explicit framing of the answer as a response to the question, which is present in the expected output. While the actual output is accurate, it could be improved by including the context of the question to enhance clarity."
What county in England was named after Hampton?,Hampshire.,The correct answer to the question 'What county in England was named after Hampton?' is: Hampshire,0.5141387709072197,"The actual output provides the correct answer 'Hampshire' but lacks the clarity and completeness of the expected output, which explicitly states the question and answer format. While it does contain the core truth, it does not include any additional relevant details from the retrieval context, which could enhance the response."
What nationality can tolerate the least amount of electric shock?,Italian women.,The correct answer to the question 'What nationality can tolerate the least amount of electric shock?' is: Italian,0.6380748972646446,"The actual output identifies 'Italian women' as the group with the least tolerance to electric shock, which aligns with the core truth of the expected output. However, it lacks the explicit context of the question and the phrasing of the expected output, which states 'Italian' without specifying 'women'. While the actual output is correct, it could be more comprehensive by including the full context of the question and the phrasing used in the expected output."
What components can be surface mounted to save space?,Small ceramic capacitors and discrete transistors can be surface mounted to save space.,The correct answer to the question 'What components can be surface mounted to save space?' is: small-sized SMD components,0.6356681493286658,"The actual output identifies specific components (small ceramic capacitors and discrete transistors) that can be surface mounted, which aligns with the core truth of the expected output. However, it lacks the broader term 'small-sized SMD components' used in the expected output, which could lead to a slight misalignment. The response does provide relevant details about the benefits of surface mounting, enhancing its comprehensiveness, but it does not fully encapsulate the expected phrasing."
Where was the Russians building a new fort?,The Russians were building a new fort at Mamelon.,The correct answer to the question 'Where was the Russians building a new fort?' is: Mamelon,0.6727118761889572,"The actual output correctly identifies the location of the new fort as Mamelon, which aligns with the core truth of the expected output. However, it lacks the explicit phrasing that directly answers the question posed in the expected output, which diminishes clarity. While the response is accurate, it could be more comprehensive by including the context of the question to enhance understanding."
What is the lowest median income in Philadelphia?,"$14,185","The correct answer to the question 'What is the lowest median income in Philadelphia?' is: $14,185",0.8863704348975372,"The actual output correctly identifies the lowest median income in Philadelphia as $14,185, which aligns with the expected output. While the expected output provides a complete sentence, the actual output succinctly delivers the core truth. It could have included a brief context or reference to the source of the information to enhance comprehensiveness, but it does not detract from the accuracy of the answer."
What is another term for the act of spying for another country?,Espionage.,The correct answer to the question 'What is another term for the act of spying for another country?' is: espionage,0.6650513072083207,"The actual output correctly identifies 'espionage' as the term for the act of spying for another country, which aligns with the core truth of the expected output. However, it lacks the additional context provided in the expected output, such as the phrasing of the question and the explicit confirmation that 'espionage' is the correct answer. While the response is accurate, it could be more comprehensive by including these details."
In what periodical was the new sovereign status of the Russian Federation first published?,Rossiyskaya Gazeta.,The correct answer to the question 'In what periodical was the new sovereign status of the Russian Federation first published?' is: Rossiyskaya Gazeta,0.7219186907321941,"The actual output correctly identifies 'Rossiyskaya Gazeta' as the source of the new sovereign status of the Russian Federation, aligning with the core truth of the expected output. However, it lacks the additional context provided in the expected output, such as the phrasing of the question and the explicit statement that this is the correct answer. While the core truth is present, the response could be improved by including more detail to enhance clarity and completeness."
What is the STA?,The Somali Telecommunication Association (STA) is a watchdog organization overseeing policy development and regulatory framework in Somalia's ICT sector.,The correct answer to the question 'What is the STA?' is: Somali Telecommunication Association,0.7858576364396693,"The actual output correctly identifies the Somali Telecommunication Association (STA) and provides additional context about its role in overseeing policy development and regulatory frameworks in Somalia's ICT sector. This aligns well with the expected output, which simply states the name of the STA. While the core truth is present, the response could be slightly more concise to match the simplicity of the expected output."
What metaphysical concepts were included in the Vedanta school? ,"Key metaphysical concepts in the Vedanta school include ātman (individual soul) and Brahman (universal consciousness/ultimate reality), emphasizing non-dualism and spiritual unity.",The correct answer to the question 'What metaphysical concepts were included in the Vedanta school? ' is: ātman and Brahman,0.8144668031511374,"The actual output correctly identifies the core metaphysical concepts of ātman and Brahman, which aligns with the expected output. It also provides additional context about non-dualism and spiritual unity, enhancing the response without deviating from the core truth. However, while the extra details are relevant, they may slightly overshadow the simplicity of the expected answer, which could be seen as a shortcoming in terms of conciseness."
Which countries initiated the Age of Exploration following the Reconquista?,Portugal and Spain initiated the Age of Exploration following the Reconquista.,The correct answer to the question 'Which countries initiated the Age of Exploration following the Reconquista?' is: Portugal and Spain,0.7893376158610117,"The actual output correctly identifies Portugal and Spain as the initiators of the Age of Exploration following the Reconquista, aligning with the core truth of the expected output. However, it lacks the explicit phrasing of the expected output, which states the answer in a more formal manner. While the actual output provides relevant historical context, it could have been more comprehensive by including the specific question format from the expected output."
Which of Alexanders commanders were the first to visit Bahrain?,Nearchus.,The correct answer to the question 'Which of Alexanders commanders were the first to visit Bahrain?' is: Nearchus,0.8057687923034879,"The actual output correctly identifies Nearchus as the answer to the question about Alexander's commanders visiting Bahrain, aligning with the core truth of the expected output. However, it lacks the additional context provided in the expected output, which explicitly states that this is the correct answer to the question. While the retrieval context offers relevant historical details about Nearchus and his connection to Bahrain, the actual output could have been more comprehensive by including a brief acknowledgment of the question it answers."
What stage of the slave trade provided slaves to Charles Town?,The Middle Passage.,The correct answer to the question 'What stage of the slave trade provided slaves to Charles Town?' is: Middle Passage,0.808861749105704,"The actual output correctly identifies 'Middle Passage' as the answer to the question about the stage of the slave trade that provided slaves to Charles Town, aligning with the expected output. However, it lacks the introductory phrase present in the expected output, which could enhance clarity. The retrieval context provides additional relevant details about the Middle Passage and its implications, which could have been included to enrich the response without detracting from the core truth."
Who stated that the character of a gas and free molecule were in ether?,Henry Pickering in 1912 stated that the interstellar absorbing medium is characteristic of a gas in ether.,The correct answer to the question 'Who stated that the character of a gas and free molecule were in ether?' is: Henry Pickering,0.5212956437956242,"The actual output correctly identifies Henry Pickering as the individual who made a statement regarding the interstellar absorbing medium, which aligns with the expected output. However, it deviates from the core truth by providing additional context about Pickering's statement rather than directly answering the question posed. While the extra detail may be relevant, it does not enhance the clarity of the response in relation to the specific question asked."
How were the recordings released for the initial five seasons?,"As compilation albums at season's end, all reached the top ten in Billboard 200.",The correct answer to the question 'How were the recordings released for the initial five seasons?' is: as a compilation album,0.7531438166538975,"The actual output correctly identifies that the recordings for the initial five seasons were released as compilation albums, which aligns with the core truth of the expected output. Additionally, it provides relevant details about the success of these albums on the Billboard 200, enhancing the context. However, it could be more concise by omitting the Billboard ranking, which, while interesting, is not essential to answering the core question."
What other newspaper was accused of bias?,Libération.,The correct answer to the question 'What other newspaper was accused of bias?' is: Libération,0.8156248422144874,"The actual output correctly identifies 'Libération' as the answer to the question about the newspaper accused of bias, aligning with the core truth of the expected output. However, it lacks the additional context provided in the expected output, which explicitly states the question and the format of the answer. While the actual output is concise, it could benefit from a more structured presentation that mirrors the expected output's clarity."
Which port in Melborne is the busiest seaport for containerised and general cargo?,Port of Melbourne.,The correct answer to the question 'Which port in Melborne is the busiest seaport for containerised and general cargo?' is: Port of Melbourne,0.8233963231512564,"The actual output correctly identifies the Port of Melbourne as the busiest seaport for containerised and general cargo, aligning with the core truth of the expected output. However, it lacks the introductory context that the expected output provides, which explicitly states the question being answered. While the actual output is concise, it could benefit from a more comprehensive presentation that includes the question for clarity."
What is commonly used for the basketball courts the NBA plays on?,Parquetry.,The correct answer to the question 'What is commonly used for the basketball courts the NBA plays on?' is: parquetry,0.8347303776015389,"The actual output correctly identifies 'parquetry' as the material used for NBA basketball courts, aligning with the core truth of the expected output. However, it lacks the additional context provided in the expected output, which explicitly states the question being answered. While the response is accurate and concise, it could be improved by including the context of the question to enhance clarity."
What example of post-translational modification of a protein was first described in 1961?,The first example of post-translational modification described in 1961 was protein phosphorylation.,The correct answer to the question 'What example of post-translational modification of a protein was first described in 1961?' is: The regulation of lactose metabolism genes in E. coli,0.05418039644431559,"The actual output does not address the expected output at all. The expected output specifically asks for an example of post-translational modification described in 1961, which is the regulation of lactose metabolism genes in E. coli, while the actual output incorrectly states that protein phosphorylation was the first example. This indicates a complete misalignment with the core truth of the expected output."
What did early American leaders worry a large standing army would involve America in?,Early American leaders worried a large standing army would involve America in excessive foreign wars and allow a domestic tyrant to seize power.,The correct answer to the question 'What did early American leaders worry a large standing army would involve America in?' is: foreign wars,0.7849753617462617,"The actual output correctly identifies the core truth that early American leaders worried a large standing army would involve America in excessive foreign wars, which aligns with the expected output. However, it includes additional context about the potential for a domestic tyrant to seize power, which, while relevant, slightly deviates from the core question focused solely on foreign wars. Overall, the response is comprehensive and informative, addressing the main concern effectively."
What highway connecting Kathmandu to elsewhere in Nepal is currently being built?,"The BP Highway is currently under construction, connecting Kathmandu to eastern Nepal.",The correct answer to the question 'What highway connecting Kathmandu to elsewhere in Nepal is currently being built?' is: BP,0.7507981548554056,"The actual output correctly identifies the BP Highway as currently under construction and its connection from Kathmandu to eastern Nepal, which aligns with the core truth of the expected output. However, it lacks the explicit mention of the question format and the direct answer 'BP', which is a minor shortcoming. The additional context about the highway's construction is relevant and enhances the response without deviating from the core truth."
what tiny island was house music also being devloped on?,Ibiza.,The correct answer to the question 'what tiny island was house music also being devloped on?' is: Ibiza,0.8149782434340119,"The actual output correctly identifies Ibiza as the answer to the question about the tiny island where house music was developed, aligning with the core truth of the expected output. However, it lacks the additional context provided in the expected output, which explicitly states the question and the phrase 'The correct answer is:'. While the response is accurate, it could be improved by including more detail or context to enhance its comprehensiveness."
Who recorded early records of migration?,"Ancient Greek authors (Hesiod, Homer, Herodotus, Aristotle) and the Bible (Book of Job, Jeremiah) recorded early migration.",The correct answer to the question 'Who recorded early records of migration?' is: Ancient Greek writers,0.7663887061267208,"The actual output correctly identifies Ancient Greek authors as recorders of early migration, aligning with the core truth of the expected output. It provides additional relevant details by naming specific authors (Hesiod, Homer, Herodotus, Aristotle) and mentioning the Bible, which enhances the context. However, it could be seen as slightly more detailed than necessary, as the expected output is more concise, focusing solely on 'Ancient Greek writers.' Overall, the core question is answered correctly, justifying a high score."
What is the largest Anglican church in Nigeria?,The largest Anglican church in Nigeria is the Church of Nigeria of the Anglican Communion.,The correct answer to the question 'What is the largest Anglican church in Nigeria?' is: the Church of Nigeria of the Anglican Communion,0.8330962516653202,"The actual output correctly identifies the largest Anglican church in Nigeria, aligning with the core truth of the expected output. However, it lacks the explicit phrasing 'The correct answer to the question...' which would enhance clarity and directly match the expected format. The response is clear and accurate, but the absence of this phrasing slightly detracts from its alignment with the expected output."
"In what year did the ""Revolution within a Revolution"" begin?",1973,"The correct answer to the question 'In what year did the ""Revolution within a Revolution"" begin?' is: 1987",0.1409213492876598,"The actual output provides a year (1973) that is incorrect in relation to the expected output (1987). While the retrieval context discusses events related to revolutions, it does not support the actual output's claim. The core truth of the expected output is not present, and the actual output fails to address the question accurately."
In theory how were all polish noblemen viewed?,"In theory, all Polish noblemen were viewed as social equals and legal peers.",The correct answer to the question 'In theory how were all polish noblemen viewed?' is: equals,0.6976980644397937,"The actual output correctly identifies that Polish noblemen were viewed as social equals, which aligns with the core truth of the expected output. However, it lacks the succinctness of the expected answer, which simply states 'equals.' While the additional context provided in the actual output is relevant and informative, it detracts from the clarity and directness of the response, which could have been more concise to match the expected format."
What type of Judaism advocated segregation from non-Jewish culture?,Haredi Judaism.,The correct answer to the question 'What type of Judaism advocated segregation from non-Jewish culture?' is: Haredi Judaism,0.7676523848793126,"The actual output correctly identifies 'Haredi Judaism' as the answer to the question about the type of Judaism advocating segregation from non-Jewish culture, which aligns with the core truth of the expected output. However, it lacks the additional context provided in the expected output, which explicitly states the question and the format of the answer. While the core truth is present, the response could be improved by including more detail or context to enhance clarity."
 What can be credited for the changes in the definition of humanism? ,"The changes in the definition of humanism can be credited to: 

1. Successive intellectual movements
2. Historical context (like the French Revolution)
3. Evolution from classical learning to modern ethical philosophy
4. Detachment from religion and supernatural beliefs
5. Influence of critics and philosophical debates (e.g., Left Hegelians, postmodern critics)",The correct answer to the question ' What can be credited for the changes in the definition of humanism? ' is: intellectual movements,0.704923974149134,"The actual output identifies multiple factors contributing to the changes in the definition of humanism, which aligns with the core truth of the expected output that attributes these changes to intellectual movements. However, while it provides a more comprehensive view, it diverges from the simplicity of the expected answer by listing several points instead of focusing solely on 'intellectual movements'. This additional detail is relevant but may overwhelm the core answer."
What was the event that ended religious unity in the Western Church?,The Protestant Reformation.,The correct answer to the question 'What was the event that ended religious unity in the Western Church?' is: the Protestant Reformation,0.6524601023846825,"The actual output correctly identifies the Protestant Reformation as the event that ended religious unity in the Western Church, aligning with the core truth of the expected output. However, it lacks the additional context provided in the expected output, such as the phrasing 'the correct answer to the question' and the explicit mention of the question itself. While the actual output is accurate, it could be more comprehensive by including these details to enhance clarity and context."
Thomas J. Watson Sr. was fired from what company?,National Cash Register Company (NCR).,The correct answer to the question 'Thomas J. Watson Sr. was fired from what company?' is: National Cash Register Company,0.7728849617306521,"The actual output correctly identifies the National Cash Register Company as the answer to the question about Thomas J. Watson Sr.'s firing, aligning with the core truth of the expected output. However, it lacks the additional context provided in the expected output, which explicitly states that this is the correct answer to the question. While the actual output is concise, it could benefit from a more explicit connection to the question asked."
This species relies on other species to provide a reproductive host for their offspring.,Brood parasites.,The correct answer to the question 'This species relies on other species to provide a reproductive host for their offspring.' is: ichneumon wasps,0.24938144648617944,"The actual output 'Brood parasites' does not directly answer the expected output regarding ichneumon wasps as the reproductive host. While it touches on a related concept, it fails to provide the specific answer required and lacks the necessary context to clarify the relationship between brood parasitism and the expected species. The response is too vague and does not align with the core truth of the expected output."
Where are equine events hosted?,Equine events are hosted at Remington Park and state fairgrounds.,The correct answer to the question 'Where are equine events hosted?' is: state fairgrounds,0.7575182994970964,"The actual output correctly identifies that equine events are hosted at both Remington Park and state fairgrounds, which aligns with the core truth of the expected output. However, the expected output specifies only 'state fairgrounds' as the answer, which is less comprehensive than the actual output. While the actual output provides additional relevant details, it could have been more concise to match the expected output's focus."
What is one way you could group pesticides?,"Pesticides can be grouped by their biological mechanism, function, or application method.",The correct answer to the question 'What is one way you could group pesticides?' is: application method,0.5559622125261159,"The actual output identifies a valid way to group pesticides, mentioning both biological mechanism and application method, which aligns with the expected output's focus on application method. However, it does not directly answer the question as clearly as the expected output, which specifically states 'application method' as the answer. While the actual output provides additional context, it lacks the precision of the expected response."
What type of motor is used?,"Electric motors, including DC, AC, universal, and synchronous motors.",The correct answer to the question 'What type of motor is used?' is: high-speed drive motor,0.2863453048994697,"The actual output lists types of electric motors but fails to address the specific question about the type of motor used, which is identified in the expected output as a 'high-speed drive motor.' While the actual output provides relevant information about various motor types, it does not include the core truth of the expected output, leading to a significant misalignment."
What war was 'Saving Private Ryan' about?,World War II.,The correct answer to the question 'What war was 'Saving Private Ryan' about?' is: World War II,0.7594400159033069,"The actual output correctly identifies the core truth by stating 'World War II', which aligns with the expected output. However, it lacks the additional context and clarity provided in the expected output, such as explicitly stating that it is the answer to the question about the film 'Saving Private Ryan'. While the core truth is present, the response could be improved by including more detail to enhance comprehension."
When did the Governing Council define price stability?,The Governing Council defined price stability in October 1998.,The correct answer to the question 'When did the Governing Council define price stability?' is: October 1998,0.7654571224870776,"The actual output correctly identifies the date when the Governing Council defined price stability, which aligns with the core truth of the expected output. However, it lacks the explicit phrasing of the expected output, which states it as a direct answer to the question. While the actual output is accurate and includes relevant context, it could be improved by more clearly framing the information as a response to the posed question."
Where are green eyes most common?,Green eyes are most common in Northern and Central Europe.,The correct answer to the question 'Where are green eyes most common?' is: Northern and Central Europe,0.8130291510897235,"The actual output correctly identifies that green eyes are most common in Northern and Central Europe, which aligns with the expected output. However, it lacks the explicit phrasing of the question and answer format present in the expected output. While it provides relevant context about the prevalence of green eyes, it does not fully adhere to the expected structure, which slightly detracts from its completeness."
How long are females required to go to school?,Females are required to go to school from ages 7 to 13.,The correct answer to the question 'How long are females required to go to school?' is: 11 years,0.5020688804867068,"The actual output correctly identifies the age range (7 to 13) for compulsory schooling, which aligns with the core truth of the expected output. However, it fails to provide the total duration of schooling (11 years) as explicitly stated in the expected output. While it includes relevant details about the age requirement, it does not fully answer the question posed, resulting in a partial alignment with the evaluation steps."
What are the programs that gives credit to households for delivering electricity to the grid called?,Net metering programs.,The correct answer to the question 'What are the programs that gives credit to households for delivering electricity to the grid called?' is: Net metering programs,0.8048412997983506,"The actual output correctly identifies 'Net metering programs' as the answer to the question about programs that give credit to households for delivering electricity to the grid, aligning well with the expected output. However, it lacks the introductory phrase that clearly states it as the answer, which slightly diminishes its clarity. The retrieval context provides additional relevant details about net metering, enhancing the understanding of the concept, but the actual output does not incorporate these details, which could have made it more comprehensive."
Where did hundreds of pro-Tibet protesters meet?,At the Trocadéro in Paris.,The correct answer to the question 'Where did hundreds of pro-Tibet protesters meet?' is: the Trocadéro,0.8070269269125452,"The actual output correctly identifies the location of the protest, aligning with the core truth of the expected output. It provides a concise answer, but lacks additional relevant details from the retrieval context that could enhance the response, such as mentioning the presence of notable figures or the nature of the protest. While it is accurate, it could be more comprehensive without deviating from the core truth."
Which government was overthrown during the October Revolution?,The Russian Provisional Government.,The correct answer to the question 'Which government was overthrown during the October Revolution?' is: the Russian Provisional Government,0.772835091483766,"The actual output correctly identifies the Russian Provisional Government as the entity overthrown during the October Revolution, aligning with the core truth of the expected output. However, it lacks the additional context provided in the expected output, such as the phrasing of the question and the explicit confirmation that it is the correct answer. While the response is accurate, it could be more comprehensive by including these details."
What may have occurred if the war was expanded to the Soviet Union?,"If the war had expanded to the Soviet Union, it could have led to a direct conflict between the Axis powers and the USSR, potentially resulting in massive casualties, further territorial losses for Russia, and an earlier collapse of the Soviet regime. The outcome might have altered alliances and accelerated the global spread of communism or intensified the Cold War dynamics.",The correct answer to the question 'What may have occurred if the war was expanded to the Soviet Union?' is: atomic warfare,0.24711493077429184,"The actual output discusses potential consequences of a war expanding to the Soviet Union, such as massive casualties and altered alliances, but it fails to address the core truth of the expected output, which is specifically about atomic warfare. While it provides some relevant context about the Soviet Union's military weaknesses, it does not enhance understanding of the expected answer and instead diverges from the main point."
Which website criticized Apple's battery life claims?,MP3.com criticized Apple's battery life claims.,The correct answer to the question 'Which website criticized Apple's battery life claims?' is: MP3.com,0.773905661103196,"The actual output correctly identifies MP3.com as the entity that criticized Apple's battery life claims, which aligns with the core truth of the expected output. However, it lacks the explicit phrasing that directly answers the question posed in the expected output, which could enhance clarity. The additional context provided in the retrieval context supports the claim but is not included in the actual output, which could have further enriched the response."
Are treaties permanently binding upon the signatory parties?,"No, treaties are not necessarily permanently binding; some allow withdrawal under specific conditions, while others forbid it.",The correct answer to the question 'Are treaties permanently binding upon the signatory parties?' is: not necessarily,0.7979646685316778,"The actual output correctly identifies that treaties are not necessarily permanently binding, which aligns with the core truth of the expected output. However, while it provides additional context about conditions for withdrawal, it could be more concise to match the expected output's directness. The response is informative but slightly diverges from the simplicity of the expected answer."
What business development did the British use to establish a hold on the global cotton market?,"The British established a hold on the global cotton market by implementing mercantile policies that forced Indian markets to supply raw cotton while purchasing manufactured textiles from Britain, alongside improvements in cotton processing technology like the cotton gin.",The correct answer to the question 'What business development did the British use to establish a hold on the global cotton market?' is: commercial chain,0.40892303566790644,"The actual output provides a detailed explanation of the British mercantile policies and technological advancements that contributed to their dominance in the cotton market, which aligns with the broader context. However, it fails to directly address the core truth of the expected output, which is the term 'commercial chain.' While the actual output is informative, it does not succinctly answer the specific question posed, leading to a lower score."
On what day were beer houses closed?,Beer houses were closed on Sundays.,The correct answer to the question 'On what day were beer houses closed?' is: Sundays,0.7258680292574893,"The actual output correctly identifies the day beer houses were closed, aligning with the core truth of the expected output. However, it lacks the explicit phrasing of the expected output, which states the answer in a more formal manner. While the actual output is accurate, it does not provide additional context or details from the retrieval context that could enhance understanding, such as the reasons behind the closure on Sundays."
Most town people lived in what type of houses?,Most town people lived in rows of identical terraced houses.,The correct answer to the question 'Most town people lived in what type of houses?' is: terraced houses,0.6345660597437696,"The actual output identifies the type of houses as 'terraced houses,' which aligns with the core truth of the expected output. However, it lacks the explicit phrasing of the question and answer format present in the expected output, which diminishes clarity. While the retrieval context provides relevant background on the prevalence of terraced houses, the actual output does not incorporate any of this additional context, missing an opportunity to enhance understanding."
What is the one way Hayek argued that resource distribution could succeed?,Hayek argued that resource distribution could succeed only through the price mechanism in free markets.,The correct answer to the question 'What is the one way Hayek argued that resource distribution could succeed?' is: through the price mechanism in free markets,0.7940457254451407,"The actual output correctly identifies the core truth by stating that Hayek argued resource distribution could succeed through the price mechanism in free markets, which aligns with the expected output. However, it lacks the explicit framing of the answer as a response to the question, which is a minor shortcoming. The output could also benefit from additional context or details from the retrieval context to enhance its comprehensiveness, but it remains focused on the core truth."
What city does San Diego come in second to in the biotech industry?,San Diego is second to the Boston area in the biotech industry.,The correct answer to the question 'What city does San Diego come in second to in the biotech industry?' is: Boston,0.7704511405048295,"The actual output correctly identifies Boston as the city that San Diego comes in second to in the biotech industry, aligning with the core truth of the expected output. However, it lacks the explicit phrasing of the question and the format of the expected output, which diminishes its clarity. The additional context about San Diego's biotech industry enhances the response but could be seen as slightly verbose for the specific question asked."
"In 2008, Melbourne overtook what city with the amount of money that domestic tourists spent in the city?",Melbourne overtook Sydney.,"The correct answer to the question 'In 2008, Melbourne overtook what city with the amount of money that domestic tourists spent in the city?' is: Sydney",0.7732476322177823,"The actual output correctly identifies that Melbourne overtook Sydney, which aligns with the core truth of the expected output. However, it lacks the explicit context of the year 2008 and the specific financial details regarding domestic tourist spending, which are crucial for full alignment with the expected output. While the statement is accurate, it could be enhanced by including these additional details to provide a clearer understanding."
What is the floor space of the palace?,"77,000 m² (830,000 sq ft)","The correct answer to the question 'What is the floor space of the palace?' is: 77,000 m2 (830,000 sq ft)",0.8863877631193594,"The actual output accurately presents the core truth of the expected output by providing the correct floor space of the palace in both metric and imperial units. It aligns closely with the expected answer format, although it lacks the introductory phrase 'The correct answer to the question...' which would enhance clarity. The retrieval context supports the output by confirming the floor space measurement, adding credibility to the information provided."
What type of precipitation is the Piedmont known for?,The Piedmont is known for sleet and freezing rain.,The correct answer to the question 'What type of precipitation is the Piedmont known for?' is: sleet and freezing rain,0.7804060563677979,"The actual output correctly identifies sleet and freezing rain as the types of precipitation the Piedmont is known for, aligning with the core truth of the expected output. However, it lacks the explicit phrasing of the expected output, which states the answer in a more formal manner. While the actual output is accurate and relevant, it could be improved by incorporating the structure of the expected output for clarity."
What mode of transport is encouraged in Central Tuscon?,Biking.,The correct answer to the question 'What mode of transport is encouraged in Central Tuscon?' is: bicycle,0.39116613890245805,"The actual output identifies 'Biking' as a mode of transport, which aligns with the core truth of the expected output that encourages the use of bicycles in Central Tucson. However, it lacks the specificity and clarity of the expected output, which explicitly states 'bicycle' and provides context for why it is encouraged. The actual output does not incorporate additional relevant details from the retrieval context, missing an opportunity to enhance the response with supporting information about the bike-friendly infrastructure in Tucson."
How many women are members of the Sweet Adelines?,"Nearly 25,000 women.","The correct answer to the question 'How many women are members of the Sweet Adelines?' is: nearly 25,000",0.8042020324388204,"The actual output correctly identifies the core truth regarding the membership of nearly 25,000 women in Sweet Adelines, aligning well with the expected output. However, it lacks the explicit context of the question, which diminishes clarity. Including the phrase 'The correct answer to the question...' would enhance understanding without detracting from the core message."
What interstate highways cross the Grand Division in Tennessee?,"I-24, I-81, I-40, I-75, and I-26.","The correct answer to the question 'What interstate highways cross the Grand Division in Tennessee?' is: I-24, I-81, I-40, I-75, and I-26",0.9691345749982425,"The actual output correctly lists all the interstate highways that cross the Grand Division in Tennessee, matching the expected output precisely. It maintains the core truth of the question and does not deviate from it. Additionally, the retrieval context supports the answer by providing relevant details about the highways, enhancing the comprehensiveness of the response without straying from the main question."
What was another requirement of foreign players?,Foreign players must have played in 75% of their country's competitive matches and their country should have an average FIFA ranking of at least 70th over the previous two years.,The correct answer to the question 'What was another requirement of foreign players?' is: his country must have averaged at least 70th place in the official FIFA world rankings over the previous two years.,0.8573777756257002,"The actual output correctly identifies the requirement regarding the FIFA ranking, which aligns with the core truth of the expected output. It also includes the additional detail about the 75% participation in competitive matches, which is relevant and does not deviate from the core truth. However, the expected output is more concise and directly answers the question, while the actual output is slightly more detailed, which may not be necessary for the context."
Who is an example of a major anti-piracy organization?,The Business Software Alliance (BSA) is a major anti-piracy organization.,The correct answer to the question 'Who is an example of a major anti-piracy organization?' is: the BSA,0.7849978919073036,"The actual output correctly identifies the BSA as a major anti-piracy organization, which aligns with the core truth of the expected output. However, it lacks the explicit phrasing of the expected output, which directly states the answer to the question. While the response is accurate and relevant, it could be improved by more closely mirroring the expected format."
Which regime did Güshi Khan help establish? ,Güshi Khan helped establish the Ganden Phodrang regime.,The correct answer to the question 'Which regime did Güshi Khan help establish? ' is: the Ganden Phodrang,0.8244655676367838,"The actual output correctly identifies that Güshi Khan helped establish the Ganden Phodrang regime, which aligns with the expected output. However, it lacks the explicit phrasing of the expected output, which includes the question format and the phrase 'the correct answer is'. While the core truth is present, the response could be improved by mirroring the expected output's structure more closely."
What historian was quoted as saying that London had all the necessary characteristics to be a major capital city?,Frank Stenton.,The correct answer to the question 'What historian was quoted as saying that London had all the necessary characteristics to be a major capital city?' is: Frank Stenton,0.8819757797596935,"The actual output correctly identifies Frank Stenton as the historian quoted regarding London's characteristics as a major capital city, aligning well with the expected output. While the response is concise, it lacks the explicit framing of the answer as a response to the question posed, which is present in the expected output. However, it does not detract from the core truth being accurately represented."
What language is the source of the term Catellain?,French.,The correct answer to the question 'What language is the source of the term Catellain?' is: French,0.760643955765935,"The actual output correctly identifies 'French' as the language related to the term 'Catellain', which aligns with the expected output. However, it lacks the additional context provided in the retrieval context that could enhance understanding, such as the historical usage of the term and its etymology. While the core truth is present, the response could be improved by incorporating relevant details from the retrieval context to provide a more comprehensive answer."
What type of tradition includes ceremonial music used in funerals?,Folk traditions.,The correct answer to the question 'What type of tradition includes ceremonial music used in funerals?' is: folk,0.5690239866903409,"The actual output 'Folk traditions.' captures the core truth of the expected output by identifying the type of tradition related to ceremonial music used in funerals. However, it lacks the specificity and context provided in the expected output, which explicitly states 'folk' and connects it to the question. While the retrieval context mentions 'ceremonial music used in funerals' as part of folk traditions, the actual output does not elaborate on this, resulting in a less comprehensive response."
Who killed Filiberto Ojeda Ríos?,Filiberto Ojeda Ríos was killed by FBI agents.,The correct answer to the question 'Who killed Filiberto Ojeda Ríos?' is: FBI agents,0.8108062777726575,"The actual output correctly identifies that Filiberto Ojeda Ríos was killed by FBI agents, which aligns with the core truth of the expected output. However, it lacks the explicit phrasing of the expected output, which states 'The correct answer to the question... is: FBI agents.' While the actual output is accurate, it could be improved by mirroring the expected format more closely. The retrieval context provides additional relevant details about the incident, but they are not included in the actual output, which could enhance the comprehensiveness of the response."
What converts absorbed light energy into an electric current?,A P-N junction converts absorbed light energy into an electric current.,The correct answer to the question 'What converts absorbed light energy into an electric current?' is: P-N junction,0.7755307734215048,"The actual output correctly identifies that a P-N junction converts absorbed light energy into an electric current, which aligns with the core truth of the expected output. However, it provides additional details about the process and related phenomena, such as electroluminescence, which, while informative, slightly deviates from the simplicity of the expected answer. Overall, the core question is answered correctly, and the additional context enhances understanding."
What act was the bureau initially tasked with enforcing?,The Mann Act (White Slave Traffic Act).,The correct answer to the question 'What act was the bureau initially tasked with enforcing?' is: White Slave Traffic Act,0.7436432856069344,"The actual output correctly identifies the Mann Act as the 'White Slave Traffic Act,' which aligns with the core truth of the expected output. However, it lacks the explicit phrasing that directly answers the question posed in the expected output, which diminishes clarity. The retrieval context provides relevant background information about the bureau's initial task, enhancing understanding, but the actual output could have been more comprehensive by including a direct reference to the question asked."
When was the quantum mechanical treatment of the hydrogen atom developed?,The quantum mechanical treatment of the hydrogen atom was developed in the mid-1920s.,The correct answer to the question 'When was the quantum mechanical treatment of the hydrogen atom developed?' is: 1920s,0.6717074755635165,"The actual output correctly identifies the mid-1920s as the time when the quantum mechanical treatment of the hydrogen atom was developed, aligning with the core truth of the expected output. However, it lacks the succinctness of the expected output, which simply states '1920s.' While the additional context provided in the actual output is relevant and informative, it could be seen as detracting from the clarity of the core answer."
When did Napoleon Bonaparte gain power as the First Consul?,Napoleon Bonaparte gained power as the First Consul on 9 November 1799.,The correct answer to the question 'When did Napoleon Bonaparte gain power as the First Consul?' is: 9 November 1799,0.8584527062193515,"The actual output correctly identifies the date when Napoleon Bonaparte gained power as the First Consul, which aligns with the core truth of the expected output. However, it lacks the explicit framing of the answer as a response to the question, which is present in the expected output. While the actual output is accurate and provides the necessary information, it could be improved by incorporating a more direct reference to the question format."
Why is zinc oxide used in nuclear reactors?,"Zinc oxide is used in nuclear reactors as an anti-corrosion agent, and it is depleted of the isotope 64Zn to prevent the production of radioactive 65Zn.",The correct answer to the question 'Why is zinc oxide used in nuclear reactors?' is: anti-corrosion agent,0.7802113284309456,"The actual output correctly identifies zinc oxide as an anti-corrosion agent, which aligns with the core truth of the expected output. Additionally, it provides relevant details about the depletion of the isotope 64Zn to prevent the production of radioactive 65Zn, enhancing the context without deviating from the main answer. However, the response could be more concise, as the additional information, while relevant, may distract from the simplicity of the expected answer."
"What other date is 25 October known for, that keeps the Battle of Agincourt on 25 October,1415?",25 October is known as Saint Crispin's Day.,"The correct answer to the question 'What other date is 25 October known for, that keeps the Battle of Agincourt on 25 October,1415?' is: Saint Crispin's Day",0.7936618529442608,"The actual output correctly identifies 25 October as Saint Crispin's Day, which aligns with the core truth of the expected output. However, it lacks the explicit phrasing that directly answers the question posed in the expected output, which could enhance clarity. The additional context provided in the retrieval context about the Battle of Agincourt is relevant but not utilized in the actual output, which could have further enriched the response."
What Seven Wonder of the Ancient world was built by the Archaemenid Empire in the 4th Century BC?,The Mausoleum at Halicarnassus.,The correct answer to the question 'What Seven Wonder of the Ancient world was built by the Archaemenid Empire in the 4th Century BC?' is: the Mausoleum at Halicarnassus,0.8057687920251684,"The actual output correctly identifies the Mausoleum at Halicarnassus as the answer to the question, aligning with the core truth of the expected output. However, it lacks the additional context provided in the expected output, such as the phrasing of the question and the specific mention of the Archaemenid Empire and the 4th Century BC, which would enhance clarity and completeness. While the core question is answered correctly, the response could be more comprehensive."
How prevalent is Principia Mathematica today?,Principia Mathematica is widely held in major academic libraries worldwide.,The correct answer to the question 'How prevalent is Principia Mathematica today?' is: today there is likely no major academic library in the world which does not hold a copy of Principia Mathematica,0.8088617485093288,"The actual output correctly identifies that Principia Mathematica is widely held in major academic libraries, which aligns with the core truth of the expected output. However, it lacks the explicit emphasis on the universality of this claim ('no major academic library in the world which does not hold a copy'), which slightly diminishes its alignment with the expected output. The additional context provided enhances understanding but does not directly address the core question as thoroughly as the expected output."
About how many cultural and artistic organizations are in New York City?,"More than 2,000 cultural and arts organizations.","The correct answer to the question 'About how many cultural and artistic organizations are in New York City?' is: 2,000",0.7838906193749181,"The actual output correctly identifies that there are more than 2,000 cultural and arts organizations in New York City, which aligns with the core truth of the expected output. However, it lacks the specificity of stating '2,000' directly, which is the exact figure requested. The additional detail about the number being 'more than 2,000' adds context but slightly diverges from the expected phrasing. Overall, the response is relevant and informative, maintaining the core truth while providing extra detail."
How was the 2008 stimulus plan payed for?,The 2008 stimulus plan was financed by city bonds and about 15% of the wagering tax.,The correct answer to the question 'How was the 2008 stimulus plan payed for?' is: earmarking about 15% of the wagering tax,0.7615351698316439,"The actual output correctly identifies that the 2008 stimulus plan was financed by city bonds and earmarking about 15% of the wagering tax, which aligns with the core truth of the expected output. However, while it includes the financing method, it does not explicitly state that the earmarking of the wagering tax is the primary answer to the question, which slightly detracts from its clarity. The additional detail about city bonds is relevant and enhances the response, making it more comprehensive than the expected output."
As of May 2010 how many total video views had youtube attained?,Over 14 billion views.,The correct answer to the question 'As of May 2010 how many total video views had youtube attained?' is: 14 billion,0.6274458046485771,"The actual output provides the core truth of the expected output by stating 'Over 14 billion views,' which aligns with the expected answer of '14 billion.' However, it lacks the clarity and completeness of the expected output, which explicitly states the context of the question. While it does convey the essential information, it does not fully articulate the answer in the same structured manner as the expected output, which diminishes its effectiveness."
How many travelers pass through Waterloo station yearly?,Over 184 million.,The correct answer to the question 'How many travelers pass through Waterloo station yearly?' is: over 184 million,0.8108062764484497,"The actual output provides the correct numerical answer to the question about Waterloo station's yearly travelers, aligning well with the expected output. However, it lacks the complete phrasing found in the expected output, which could enhance clarity. While the core truth is present, the absence of the introductory phrase diminishes the overall completeness of the response."
"In 1960, what group made up 16.45% of Tennessee's population?",African Americans.,"The correct answer to the question 'In 1960, what group made up 16.45% of Tennessee's population?' is: African Americans",0.839339498051537,"The actual output correctly identifies 'African Americans' as the group that made up 16.45% of Tennessee's population in 1960, aligning with the core truth of the expected output. However, it lacks the additional context provided in the expected output, which explicitly states the question and the percentage, making it less comprehensive. While the response is accurate, it could have included more detail to enhance clarity and context."
What is the Western Front?,"The Western Front typically refers to the main battlefront during World War I, where forces fought primarily in Western Europe, particularly in France and Belgium.","The correct answer to the question 'What is the Western Front?' is: a system of opposing manned trenches and fortifications (separated by a ""No man's land"") running from the North Sea to the border of Switzerland.",0.4305441872083022,"The actual output provides a general overview of the Western Front during World War I, mentioning its location and the countries involved. However, it lacks the specific detail about the system of trenches and fortifications that defines the core truth of the expected output. While it does address the topic, it does not fully capture the essence of what the Western Front is, resulting in a less comprehensive answer than expected."
What percentage accounts for the total number people living in Hiiumaa that are ethnic Estonians?,"In Hiiumaa, 98.4% of the population are ethnic Estonians.",The correct answer to the question 'What percentage accounts for the total number people living in Hiiumaa that are ethnic Estonians?' is: 98.4%,0.8443110988663054,"The actual output correctly identifies the core truth by stating that 98.4% of the population in Hiiumaa are ethnic Estonians, which aligns with the expected output. However, it lacks the explicit phrasing of the question and the phrase 'The correct answer to the question...' that is present in the expected output. While it provides the correct percentage, it does not fully mirror the expected format, which slightly detracts from its completeness."
What type of wood did Edison use in his improved filament?,Edison used carbonized bamboo for his improved filament.,The correct answer to the question 'What type of wood did Edison use in his improved filament?' is: bamboo,0.6481289980744968,"The actual output correctly identifies that Edison used carbonized bamboo for his filament, which aligns with the core truth of the expected output. However, it does not explicitly answer the question regarding the type of wood, which is 'bamboo' as stated in the expected output. While the additional detail about carbonized bamboo is relevant, it could have been more directly linked to the question asked."
What made digimon different from similar digital pets?,"Digimon allowed battles, evolution, and player customization, focusing on a narrative with ""Tamer"" characters, unlike traditional digital pets.",The correct answer to the question 'What made digimon different from similar digital pets?' is: being more difficult and being able to fight other Digimon v-pets,0.5662752472783984,"The actual output identifies some key differences between Digimon and traditional digital pets, such as battles and player customization, which aligns with the expected output's focus on difficulty and fighting capabilities. However, it does not explicitly mention the aspect of being 'more difficult' or the fighting element as clearly as the expected output, which detracts from its alignment. The additional context about narrative and Tamer characters, while relevant, does not directly address the core truth of the expected output."
Where did Kerry earn his 2nd Purple Heart?,Bồ Đề River.,The correct answer to the question 'Where did Kerry earn his 2nd Purple Heart?' is: on the Bồ Đề River,0.582184049247793,"The actual output identifies the Bồ Đề River, which is the core truth of the expected output regarding where Kerry earned his 2nd Purple Heart. However, it lacks the comprehensive context and clarity provided in the expected output, which explicitly states the question and provides a complete answer. While the actual output is correct, it does not fully align with the expected format or detail level."
Prince Alexander was the second son of whom? ,Prince Alexander was the second son of the Prince of Orange.,The correct answer to the question 'Prince Alexander was the second son of whom? ' is: Prince of Orange,0.5272762699156748,"The actual output correctly identifies Prince Alexander as the second son of the Prince of Orange, which aligns with the core truth of the expected output. However, it lacks the explicit phrasing of the question and the direct answer format requested in the expected output. While it provides accurate information, it does not fully meet the clarity and structure expected."
"Which book of literature standards suggests capitalizing the first word and all nouns, pronouns, adjectives, verbs, and adverbs?",R. M. Ritter's Oxford Manual of Style (2002).,"The correct answer to the question 'Which book of literature standards suggests capitalizing the first word and all nouns, pronouns, adjectives, verbs, and adverbs?' is: R. M. Ritter's Oxford Manual of Style",0.6977499558376706,"The actual output correctly identifies the book title, which aligns with the core truth of the expected output. However, it lacks the introductory context that specifies the question being answered, which diminishes clarity. While the retrieval context provides relevant details about capitalization rules, the actual output does not incorporate any of this additional information, which could enhance its comprehensiveness."
What year did rebecca host the match? ,The information provided does not mention Rebecca hosting any match.,The correct answer to the question 'What year did rebecca host the match? ' is: for the 2010–11 to 2012–13 season,0.22697195630739536,"The actual output correctly identifies that Rebecca did not host any match, which aligns with the core truth of the expected output. However, it fails to provide the specific information regarding the years Rebecca hosted, which is crucial to fully answering the question. The response lacks the necessary detail from the expected output, resulting in a low score despite acknowledging the absence of hosting information."
"What forces measurement attempts to choose between trade-offs, in quanta?","Uncertainty in measurement forces trade-offs, typically either-or choices, as observed in concepts like Fourier analysis.","The correct answer to the question 'What forces measurement attempts to choose between trade-offs, in quanta?' is: either-or nature of uncertainty",0.6410280337750937,"The actual output captures the core truth of the expected output by addressing the either-or nature of uncertainty in measurement. However, it lacks the explicit mention of 'trade-offs, in quanta' as stated in the expected output, which diminishes its alignment. While it provides relevant context about Fourier analysis, it does not fully encapsulate the expected answer's phrasing or completeness."
Where did the MDNA Tour start?,"The MDNA Tour started in Tel Aviv, Israel.","The correct answer to the question 'Where did the MDNA Tour start?' is: Tel Aviv, Israel",0.8879127837507349,"The actual output correctly identifies the starting location of the MDNA Tour as Tel Aviv, Israel, which aligns with the expected output. While it lacks the explicit phrasing of the expected output, it effectively conveys the core truth. The additional context about the tour's success enhances understanding without detracting from the main answer."
"Dutch people didn't have an officially established word for the ""Dutch"" language until what century?",19th century.,"The correct answer to the question 'Dutch people didn't have an officially established word for the ""Dutch"" language until what century?' is: 19th",0.7999999999999999,"The actual output correctly identifies the 19th century as the answer to the question about when the Dutch language was officially established, aligning with the core truth of the expected output. However, it lacks the additional context provided in the expected output, which explicitly states the question and the phrase 'The correct answer to the question...'. While the actual output is concise, it could benefit from a more comprehensive presentation that includes the question for clarity."
What is the nickname given to A.C. Milan?,I rossoneri,The correct answer to the question 'What is the nickname given to A.C. Milan?' is: i rossoneri,0.8290641896006801,"The actual output correctly identifies the nickname 'i rossoneri' for A.C. Milan, which aligns with the core truth of the expected output. However, it lacks the introductory phrase present in the expected output, which provides context for the answer. While the actual output is concise, it could benefit from a more comprehensive presentation that includes the question reference, but it still effectively conveys the essential information."
Is trird rail system being used exclusively with AC or DC ?,Third rail systems exclusively use DC distribution.,The correct answer to the question 'Is trird rail system being used exclusively with AC or DC ?' is: DC distribution,0.8894328965036037,"The actual output correctly identifies that third rail systems exclusively use DC distribution, which aligns with the core truth of the expected output. It accurately answers the question posed in the expected output. While the actual output is more concise than the expected output, it does not detract from the core truth and provides a clear answer. However, it could have included a direct reference to the question for even stronger alignment."
Do shift values for symbols on modern keyboards correspond closely to the ASCII table?,"No, modern keyboards' shift values do not correspond closely to the ASCII table.",The correct answer to the question 'Do shift values for symbols on modern keyboards correspond closely to the ASCII table?' is: do not correspond as closely,0.7708929691654018,"The actual output correctly states that modern keyboards' shift values do not correspond closely to the ASCII table, aligning with the expected output's core truth. However, while it provides additional context about the historical development of keyboard layouts and their relation to ASCII, this information, although relevant, could be seen as somewhat excessive and may detract from the simplicity of the core message. Overall, the response is strong but could be more concise."
Queen's Crazy Little Thing Called Love was an ode to which singer?,Elvis Presley.,The correct answer to the question 'Queen's Crazy Little Thing Called Love was an ode to which singer?' is: Elvis Presley,0.7489735840033523,"The actual output correctly identifies Elvis Presley as the answer to the question, aligning with the core truth of the expected output. However, it lacks the additional context provided in the expected output, which explicitly states the question and the phrase 'The correct answer to the question...'. While the core truth is present, the response could be improved by including more context to enhance clarity and completeness."
Who calculated the Global Value Development Index?,Arno Tausch.,The correct answer to the question 'Who calculated the Global Value Development Index?' is: Arno Tausch,0.8429867154076855,"The actual output correctly identifies Arno Tausch as the individual who calculated the Global Value Development Index, aligning with the core truth of the expected output. However, it lacks the explicit phrasing found in the expected output, which could enhance clarity. The retrieval context provides additional relevant details about Tausch's work, which, while not necessary for answering the question, enriches the understanding of his contributions."
In 1678 what was  the new name of the Northern part of New Haven?,Hamden.,The correct answer to the question 'In 1678 what was  the new name of the Northern part of New Haven?' is: Hamden,0.8367592660931541,"The actual output correctly identifies 'Hamden' as the answer to the question regarding the new name of the Northern part of New Haven in 1678, which aligns with the core truth of the expected output. However, it lacks the additional context provided in the expected output that explicitly states the question and the phrase 'The correct answer to the question... is: Hamden', which would enhance clarity and completeness. The retrieval context offers relevant historical details that could have been referenced to provide a richer understanding, but the core question is answered correctly."
A stepper system's motor is relied on to not do what?,"A stepper system's motor is relied on to not ""miss steps.""",The correct answer to the question 'A stepper system's motor is relied on to not do what?' is: miss steps,0.7894527571613601,"The actual output correctly identifies that a stepper system's motor is relied on to not 'miss steps,' which aligns with the core truth of the expected output. However, while it provides a clear answer, it lacks the explicit phrasing of the question and answer format found in the expected output. The additional context about the importance of not missing steps for accuracy is relevant but not strictly necessary for answering the question, which slightly detracts from the alignment with the expected output format."
To whom did Napoleon send a letter detailing his plans for the campaign with Prussia?,Napoleon sent a letter detailing his plans for the campaign with Prussia to his brother Joseph.,The correct answer to the question 'To whom did Napoleon send a letter detailing his plans for the campaign with Prussia?' is: Marshal Soult,0.2105701860134201,"The actual output incorrectly identifies Joseph as the recipient of Napoleon's letter, while the expected output states it was Marshal Soult. This fundamental error fails to address the core truth of the expected output. Although the actual output provides some context about Napoleon's actions, it does not enhance understanding of the specific question asked."
Which film studio from Denmark is older than Universal?,Nordisk Film.,The correct answer to the question 'Which film studio from Denmark is older than Universal?' is: Nordisk,0.6924084235292625,"The actual output correctly identifies 'Nordisk Film' as the answer, aligning with the core truth of the expected output. However, it lacks the additional context provided in the expected output, which explicitly states the question it answers. While the response is accurate, it could be improved by including the context of the question for clarity."
What industry did Kanye turn to after taking a break from recording music?,Fashion.,The correct answer to the question 'What industry did Kanye turn to after taking a break from recording music?' is: fashion,0.8429144273656213,"The actual output correctly identifies 'fashion' as the industry Kanye turned to after taking a break from music, aligning well with the expected output. However, it lacks the explicit phrasing of the question and the context provided in the expected output, which could enhance clarity. While the core truth is present, the response could be improved by incorporating a more complete sentence structure."
Who was set up as Patriarch of Kiev and all Ukraine on the 18th of November?,Mstyslav.,The correct answer to the question 'Who was set up as Patriarch of Kiev and all Ukraine on the 18th of November?' is: Mstyslav,0.726212451680302,"The actual output correctly identifies Mstyslav as the Patriarch of Kiev and all Ukraine, which aligns with the core truth of the expected output. However, it lacks the additional context provided in the expected output, such as the specific date and the phrasing of the question. While the response is accurate, it could be improved by including more detail to enhance clarity and context."
How often are pigeons able to breed for the consumption process ?,Pigeons can produce two squabs every four weeks during a breeding season lasting several months.,The correct answer to the question 'How often are pigeons able to breed for the consumption process ?' is: a prolific pair should produce two squabs every four weeks during a breeding season lasting several months,0.8359971558553484,"The actual output correctly states that pigeons can produce two squabs every four weeks during a breeding season lasting several months, which aligns with the core truth of the expected output. However, it lacks the introductory phrase that explicitly connects the answer to the question about breeding frequency, which is present in the expected output. While the actual output is accurate and includes relevant details, it could be improved by directly addressing the question format as seen in the expected output."
What failure causes surges?,"Surges in glaciers can be caused by the failure of underlying bedrock, pooling meltwater at the base, or exceeding a critical mass tipping point.",The correct answer to the question 'What failure causes surges?' is: failure of the underlying bedrock,0.6851145307697346,"The actual output correctly identifies the failure of the underlying bedrock as a cause of glacier surges, which aligns with the core truth of the expected output. However, it also includes additional details about other causes of surges, such as pooling meltwater and critical mass tipping points. While this extra information is relevant and enhances understanding, it slightly diverges from the simplicity of the expected output, which focuses solely on the bedrock failure."
Which two nations has The Sun been very antagonistic towards?,France and Germany.,The correct answer to the question 'Which two nations has The Sun been very antagonistic towards?' is: French and Germans,0.7506820158578534,"The actual output correctly identifies the two nations, France and Germany, which aligns with the core truth of the expected output. However, it lacks the additional context provided in the expected output, such as the phrasing 'French and Germans' and the explicit mention of antagonism. While the core question is answered correctly, the response could be improved by incorporating more detail from the retrieval context to enhance clarity and depth."
Which musical artist suggested Queen release Another One Bites the Dust as a single?,"Michael Jackson suggested Queen release ""Another One Bites the Dust"" as a single.",The correct answer to the question 'Which musical artist suggested Queen release Another One Bites the Dust as a single?' is: Michael Jackson,0.8,"The actual output correctly identifies Michael Jackson as the artist who suggested Queen release 'Another One Bites the Dust' as a single, aligning with the core truth of the expected output. However, it includes additional context about the suggestion occurring after a Queen concert, which, while relevant, slightly deviates from the simplicity of the expected answer. Overall, the response is accurate and informative, but the extra detail may not be necessary for a straightforward answer."
Where in Houston is the University of Houston campus located?,The University of Houston campus is located in southeast Houston.,The correct answer to the question 'Where in Houston is the University of Houston campus located?' is: southeast,0.7629080578669772,"The actual output correctly identifies the location of the University of Houston campus as 'southeast Houston,' which aligns with the core truth of the expected output. However, it provides a more detailed response by including 'campus is located in southeast Houston,' which, while informative, slightly diverges from the succinctness of the expected output. The additional context from the retrieval does not detract from the core truth but could be seen as unnecessary for the specific question asked."
"Where was Kerry's boat on Dec 2-3, 1968?",Near a peninsula north of Cam Ranh Bay.,"The correct answer to the question 'Where was Kerry's boat on Dec 2-3, 1968?' is: near a peninsula north of Cam Ranh Bay",0.9939913349825993,"The actual output accurately reflects the core truth of the expected output by stating the location of Kerry's boat as 'near a peninsula north of Cam Ranh Bay.' It directly answers the question posed in the expected output without omitting any essential details. Additionally, the retrieval context provides relevant background information that supports the answer, enhancing the comprehensiveness of the response while remaining focused on the core question."
Where did Chopin and Sand move to in 1842?,Chopin and Sand moved to Square d'Orléans in 1842.,The correct answer to the question 'Where did Chopin and Sand move to in 1842?' is: Square d'Orléans,0.967412169113526,"The actual output directly answers the core question about where Chopin and Sand moved in 1842, providing the exact location 'Square d'Orléans' as stated in the expected output. It also includes the relevant detail of the year and the context of their relationship, enhancing understanding without deviating from the core truth."
During which year was Chihuahua declared free of enemy control?,1866,The correct answer to the question 'During which year was Chihuahua declared free of enemy control?' is: 1866,0.8188148465979926,"The actual output provides the correct year, 1866, which aligns with the expected output's core truth. However, it lacks the contextual framing present in the expected output, which explicitly states the question being answered. While the actual output is concise, it could benefit from a brief mention of the question to enhance clarity and context."
What did Lee Walker recruit members to Dell for?,Lee Walker recruited members to the board of directors when the company went public in 1988.,The correct answer to the question 'What did Lee Walker recruit members to Dell for?' is: board of directors,0.8,"The actual output correctly identifies that Lee Walker recruited members to the board of directors, which aligns with the core truth of the expected output. However, while it provides additional context about the timing and circumstances of this recruitment, it could be more concise to directly match the expected output format. Overall, it effectively answers the core question but includes extra details that may not be necessary."
"What did Microsoft change the tablet resolution requirements on March 12, 2013?",Microsoft changed the minimum tablet resolution requirement from 1366×768 to 1024×768.,"The correct answer to the question 'What did Microsoft change the tablet resolution requirements on March 12, 2013?' is: 1024×768",0.801145768587068,"The actual output correctly identifies the new minimum tablet resolution of 1024×768, which aligns with the core truth of the expected output. However, it includes additional context about the change from 1366×768, which, while relevant, is not strictly necessary to answer the question. This extra detail enhances understanding but slightly diverges from the simplicity of the expected output."
"When founded by the Romans, what was the name they gave the city of London?",Londinium.,"The correct answer to the question 'When founded by the Romans, what was the name they gave the city of London?' is: Londinium",0.8332479415606036,"The actual output correctly identifies the name given to London by the Romans as 'Londinium', which aligns with the core truth of the expected output. However, it lacks the additional context provided in the expected output, such as the phrasing of the question and the explicit statement that this is the correct answer. While the response is accurate, it could be improved by including more detail or context to enhance its comprehensiveness."
When was Neptune first observed? ,Neptune was first observed on 23 September 1846.,The correct answer to the question 'When was Neptune first observed? ' is: 23 September 1846,0.8218678837380095,"The actual output correctly identifies the date when Neptune was first observed, which aligns with the core truth of the expected output. However, it lacks the explicit framing of the answer as a response to the question, which is present in the expected output. While the actual output is accurate, it could be improved by including a more direct reference to the question asked."
Between what years did the main engineering work on the port of Montevideo Bay take place?,1870 to 1930.,The correct answer to the question 'Between what years did the main engineering work on the port of Montevideo Bay take place?' is: 1870 and 1930,0.7764564801413495,"The actual output correctly identifies the years 1870 to 1930, which aligns with the core truth of the expected output. However, it lacks the explicit phrasing of 'The correct answer to the question...' and does not include the conjunction 'and' between the years, which slightly detracts from the clarity of the response. The retrieval context provides additional relevant details about the engineering work on the port, enhancing the overall understanding without detracting from the core answer."
How does the online Windows installer know which version to install?,The online installer automatically installs the version corresponding with the architecture of the system's existing Windows installation.,The correct answer to the question 'How does the online Windows installer know which version to install?' is: automatically installs the version corresponding with the architecture of the system's existing Windows installation,0.9609305168756237,"The actual output accurately captures the core truth of the expected output by clearly stating that the online installer automatically installs the version corresponding with the architecture of the system's existing Windows installation. It directly answers the question posed in the expected output without introducing irrelevant details, and it aligns perfectly with the information provided in the retrieval context regarding the installation process."
What did Koch call the ineffective treatment for TB he came up with in 1890?,"Koch called it ""tuberculin.""",The correct answer to the question 'What did Koch call the ineffective treatment for TB he came up with in 1890?' is: tuberculin,0.8179180131545675,"The actual output correctly identifies 'tuberculin' as the term Koch used for the ineffective treatment for TB, which aligns with the core truth of the expected output. However, it lacks the explicit framing of the answer as a response to the question posed, which is present in the expected output. While the retrieval context provides additional relevant details about Koch and tuberculosis, the actual output could have been more comprehensive by incorporating some of this context to enhance understanding without detracting from the core answer."
"What provision rewards ""whistle-blowers""?","The False Claims Act rewards ""whistle-blowers"" through its qui tam provisions.","The correct answer to the question 'What provision rewards ""whistle-blowers""?' is: qui tam",0.732052823276396,"The actual output correctly identifies the qui tam provisions as the mechanism that rewards whistle-blowers, aligning with the core truth of the expected output. However, it could be more concise by directly stating 'qui tam' as the answer, which is the specific response requested in the expected output. The additional context about the False Claims Act adds relevant detail but slightly detracts from the directness of the answer."
What search engine was added in Windows 8.1?,Bing.,The correct answer to the question 'What search engine was added in Windows 8.1?' is: Bing-based unified search system,0.29999999999999993,"The actual output provides a minimal response ('Bing') that does not fully capture the expected output's detail about the 'Bing-based unified search system.' While it identifies the correct search engine, it lacks the comprehensive context and specificity required to align with the expected output, which includes a clear explanation of the search system's integration into Windows 8.1."
What political structure did Vietnam have?,"Vietnam had a communist political structure, specifically under the leadership of the North Vietnamese government, which was a one-party state led by the Communist Party.",The correct answer to the question 'What political structure did Vietnam have?' is: communist,0.7672936425054285,"The actual output accurately identifies Vietnam's political structure as communist, which aligns with the expected output. However, it provides additional context about the one-party state and the leadership of the Communist Party, which, while informative, slightly diverges from the simplicity of the expected answer. Overall, the core truth is present and well-articulated, enhancing understanding without detracting from the main point."
What is used to produce the metal zinc?,"Zinc metal is produced through extractive metallurgy, involving grinding the ore, froth flotation, roasting, and electrowinning.",The correct answer to the question 'What is used to produce the metal zinc?' is: extractive metallurgy.,0.6446559111567325,"The actual output correctly identifies extractive metallurgy as the method used to produce zinc, aligning with the core truth of the expected output. However, it provides excessive detail about the processes involved, which, while informative, detracts from the simplicity of the expected answer. The expected output is more concise and directly answers the question, while the actual output, although accurate, is less focused."
Did changes move along at a uniform pace for the Burmese people?,"No, changes for the Burmese people did not move at a uniform pace; they experienced periods of cultural flourishing, conflict, colonial rule, and varying political structures, including military dictatorship.",The correct answer to the question 'Did changes move along at a uniform pace for the Burmese people?' is: pace of reforms were uneven and ultimately proved insufficient,0.6422232958984765,"The actual output correctly identifies that changes for the Burmese people did not move at a uniform pace, which aligns with the core truth of the expected output. However, it lacks the specific phrasing of 'pace of reforms were uneven and ultimately proved insufficient,' which is crucial for full alignment. The additional details about cultural flourishing and political structures provide context but do not directly address the core question as succinctly as the expected output."
What English musician did Kanye cite as one of his biggest inspirations?,David Bowie.,The correct answer to the question 'What English musician did Kanye cite as one of his biggest inspirations?' is: David Bowie,0.8489682705114758,"The actual output correctly identifies David Bowie as the musician cited by Kanye as an inspiration, aligning with the core truth of the expected output. However, it lacks the additional context provided in the expected output, which explicitly states the question and the phrase 'The correct answer to the question...'. While the core answer is accurate, the absence of this framing slightly diminishes the clarity of the response."
What affects the climate in Europe? ,"Altitude, size of mountain ranges, and geographic location (such as proximity to bodies of water).",The correct answer to the question 'What affects the climate in Europe? ' is: The altitude and size of the range,0.682248329904134,"The actual output identifies altitude and size of mountain ranges as factors affecting climate, which aligns with the expected output. However, it introduces additional details about geographic location and proximity to water, which, while relevant, diverges slightly from the core truth of the expected answer. The response could be more focused on the specific elements mentioned in the expected output to achieve a higher score."
What is insufficient to establish a direct origin from ancient festivals to Carnival?,Evidence is insufficient to establish a direct origin from Saturnalia or other ancient festivals to Carnival.,The correct answer to the question 'What is insufficient to establish a direct origin from ancient festivals to Carnival?' is: evidence,0.7939883048713996,"The actual output correctly identifies that evidence is insufficient to establish a direct origin from ancient festivals to Carnival, which aligns with the core truth of the expected output. However, while it provides a comprehensive context regarding the relationship between Carnival and ancient festivals, it could have been more concise in directly answering the question posed. The additional details enhance understanding but slightly detract from the clarity of the core answer."
What office did Western emperor Gratian decline?,Gratian declined the office of pontifex maximus.,The correct answer to the question 'What office did Western emperor Gratian decline?' is: pontifex maximus,0.8206916662633651,"The actual output correctly identifies that Gratian declined the office of pontifex maximus, which aligns with the expected output. However, it lacks the explicit phrasing of the expected output, which states the answer in a more structured format. While the additional context provided in the retrieval context is not directly relevant to the core question, it does not detract from the main point, thus the response is still strong."
Who expanded on Avicenna's work in temporal logic?,Najm al-Dīn al-Qazwīnī al-Kātibī expanded on Avicenna's work in temporal logic.,The correct answer to the question 'Who expanded on Avicenna's work in temporal logic?' is: Najm al-Dīn al-Qazwīnī al-Kātibī,0.8339054986778504,"The actual output correctly identifies Najm al-Dīn al-Qazwīnī al-Kātibī as the individual who expanded on Avicenna's work in temporal logic, aligning well with the core truth of the expected output. However, it lacks the explicit phrasing of the question and the introductory statement found in the expected output, which diminishes its clarity slightly. The output does provide relevant context about Avicenna's influence on logic, which adds depth without detracting from the core answer."
What region did the Tumed Mongols move into?,The Tümed Mongols moved into the steppes of Mongolia.,The correct answer to the question 'What region did the Tumed Mongols move into?' is: the Kokonor region,0.19551560613369545,"The actual output incorrectly states that the Tümed Mongols moved into the steppes of Mongolia, while the expected output specifies the Kokonor region. The core truth of the expected output is not present in the actual output, leading to a significant misalignment. Additionally, the actual output does not provide any relevant context or details that enhance understanding of the Tümed Mongols' movement, further detracting from its effectiveness."
What is one problem with biomass?,"One problem with biomass is that burning it in cook stoves produces pollutants, leading to health and environmental issues.",The correct answer to the question 'What is one problem with biomass?' is: material directly combusted in cook stoves produces pollutants,0.7965546626488774,"The actual output correctly identifies the core problem with biomass, specifically that burning it in cook stoves produces pollutants, which aligns with the expected output. However, it could have been more concise by directly mirroring the phrasing of the expected output. The additional context about health and environmental issues, while relevant, slightly deviates from the core truth and adds unnecessary detail."
How many polychaete families are there?,Approximately 80 polychaete families.,The correct answer to the question 'How many polychaete families are there?' is: approximately 80,0.8229450887954716,"The actual output correctly identifies the number of polychaete families as approximately 80, which aligns with the core truth of the expected output. However, it lacks the explicit phrasing 'The correct answer to the question...' found in the expected output, which slightly diminishes its clarity. The retrieval context provides extensive additional information about polychaetes, but it does not enhance the core answer directly, which is why the score is not higher."
What is raised locally for the domestic market?,Chickens (for meat and eggs) and agricultural products.,The correct answer to the question 'What is raised locally for the domestic market?' is: opium poppy,0.1719571990803594,"The actual output mentions chickens and agricultural products, which are relevant to local farming, but it fails to address the specific expected output of 'opium poppy' as the answer to what is raised locally for the domestic market. The core truth of the expected output is not present, and while the actual output provides some context about poultry, it does not enhance the understanding of the expected answer."
When was a church first founded at the site?,A church was first founded at the site in the 7th century.,The correct answer to the question 'When was a church first founded at the site?' is: 7th century,0.8269266434503774,"The actual output correctly identifies the core truth of the expected output by stating that a church was founded at the site in the 7th century. However, it lacks the explicit phrasing 'The correct answer to the question...' which is present in the expected output. While it provides the necessary information, it could be improved by directly addressing the question format as specified in the expected output."
How much energy does an HVAC system use in residential locations?,"HVAC systems use nearly 50% of the energy in residential buildings, which amounts to approximately 10.1 EJ/year.",The correct answer to the question 'How much energy does an HVAC system use in residential locations?' is: 50% (10.1 EJ/yr),0.80953981048549,"The actual output correctly identifies that HVAC systems use nearly 50% of the energy in residential buildings and provides the specific figure of 10.1 EJ/year, which aligns well with the expected output. However, it lacks the explicit phrasing of the question and the format of the answer as presented in the expected output, which slightly detracts from its clarity and directness. Overall, it conveys the core truth effectively but could improve in presentation."
What album was Van Halen's commercial high point?,1984.,The correct answer to the question 'What album was Van Halen's commercial high point?' is: 1984,0.8527087510798281,"The actual output correctly identifies '1984' as the album that represents Van Halen's commercial high point, aligning with the expected output. However, it lacks the additional context provided in the expected output, which explicitly states the question and the phrase 'The correct answer to the question...'. While the core truth is present, the response could be improved by including a more explicit connection to the question asked."
What kind of books did housebuilders use?,Housebuilders used pattern books and architectural journals.,The correct answer to the question 'What kind of books did housebuilders use?' is: pattern books and architectural journals,0.8166079059949064,"The actual output correctly identifies the types of books used by housebuilders, aligning with the core truth of the expected output. However, it lacks the explicit framing of the answer as a response to the question posed, which is a minor shortcoming. The retrieval context supports the answer by providing relevant details about the use of pattern books and architectural journals, enhancing understanding without detracting from the core truth."
Which Greek dialect is barely spoken currently?,The Cappadocian dialect is barely spoken currently.,The correct answer to the question 'Which Greek dialect is barely spoken currently?' is: Cappadocian,0.6034711969961266,"The actual output identifies the Cappadocian dialect as barely spoken, which aligns with the expected output's core truth that it is the answer to the question posed. However, it lacks the explicit phrasing that directly states 'Cappadocian' as the answer to the question, which diminishes clarity. While the retrieval context provides relevant background information about the dialect's status, the actual output could have been more informative by explicitly linking the dialect to the question asked."
From what period do researchers believe that the oldest known full-body impression of a flying insect originates?,Carboniferous period (300 million years ago).,The correct answer to the question 'From what period do researchers believe that the oldest known full-body impression of a flying insect originates?' is: Carboniferous,0.767964774994376,"The actual output correctly identifies the Carboniferous period as the time from which the oldest known full-body impression of a flying insect originates, aligning well with the expected output. However, it lacks the explicit phrasing that directly answers the question posed in the expected output, which could enhance clarity. The additional context provided in the retrieval context is relevant and informative, but the core truth could be more clearly articulated in the response."
 What was the name of the constitution drafted by Napoleon?,The Constitution of the Year VIII.,The correct answer to the question ' What was the name of the constitution drafted by Napoleon?' is: the Constitution of the Year VIII,0.7946602958958898,"The actual output correctly identifies the Constitution of the Year VIII as the answer to the question about Napoleon's drafted constitution, aligning well with the expected output. However, it lacks the explicit phrasing of the expected output, which includes a clear statement of the question and answer format. While the retrieval context provides additional relevant details about the constitution's significance and the political context, the core truth is present, but the response could be improved by explicitly stating the question-answer format as in the expected output."
When does Nanjing expect to finish it's light rail line?,Nanjing expects to complete its 17-line Metro and light-rail system by 2030.,The correct answer to the question 'When does Nanjing expect to finish it's light rail line?' is: 2030,0.8632237874699153,"The actual output correctly identifies the completion year of Nanjing's Metro and light-rail system as 2030, which aligns with the expected output. However, it provides additional context about the 17-line system, which, while relevant, slightly diverges from the simplicity of the expected answer. Overall, the core truth is present and accurately represented."
What event sets the boundary for the Triassic?,The Permian–Triassic extinction event.,The correct answer to the question 'What event sets the boundary for the Triassic?' is: Permian–Triassic extinction,0.8663835026589354,"The actual output correctly identifies the Permian–Triassic extinction event as the event that sets the boundary for the Triassic, aligning well with the expected output. It succinctly answers the core question without unnecessary elaboration. However, it could have included the phrase 'extinction' to match the expected output more closely, which is why it does not receive a perfect score."
Who was the first European to see the Athabascan oil sands?,Alexander MacKenzie in 1787.,The correct answer to the question 'Who was the first European to see the Athabascan oil sands?' is: Alexander MacKenzie,0.5367467558129525,"The actual output identifies Alexander MacKenzie as the individual associated with the Athabascan oil sands, which aligns with the expected output. However, it lacks the context of the question and the full phrasing of the expected answer, which diminishes clarity. While it correctly names MacKenzie, it does not provide the complete answer format or additional relevant details from the retrieval context that could enhance understanding."
What frequencies is associated with shorter wavelengths?,Higher frequencies are associated with shorter wavelengths.,The correct answer to the question 'What frequencies is associated with shorter wavelengths?' is: higher frequencies,0.8042160815468942,"The actual output correctly identifies that higher frequencies are associated with shorter wavelengths, which aligns with the core truth of the expected output. It provides a clear answer to the question posed. However, it lacks the explicit phrasing of the expected output, which states 'the correct answer is: higher frequencies,' making it slightly less direct. The response could have included more context from the retrieval information to enhance understanding, but it remains focused on the core truth."
What was the primary problem with early carbon filaments?,"Early carbon filaments had low resistance, required high current, had short lifetimes, and were sensitive to power supply fluctuations due to their negative temperature coefficient of resistance.","The correct answer to the question 'What was the primary problem with early carbon filaments?' is: as they got hotter, their electrical resistance decreased",0.735864279713512,"The actual output accurately identifies key issues with early carbon filaments, including their low resistance and sensitivity to power supply fluctuations, which aligns with the expected output's focus on the decrease in electrical resistance as they heated. However, while it provides a comprehensive overview of the problems, it slightly diverges from the core truth by not explicitly stating that the primary problem was the decrease in resistance itself, which is the essence of the expected output."
What part of the province of Tarragona is Central Catalan spoken?,Central Catalan is spoken in the eastern half of the province of Tarragona.,The correct answer to the question 'What part of the province of Tarragona is Central Catalan spoken?' is: eastern half,0.8414658331739897,"The actual output correctly identifies that Central Catalan is spoken in the eastern half of the province of Tarragona, which directly addresses the core truth of the expected output. However, it could have been more concise by omitting the reference to 'Central Catalan' at the beginning, as the expected output focuses solely on the location. The retrieval context provides additional relevant details about the language, but the actual output remains focused on the question asked."
What year did the crop economy change?,The crop economy began to change significantly after the dissolution of the Soviet Union in 1991.,The correct answer to the question 'What year did the crop economy change?' is: 1966,0.17016047616422775,"The actual output mentions a significant change in the crop economy after the dissolution of the Soviet Union in 1991, which is relevant but does not address the expected output's core truth of identifying the year 1966 as the year of change. While it provides some context about agricultural shifts, it fails to directly answer the question posed, leading to a low score."
How many passengers travel by Palermo ferry annually?,Nearly 2 million passengers travel by Palermo ferry annually.,The correct answer to the question 'How many passengers travel by Palermo ferry annually?' is: 2 million,0.839020863998698,"The actual output correctly identifies the annual passenger traffic of nearly 2 million, which aligns closely with the expected output. However, it lacks the explicit phrasing of 'the correct answer to the question' as seen in the expected output, which would enhance clarity. The retrieval context provides relevant details about the port and its significance, but the actual output could have been slightly more comprehensive by explicitly stating the connection to the question asked."
In 1840 what did Saint Helena become?,"In 1840, Saint Helena became a provisioning station for the British West Africa Squadron.",The correct answer to the question 'In 1840 what did Saint Helena become?' is: a provisioning station,0.7208775011084587,"The actual output correctly identifies that Saint Helena became a provisioning station in 1840, which aligns with the core truth of the expected output. However, it lacks the explicit phrasing 'the correct answer to the question' and does not directly state 'a provisioning station' as the answer, which slightly detracts from clarity. The additional context about the British West Africa Squadron and the impact on slavery adds relevant detail but could be seen as somewhat extraneous to the core question."
What kind of turnout did the Congolese Observatory of Human Rights experience in the 2009 elections?,"The Congolese Observatory of Human Rights reported ""very low"" turnout in the 2009 elections.",The correct answer to the question 'What kind of turnout did the Congolese Observatory of Human Rights experience in the 2009 elections?' is: very low,0.8065501736169344,"The actual output correctly identifies the core truth of the expected output by stating that the turnout was 'very low', which directly answers the question posed. However, it could have been more concise by omitting the attribution to the Congolese Observatory of Human Rights, as the expected output does not include this detail. The additional context about 'fraud and irregularities' could enhance understanding but may also distract from the core message of turnout."
Who uses swinging sticks or flags to drive game out?,The information provided does not mention anyone using swinging sticks or flags to drive a game out.,"The correct answer to the question 'Who uses swinging sticks or flags to drive game out?' is: ""beaters""",0.18584977356585833,"The actual output fails to provide the correct answer to the question about who uses swinging sticks or flags to drive game out, which is 'beaters'. While it correctly states that the information does not mention swinging sticks or flags, it does not address the core truth of the expected output, resulting in a significant shortcoming. The retrieval context does not provide relevant information to support the actual output either."
What caused a dramatic shift in Italian sentiment toward the war?,Bismarck's demand for the return of Alsace caused a dramatic shift in Italian sentiment toward the war.,The correct answer to the question 'What caused a dramatic shift in Italian sentiment toward the war?' is: Bismarck's demand for the return of Alsace,0.8460881787412001,"The actual output correctly identifies Bismarck's demand for the return of Alsace as the cause of the shift in Italian sentiment, aligning well with the expected output. However, while it provides a clear answer, it lacks the explicit phrasing of the expected output, which could enhance clarity. The retrieval context offers additional relevant details about the historical sentiment and actions of figures like Garibaldi, which enrich the understanding but are not necessary for answering the core question."
Where is the American Theatre Company based?,"Tulsa, Oklahoma.",The correct answer to the question 'Where is the American Theatre Company based?' is: Tulsa,0.8155879288924833,"The actual output correctly identifies Tulsa, Oklahoma as the location of the American Theatre Company, which aligns with the core truth of the expected output. However, it lacks the explicit phrasing that connects it directly to the question asked, which diminishes its clarity slightly. The retrieval context provides additional relevant details about other theatre companies in Tulsa, enhancing the understanding of the theatre scene in the area, but these details are not reflected in the actual output."
"Other than the bit rate and the difficulty of the signal, what can also affect the quality of an MP3 file?",The quality of the encoder itself can also affect the quality of an MP3 file.,"The correct answer to the question 'Other than the bit rate and the difficulty of the signal, what can also affect the quality of an MP3 file?' is: quality of the encoder",0.793398959203005,"The actual output correctly identifies the quality of the encoder as a factor affecting MP3 quality, which aligns with the expected output. However, it lacks the explicit framing of the answer as a response to the posed question, which diminishes clarity. The additional context about the encoder's impact enhances understanding but could have been more directly linked to the question."
What department initiated the emergency contingency plan?,The National Disaster Relief Commission initiated the emergency contingency plan.,The correct answer to the question 'What department initiated the emergency contingency plan?' is: National Disaster Relief Commission,0.7918686352485043,"The actual output correctly identifies the National Disaster Relief Commission as the entity that initiated the emergency contingency plan, which aligns with the core truth of the expected output. However, it lacks the explicit phrasing of the expected output, which states the answer in a more direct format. While the actual output provides relevant context about the emergency contingency plan, it could have been more comprehensive by including the specific question it answers."
What modern technology takes the next step from the photophone?,Fiber-optic communication systems.,The correct answer to the question 'What modern technology takes the next step from the photophone?' is: fiber-optic communication,0.6977040937322675,"The actual output correctly identifies 'fiber-optic communication systems' as the answer, which aligns with the core truth of the expected output. However, it lacks the additional context provided in the expected output, such as the phrasing of the question and the explicit mention of the photophone. While the answer is accurate, it could be more comprehensive by including these details."
Who did Zant form a pact with?,Zant formed a pact with Ganondorf.,The correct answer to the question 'Who did Zant form a pact with?' is: Ganondorf,0.7859254618852676,"The actual output correctly identifies that Zant formed a pact with Ganondorf, which aligns with the core truth of the expected output. However, it lacks the explicit phrasing of the expected output, which states the question and answer format. While the actual output is accurate, it could be more comprehensive by including the context of the pact's significance or details about the characters involved, which would enhance the response without detracting from the core truth."
What is the official title of Delhi's head of state?,Lieutenant Governor of the Union Territory of Delhi.,The correct answer to the question 'What is the official title of Delhi's head of state?' is: Lieutenant Governor of the Union Territory of Delhi,0.8338629679628443,"The actual output correctly identifies the title 'Lieutenant Governor of the Union Territory of Delhi', which aligns with the expected output. However, it lacks the introductory phrase present in the expected output that clearly states it as the answer to the question. While the core truth is present, the absence of context or additional details from the retrieval context slightly detracts from the comprehensiveness of the response."
What are polytechnics called in South Africa?,"In South Africa, polytechnics are called Technikons.",The correct answer to the question 'What are polytechnics called in South Africa?' is: Technikons,0.8244120881474108,"The actual output correctly identifies that polytechnics are called Technikons in South Africa, which aligns with the core truth of the expected output. However, it lacks the explicit phrasing 'The correct answer to the question...' found in the expected output, which would have strengthened its alignment. The response is clear and directly answers the question, but it could be more formal in presentation."
What type of philosophy was essential to this forwarding of thought?,"Humanism was essential to the forwarding of thought, transforming education and scholarship in universities.",The correct answer to the question 'What type of philosophy was essential to this forwarding of thought?' is: Aristotelian,0.3073357110263709,"The actual output mentions the importance of humanism in transforming education and scholarship, which is somewhat relevant to the expected output about Aristotelian philosophy. However, it fails to directly address the core question regarding the specific type of philosophy essential to the forwarding of thought, which is Aristotelian. The response lacks the necessary focus on the expected answer and does not incorporate relevant details from the retrieval context that could enhance understanding of the relationship between humanism and Aristotelian thought."
In what year was the north-west pavilion turned into a swimming pool?,1938,The correct answer to the question 'In what year was the north-west pavilion turned into a swimming pool?' is: 1938,0.8046219940453643,"The actual output provides the correct year, 1938, which aligns with the core truth of the expected output. However, it lacks the contextual framing present in the expected output, which explicitly states the question being answered. While the actual output is accurate, it could be improved by including the question for clarity."
During the 2010 United States Census what percentage of Atlantic City's population was Hispanic or Latino?,30.45%,The correct answer to the question 'During the 2010 United States Census what percentage of Atlantic City's population was Hispanic or Latino?' is: 30.45%,0.8124451952324717,"The actual output correctly provides the percentage of Hispanic or Latino individuals in Atlantic City during the 2010 Census, matching the expected output's core truth. However, it lacks the contextual framing present in the expected output, which explicitly states the question being answered. While the percentage is accurate and relevant, the absence of the question diminishes the clarity of the response."
What was the topic of Reynolds v. U.S.?,The topic of Reynolds v. U.S. (1879) was the constitutionality of outlawing polygamy.,The correct answer to the question 'What was the topic of Reynolds v. U.S.?' is: Mormon polygamy,0.606008838984878,"The actual output identifies the topic of Reynolds v. U.S. as the constitutionality of outlawing polygamy, which aligns with the expected output's focus on Mormon polygamy. However, it lacks the specificity of the term 'Mormon polygamy' and does not fully capture the essence of the expected answer. The retrieval context provides relevant historical background that could enhance understanding, but the actual output does not incorporate this additional context, limiting its effectiveness."
How did the United States treat Myanmar prior to the changes made in Burmese government ? ,The United States maintained diplomatic isolation and imposed economic and military sanctions on Myanmar prior to the government's changes.,The correct answer to the question 'How did the United States treat Myanmar prior to the changes made in Burmese government ? ' is: years of diplomatic isolation and economic and military sanctions,0.7567543847662763,"The actual output captures the core truth of the expected output by stating that the United States maintained diplomatic isolation and imposed sanctions on Myanmar prior to government changes. However, it lacks the explicit mention of 'years of diplomatic isolation' as stated in the expected output, which slightly detracts from its completeness. The additional context about the sanctions enhances understanding but could be more directly tied to the phrasing in the expected output."
What do groups with less power often find themselves?,Excluded or oppressed.,The correct answer to the question 'What do groups with less power often find themselves?' is: excluded or oppressed,0.7274540771499922,"The actual output 'excluded or oppressed' captures the core truth of the expected output, which is to identify the condition of groups with less power. However, it lacks the full context and clarity provided in the expected output, which explicitly states the question it answers. While the core truth is present, the absence of the framing question diminishes the completeness of the response."
When did Outcault's The Yellow Kid appear in newspapers?,The Yellow Kid appeared in newspapers between 1896 and 1901.,The correct answer to the question 'When did Outcault's The Yellow Kid appear in newspapers?' is: 1890s,0.3360129863516951,"The actual output provides a specific timeframe (1896 to 1901) for the appearance of The Yellow Kid, but it does not align with the expected output, which states '1890s' as the correct answer. While the actual output contains relevant information, it fails to capture the core truth of the expected output, leading to a significant misalignment."
What kind of aircraft are capable of taking off vertically?,VTOL (Vertical Takeoff and Landing) aircraft and helicopters are capable of taking off vertically.,The correct answer to the question 'What kind of aircraft are capable of taking off vertically?' is: STOVL,0.32122980346286173,"The actual output identifies VTOL aircraft and helicopters as capable of vertical takeoff, which aligns with the core truth of the expected output. However, it fails to mention STOVL, which is the specific term requested in the expected output. While the actual output provides some relevant context about VTOL capabilities, it does not enhance understanding of the specific answer needed, leading to a lack of clarity regarding the expected response."
What feature does Southampton have plenty of that provides for water sports and yachting?,Southampton has several marinas.,The correct answer to the question 'What feature does Southampton have plenty of that provides for water sports and yachting?' is: marinas,0.7785117310523257,"The actual output correctly identifies that Southampton has several marinas, which directly addresses the core truth of the expected output regarding features that support water sports and yachting. However, it lacks the explicit mention of 'marinas' as the answer to the question, which would have strengthened its alignment with the expected output. The retrieval context provides additional relevant details about yachting and water sports in Southampton, enhancing understanding, but the actual output could have been more comprehensive by explicitly stating 'marinas' as the answer."
What mercenaries were expelled after Isfahan's victory over Hamadan?,Tajik mercenaries were expelled after Isfahan's victory over Hamadan.,The correct answer to the question 'What mercenaries were expelled after Isfahan's victory over Hamadan?' is: the Tajik,0.8112097991475583,"The actual output correctly identifies the Tajik mercenaries as the group expelled after Isfahan's victory over Hamadan, aligning well with the expected output. It succinctly conveys the core truth of the expected answer. However, while it provides a clear answer, it lacks the explicit phrasing of the question and the introductory context present in the expected output, which could enhance clarity and completeness."
Do the people of London agree with this action?,"The public response to various actions in London has been mixed, with significant protests, such as those during the 2012 Olympic torch relay, indicating dissent. However, a survey found that 80% of respondents enjoyed having urban foxes around, suggesting some level of agreement with certain aspects of urban life. Overall sentiment varies.",The correct answer to the question 'Do the people of London agree with this action?' is: the move seen as both unfair to fans of teams located far from London,0.33117552817394313,"The actual output discusses public sentiment in London regarding urban foxes and protests during the 2012 Olympic torch relay, but it fails to directly address the core question about whether people agree with a specific action, as outlined in the expected output. While it provides some context about dissent and enjoyment of urban wildlife, it does not clearly articulate the perceived unfairness to fans of teams located far from London, which is the crux of the expected answer."
Who controlled musical institutions before the 19th century?,Wealthy patrons controlled musical institutions before the 19th century.,The correct answer to the question 'Who controlled musical institutions before the 19th century?' is: wealthy patrons,0.811801134450796,"The actual output correctly identifies that wealthy patrons controlled musical institutions before the 19th century, which aligns with the core truth of the expected output. However, while it provides a clear answer, it lacks the explicit phrasing of the expected output, which states the answer in a more direct format. The response could have included additional context from the retrieval context to enhance its comprehensiveness without deviating from the core truth."
What was the first public hospital founded in the United States?,Bellevue Hospital.,The correct answer to the question 'What was the first public hospital founded in the United States?' is: Bellevue Hospital,0.8215227660600682,"The actual output correctly identifies Bellevue Hospital as the first public hospital in the United States, aligning with the core truth of the expected output. However, it lacks the introductory phrase present in the expected output, which explicitly states that it is the correct answer to the question. While the additional context about Bellevue Hospital enhances understanding, the absence of the complete phrasing slightly detracts from the alignment with the expected output."
How many credits were needed for an M.Sc. (Tech.) degree before the Bologna Process?,180 credits were needed for an M.Sc. (Tech.) degree before the Bologna Process.,The correct answer to the question 'How many credits were needed for an M.Sc. (Tech.) degree before the Bologna Process?' is: 180,0.780109516425622,"The actual output correctly identifies that 180 credits were needed for an M.Sc. (Tech.) degree before the Bologna Process, which aligns with the core truth of the expected output. However, it lacks the explicit framing of the answer as a response to the question posed, which is a minor shortcoming. The additional context provided does enhance understanding of the educational landscape but is not directly necessary for answering the specific question."
What bible passage gave rise to certain a cappella attitudes?,"The Bible passage that gave rise to certain a cappella attitudes is likely Colossians 3:16, which encourages singing psalms and spiritual songs without instrumental accompaniment.",The correct answer to the question 'What bible passage gave rise to certain a cappella attitudes?' is: Psalms 150,0.2790452685059239,"The actual output identifies Colossians 3:16 as a relevant Bible passage related to a cappella attitudes, which is somewhat aligned with the expected output. However, it fails to provide the expected answer of Psalms 150, which is the specific passage requested. While the actual output does touch on the topic of a cappella singing, it does not directly answer the core question, leading to a low score."
What organization in the US government investigates the largest array of crimes?,Immigration and Customs Enforcement Homeland Security Investigations (ICE-HSI) investigates the largest array of crimes.,The correct answer to the question 'What organization in the US government investigates the largest array of crimes?' is: ICE-HSI,0.7567416751685764,"The actual output correctly identifies ICE-HSI as the organization that investigates the largest array of crimes, aligning with the core truth of the expected output. However, it lacks the explicit phrasing of the expected output, which directly states the answer to the question. While the additional context about ICE-HSI's investigative capabilities is relevant, it could be seen as slightly detracting from the simplicity of the expected answer."
What can refer to the study of patterns in human cultures?,Kinship.,The correct answer to the question 'What can refer to the study of patterns in human cultures?' is: Kinship,0.8007488577803148,"The actual output correctly identifies 'Kinship' as the answer to the question regarding the study of patterns in human cultures, aligning well with the expected output. However, it lacks the additional context provided in the retrieval context that could enhance understanding, such as the broader implications of kinship in anthropology. While the core truth is present, the response could benefit from a more comprehensive explanation to fully meet the evaluation criteria."
Sending a ship to the Black Sea violated the terms made during what agreement?,The Treaty of Paris (1856).,The correct answer to the question 'Sending a ship to the Black Sea violated the terms made during what agreement?' is: London Straits Convention,0.1803602229950511,"The actual output incorrectly identifies the Treaty of Paris (1856) as the answer, while the expected output specifies the London Straits Convention. This indicates a failure to capture the core truth of the expected output. Additionally, the actual output does not provide any relevant details from the retrieval context that could support or clarify the answer, further detracting from its alignment with the evaluation steps."
Which candidate finished in second place in the Georgia primary?,John Edwards finished in second place in the Georgia primary.,The correct answer to the question 'Which candidate finished in second place in the Georgia primary?' is: Edwards,0.6995600076950474,"The actual output correctly identifies John Edwards as the candidate who finished in second place in the Georgia primary, aligning with the core truth of the expected output. However, it lacks the explicit phrasing of the expected output, which clearly states the answer format. While the actual output provides relevant information, it does not include additional context from the retrieval context that could enhance understanding, such as details about the primary race dynamics."
Which war did Albert serve in?,First World War.,The correct answer to the question 'Which war did Albert serve in?' is: First World War,0.8077238211036708,"The actual output correctly identifies the core truth by stating 'First World War', which aligns with the expected output. However, it lacks the additional context provided in the expected output, such as the phrasing of the question and the explicit confirmation of the answer. While it is concise, it could benefit from a more comprehensive presentation that includes the context of the question asked."
What 5 criteria did neorealist use to determine great powers?,"1. Population and territory  
2. Resource endowment  
3. Economic capability  
4. Political stability and competence  
5. Military strength",The correct answer to the question 'What 5 criteria did neorealist use to determine great powers?' is: population and territory; resource endowment; economic capability; political stability and competence; and military strength,0.8978130169007252,"The actual output correctly lists the five criteria used by neorealists to determine great powers, which aligns with the expected output. It presents the information in a clear and organized manner, maintaining the core truth. However, it lacks the introductory context that the expected output provides, which explicitly states the question being answered. Despite this, the actual output is comprehensive and directly addresses the question, justifying a high score."
What do bacteria do in soil?,"Bacteria in soil recycle nutrients, carry out nitrogen fixation, and form biofilms that enhance nutrient diffusion.",The correct answer to the question 'What do bacteria do in soil?' is: converting nitrogen gas to nitrogenous compounds,0.6357436632913147,"The actual output provides relevant information about the roles of bacteria in soil, including nutrient recycling and nitrogen fixation, which aligns with the expected output's focus on nitrogen conversion. However, it lacks a direct mention of converting nitrogen gas to nitrogenous compounds, which is the core truth of the expected output. While the additional details about biofilms and nutrient diffusion enhance understanding, they do not directly address the specific question asked."
In what war was France defeated by Prussia?,The Franco-Prussian War.,The correct answer to the question 'In what war was France defeated by Prussia?' is: Franco-Prussian War,0.8663835020958446,"The actual output correctly identifies the Franco-Prussian War as the conflict in which France was defeated by Prussia, aligning well with the expected output. While it lacks the explicit phrasing of the expected output, it succinctly conveys the core truth. The retrieval context provides additional relevant details about the war, enhancing understanding without detracting from the main answer, which is a strength."
What is the third largest acute care center in the U.S.?,Triumph Healthcare.,The correct answer to the question 'What is the third largest acute care center in the U.S.?' is: Triumph Healthcare,0.7795970788047749,"The actual output correctly identifies Triumph Healthcare as the third largest acute care center in the U.S., aligning with the expected output. However, it lacks the introductory context that explicitly states the question being answered, which is present in the expected output. While the core truth is maintained, the absence of the question context slightly detracts from clarity."
What was the original goal of the Swiss military strategy?,The original goal of the Swiss military strategy was static defense at the borders to protect the economic heartland.,The correct answer to the question 'What was the original goal of the Swiss military strategy?' is: protect the economic heartland,0.7738589287503144,"The actual output correctly identifies the core truth of the expected output by stating that the original goal of the Swiss military strategy was to protect the economic heartland. However, it includes additional context about the static defense strategy, which, while relevant, slightly diverges from the simplicity of the expected output. The core question is answered accurately, but the extra detail could be seen as unnecessary for a direct response."
On what date was the Billboard easy listening chart first published?,"July 17, 1961.","The correct answer to the question 'On what date was the Billboard easy listening chart first published?' is: July 17, 1961",0.8353723290660964,"The actual output correctly identifies the date 'July 17, 1961', which aligns with the core truth of the expected output. However, it lacks the additional context provided in the expected output, such as the phrasing of the question and the explicit statement that this is the correct answer. While the core truth is present, the response could be improved by including more detail to enhance clarity and context."
What is the principle of normalization of relations with Arab states?,"The principle of normalization of relations with Arab states involves establishing diplomatic ties, primarily through peace treaties (e.g., Egypt in 1979, Jordan in 1994), while most Arab nations still consider Israel an enemy state due to ongoing conflicts and historical grievances.",The correct answer to the question 'What is the principle of normalization of relations with Arab states?' is: Land for peace,0.3221719871011684,"The actual output provides some context about the normalization of relations with Arab states, mentioning peace treaties with Egypt and Jordan. However, it fails to directly address the core truth of the expected output, which is 'Land for peace.' The response is more focused on the historical and political context rather than succinctly answering the question posed, leading to a significant deviation from the expected output."
What years were the Maccabean Revolt of Judas Maccabeus?,174–135 BCE.,The correct answer to the question 'What years were the Maccabean Revolt of Judas Maccabeus?' is: 174–135 BCE,0.8741115006520236,"The actual output correctly identifies the years of the Maccabean Revolt as 174–135 BCE, which aligns with the core truth of the expected output. While it lacks the introductory phrase present in the expected output, it still conveys the essential information accurately. The retrieval context provides additional relevant historical details about the Maccabean Revolt, enhancing the response without detracting from the core answer."
What are the greatest influences to Bermudian culture?,"Bermudian culture is primarily influenced by British colonial heritage, African traditions, and local indigenous customs, along with elements from the wider Caribbean and American cultures.","The correct answer to the question 'What are the greatest influences to Bermudian culture?' is: British influences, together with Afro-Caribbean",0.5716077489104833,"The actual output identifies key influences on Bermudian culture, including British colonial heritage and African traditions, which aligns with the expected output's mention of British influences and Afro-Caribbean elements. However, the actual output is more detailed and includes additional cultural influences that are not present in the expected output, which could be seen as deviating from the core truth. While it provides a broader context, it does not strictly adhere to the concise nature of the expected answer."
What does the racial preferences debate indicate about universities and colleges?,The racial preferences debate highlights competing goals in universities: balancing scholarly excellence with civic goods and diversity. It raises questions about admissions policies and whether they should prioritize individual merit or institutional missions.,The correct answer to the question 'What does the racial preferences debate indicate about universities and colleges?' is: competing notions of the mission of colleges,0.6351884952692634,"The actual output captures the essence of the expected output by addressing the competing goals of universities, which aligns with the core truth of the racial preferences debate. However, it goes beyond the expected output by introducing additional details about admissions policies and the balance between merit and institutional missions. While this added context is relevant, it somewhat detracts from the simplicity of the expected answer, which is more focused on the competing notions of college missions without the broader implications discussed in the actual output."
A USB host may implement how many host controllers?,A USB host may implement multiple host controllers.,The correct answer to the question 'A USB host may implement how many host controllers?' is: multiple,0.8039428047284345,"The actual output correctly identifies that a USB host may implement multiple host controllers, which aligns with the core truth of the expected output. However, while it provides accurate information, it lacks the explicit phrasing of the expected output, which directly answers the question with the word 'multiple.' The retrieval context supports the actual output by providing relevant details about USB architecture, enhancing understanding, but the response could be more concise and directly aligned with the expected format."
Why have Eritrean government officials participated in numerous meetings with NGO representatives?,To address human rights concerns and foster dialogue between the government and opposition.,The correct answer to the question 'Why have Eritrean government officials participated in numerous meetings with NGO representatives?' is: In an attempt at reform,0.37970699325059154,"The actual output addresses the topic of human rights and dialogue, which is somewhat related to the expected output about reform. However, it fails to clearly articulate the core truth of the expected output, which specifically states that the participation in meetings was 'in an attempt at reform.' The actual output does not directly answer the question posed and lacks the precision needed to align fully with the expected response."
Patriarch cardinals are not given what title?,Suburbicarian see.,The correct answer to the question 'Patriarch cardinals are not given what title?' is: a suburbicarian see,0.7754648778945858,"The actual output correctly identifies the core truth of the expected output by stating 'Suburbicarian see,' which aligns with the question about the title not given to patriarch cardinals. However, it lacks the explicit context and phrasing of the expected output, which could enhance clarity and understanding. The retrieval context provides relevant details that could have been incorporated to further enrich the response, but the core answer is still accurately represented."
Decay can spread to all of what part of a tree?,Decay can spread to all parts of the trunk.,The correct answer to the question 'Decay can spread to all of what part of a tree?' is: the trunk,0.5639087312090643,"The actual output correctly identifies that decay can spread to the trunk, which aligns with the core truth of the expected output. However, it lacks the explicit mention of the question being answered and does not clearly state that the trunk is the part of the tree in question. While the additional context about decay is relevant, it does not enhance the understanding of the specific answer needed."
Where was support found for Greek philosophy?,"Support for Greek philosophy was found primarily in the Greek city-states, particularly in Athens, and later among the Roman elite, including figures like Cicero and Marcus Aurelius. It also gained traction during the Renaissance through humanist movements in Italy.",The correct answer to the question 'Where was support found for Greek philosophy?' is: Arab Empire,0.21414236289505362,"The actual output provides information about the support for Greek philosophy in city-states like Athens and among Roman elites, which is relevant but does not address the expected output that specifically identifies the Arab Empire as the location of support. While it includes some historical context, it fails to align with the core truth of the expected answer."
How many Russian-speaking Finns are descended from early immigrants?,"5,000 Russian-speaking Finns are descended from early immigrants.",The correct answer to the question 'How many Russian-speaking Finns are descended from early immigrants?' is: Five thousand,0.6608296103629957,"The actual output correctly identifies the number of Russian-speaking Finns descended from early immigrants, aligning with the core truth of the expected output. However, it lacks the explicit phrasing 'Five thousand' as requested in the expected output, which diminishes its clarity. While it provides accurate information, it does not fully match the expected format, which affects its overall alignment."
What did Napoleon offer to secondary education?,"Napoleon offered public support, established state secondary schools (lycées), ensured standardized education, and emphasized sciences and modern/classical languages.",The correct answer to the question 'What did Napoleon offer to secondary education?' is: public support,0.591887186646892,"The actual output identifies several key contributions of Napoleon to secondary education, including public support and the establishment of state secondary schools. However, it goes beyond the core truth of the expected output, which specifically highlights 'public support' as the main answer. While the additional details about standardized education and curriculum enhancements are relevant, they may detract from the simplicity of the expected response, which could lead to confusion about the primary focus."
What does the dense population make difficult ,"Dense populations can make housing affordability, infrastructure strain, traffic congestion, and resource management more challenging.","The correct answer to the question 'What does the dense population make difficult ' is: which makes concise definitions of its agglomeration difficult, and somewhat arbitrary.",0.2729488151264836,"The actual output identifies some challenges posed by dense populations, such as housing affordability and traffic congestion, but it does not directly address the core truth of the expected output, which focuses on the difficulty of defining agglomeration. Additionally, the actual output lacks specific details from the retrieval context that could enhance understanding of the topic."
What type of action can second level morphed imperfective verbs denote?,Second level morphed imperfective verbs denote repeated or regular action.,The correct answer to the question 'What type of action can second level morphed imperfective verbs denote?' is: repeated or regular action,0.7756001463443325,"The actual output correctly identifies that second level morphed imperfective verbs denote repeated or regular action, which aligns with the core truth of the expected output. However, it lacks the explicit phrasing of the question and the structured response format found in the expected output, which diminishes its clarity and completeness. The additional context about imperfective verbs enhances understanding but is not directly referenced in the output."
Where did the creator of Mr Benn and King Rollo study?,Plymouth College of Art.,The correct answer to the question 'Where did the creator of Mr Benn and King Rollo study?' is: Plymouth College of Art,0.9131691040589309,"The actual output correctly identifies Plymouth College of Art as the institution where the creator of Mr Benn and King Rollo studied, which aligns perfectly with the expected output. It succinctly answers the question without any deviation from the core truth. Additionally, the retrieval context provides relevant background information about David McKee, enhancing the response's comprehensiveness while maintaining focus on the core question."
"When the third tiere was added on, what is it in form of? ",Panchayats and Municipalities.,"The correct answer to the question 'When the third tiere was added on, what is it in form of? ' is: Panchayats and Municipalities",0.657745184256716,"The actual output correctly identifies 'Panchayats and Municipalities' as the third tier of government, aligning with the expected output. However, it lacks the introductory phrase that clearly states it as the answer to the specific question posed, which diminishes clarity. While it captures the core truth, it does not fully enhance understanding by omitting context from the retrieval that could provide additional insights into the significance of this tier."
"What pre-preg material is designated by ""FR-2""?",FR-2 is phenolic cotton paper.,"The correct answer to the question 'What pre-preg material is designated by ""FR-2""?' is: phenolic cotton paper",0.8360224071805897,"The actual output correctly identifies 'FR-2' as phenolic cotton paper, which aligns with the core truth of the expected output. However, it lacks the explicit framing of the answer as a response to the question posed, which is present in the expected output. While the actual output is accurate, it could be improved by including the context of the question for clarity."
On which two major issues did McCain and Schwarzenegger publicly agree?,Environment and economy.,The correct answer to the question 'On which two major issues did McCain and Schwarzenegger publicly agree?' is: the environment and economy,0.8184097755150187,"The actual output correctly identifies the two major issues, 'environment and economy,' which aligns with the expected output. However, it lacks the explicit phrasing that directly answers the question posed, which diminishes clarity. The retrieval context provides additional relevant details about the relationship between McCain and Schwarzenegger, enhancing understanding, but the core truth could have been articulated more clearly."
What does the region of England continue to use?,The Regions of England continue to be used in certain governmental administrative functions.,The correct answer to the question 'What does the region of England continue to use?' is: certain governmental administrative functions,0.7463887575465702,"The actual output correctly identifies that the Regions of England are used in certain governmental administrative functions, which aligns with the core truth of the expected output. However, it lacks the explicit phrasing of the expected output, which directly answers the question posed. While it provides relevant context, it could be more concise to enhance clarity and focus on the core question."
What is the largest school system in North Carolina?,Wake County Public School System.,The correct answer to the question 'What is the largest school system in North Carolina?' is: Wake County Public School System,0.7502296424877213,"The actual output correctly identifies the Wake County Public School System as the largest school system in North Carolina, aligning with the core truth of the expected output. However, it lacks the additional context provided in the expected output, which explicitly states that this is the answer to the question posed. While the response is accurate, it could be improved by explicitly framing it as an answer to the question for better clarity."
What organization developed land to expand New Delhi in the 1950s?,Central Public Works Department (CPWD),The correct answer to the question 'What organization developed land to expand New Delhi in the 1950s?' is: the Central Public Works Department,0.9622878791163718,"The actual output correctly identifies the Central Public Works Department (CPWD) as the organization that developed land to expand New Delhi in the 1950s, which aligns perfectly with the expected output. Additionally, the retrieval context provides relevant details about the CPWD's role in developing the diplomatic enclave of Chanakyapuri, enhancing the understanding of the answer without deviating from the core truth."
Who was the chieftain of the Xiongnu?,Modu Chanyu,The correct answer to the question 'Who was the chieftain of the Xiongnu?' is: Modu Chanyu,0.9031327952438286,"The actual output correctly identifies Modu Chanyu as the chieftain of the Xiongnu, which aligns with the core truth of the expected output. While it lacks the introductory phrase present in the expected output, it still provides the correct answer succinctly. The retrieval context offers additional relevant details about Modu Chanyu's reign and the Xiongnu, enhancing the understanding of the topic without detracting from the core answer."
In what year did the Netherlands gain independence from France?,1813,The correct answer to the question 'In what year did the Netherlands gain independence from France?' is: 1813,0.8958019893208264,"The actual output correctly identifies the year 1813 as the year the Netherlands gained independence from France, which aligns with the expected output. However, it lacks the explicit phrasing found in the expected output that clearly states it as the answer to the question. While the core truth is present, the absence of a complete sentence format slightly detracts from the clarity of the response."
The release of Internet Explorer started the first what?,Browser war.,The correct answer to the question 'The release of Internet Explorer started the first what?' is: browser war,0.7594935846178615,"The actual output correctly identifies the core truth of the expected output by stating 'browser war', which directly answers the question about the release of Internet Explorer. However, it lacks the additional context provided in the expected output that clarifies the answer's relevance. While the response is accurate, it could have been more comprehensive by including details from the retrieval context that explain why the term 'browser war' is significant."
When did the Samanid Empire rule the land?,The Samanid Empire ruled from 819 to 999.,The correct answer to the question 'When did the Samanid Empire rule the land?' is: The Samanid Empire,0.5932654405297157,"The actual output correctly identifies the time period of the Samanid Empire's rule, which aligns with the core truth of the expected output. However, it lacks the explicit phrasing of the expected output, which directly answers the question posed. While the actual output provides accurate information, it does not include the additional context or details that could enhance understanding, such as the significance of the Samanid Empire or its cultural impact, which were present in the retrieval context."
Who has the power to issue a pardon?,The president has the power to issue a pardon.,The correct answer to the question 'Who has the power to issue a pardon?' is: The president,0.8279617172037493,"The actual output correctly identifies that the president has the power to issue a pardon, which aligns with the core truth of the expected output. However, it lacks the explicit phrasing of the expected output, which states 'The correct answer to the question... is: The president.' While the actual output is accurate and provides relevant information, it could be improved by directly mirroring the expected format."
How much speed is associated with each degree Warnerke?,Each degree Warnerke represents an increase of 1/3 in speed.,The correct answer to the question 'How much speed is associated with each degree Warnerke?' is: an increase of 1/3 in speed,0.86500971231395,"The actual output correctly identifies the core truth that each degree Warnerke represents an increase of 1/3 in speed, which aligns with the expected output. However, it lacks the explicit framing of the answer as a response to the question posed, which is a minor shortcoming. The additional context about the Warnerke Standard Sensitometer enhances understanding but is not necessary for answering the core question."
What re-emerged during the Katarista movement in the 1970s?,Renewed ethnic and class militancy.,The correct answer to the question 'What re-emerged during the Katarista movement in the 1970s?' is: ethnic and class militancy,0.8242395664889554,"The actual output correctly identifies 'renewed ethnic and class militancy' as a key aspect that re-emerged during the Katarista movement in the 1970s, aligning well with the expected output. However, it lacks the explicit phrasing of the question and the context of the Katarista movement, which could enhance clarity and completeness. Overall, it captures the core truth effectively but could benefit from a more comprehensive presentation."
Where did IGN rank the SNES?,IGN ranked the SNES as the fourth best video game console.,The correct answer to the question 'Where did IGN rank the SNES?' is: fourth best,0.8062970908486846,"The actual output correctly identifies IGN's ranking of the SNES as the fourth best video game console, which aligns with the core truth of the expected output. However, it lacks the explicit phrasing 'The correct answer to the question...' that is present in the expected output, which would enhance clarity. The retrieval context provides relevant background information about the SNES, but the actual output could have included a brief mention of IGN to strengthen the connection to the ranking source."
Who disapproved of the proposed marriage between Victoria and Albert?,William IV disapproved of the proposed marriage between Victoria and Albert.,The correct answer to the question 'Who disapproved of the proposed marriage between Victoria and Albert?' is: William IV,0.7926991057540687,"The actual output correctly identifies William IV as the individual who disapproved of the marriage between Victoria and Albert, aligning well with the expected output. However, it lacks the explicit phrasing of the question and the structured format of the expected answer, which diminishes its clarity. While it does not include additional relevant details from the retrieval context, it remains focused on the core truth of the expected output."
How much of the total population was polish common wealth?,The Polish-Lithuanian Commonwealth's nobility (szlachta) constituted approximately 10-12% of the total population.,The correct answer to the question 'How much of the total population was polish common wealth?' is: 10–12%,0.8180096517326646,"The actual output correctly identifies the percentage of the Polish-Lithuanian Commonwealth's nobility as 10-12%, which aligns with the core truth of the expected output. However, while it provides additional context about the nobility's population percentage, it could be more concise to directly match the expected output format. The response is informative but slightly deviates from the simplicity of the expected answer."
In what year was Tuvalu discovered by a European?,"Tuvalu was first settled by a European, John O'Brien, in the 1850s.",The correct answer to the question 'In what year was Tuvalu discovered by a European?' is: 1568,0.18963565930544138,"The actual output mentions John O'Brien as the first European to settle in Tuvalu in the 1850s, which is relevant but does not address the expected output regarding the year Tuvalu was discovered by a European, which is 1568. The core truth of the expected output is not present, and while the additional context about O'Brien provides some historical detail, it does not enhance understanding of the specific question asked."
Who supplies NYC with drinkable water?,New York City is supplied with drinking water by the protected Catskill Mountains watershed.,The correct answer to the question 'Who supplies NYC with drinkable water?' is: Catskill Mountains watershed,0.8095398097710917,"The actual output correctly identifies the Catskill Mountains watershed as the source of drinking water for New York City, aligning with the core truth of the expected output. It provides additional relevant details about the watershed's natural filtration system and the city's water supply infrastructure, which enhances the response's comprehensiveness. However, it slightly deviates from the expected format by not explicitly stating 'The correct answer to the question...' as in the expected output, which prevents a perfect score."
When were nociceptors discovered?,Nociceptors were discovered in 2003.,The correct answer to the question 'When were nociceptors discovered?' is: 2003,0.523660520411662,"The actual output provides the correct year of discovery for nociceptors, aligning with the core truth of the expected output. However, it lacks the clarity and completeness of the expected format, which explicitly states the question and answer. While the response is factually correct, it does not enhance understanding with additional context from the retrieval context, which could have provided more depth about nociceptors."
Who was defeated in the War of Spanish Succession?,Catalonia and Valencia were defeated in the War of Spanish Succession.,The correct answer to the question 'Who was defeated in the War of Spanish Succession?' is: Catalan,0.44027444884298744,"The actual output identifies Catalonia and Valencia as defeated parties in the War of Spanish Succession, which aligns with the expected output's core truth that Catalan was defeated. However, it fails to clearly articulate that 'Catalan' refers specifically to the people or region, leading to a lack of precision. The retrieval context provides relevant historical details but does not enhance the clarity of the actual output, which could have been more focused on the expected answer."
Who fled with the Jin court to the South?,Nobles and wealthy families fled with the Jin court to the South in 317 AD.,The correct answer to the question 'Who fled with the Jin court to the South?' is: nobles and wealthy families,0.8,"The actual output correctly identifies that 'nobles and wealthy families' fled with the Jin court to the South, aligning well with the expected output. However, it provides additional context by specifying the year 317 AD and the reestablishment of the Jin court in Nanjing, which, while informative, slightly diverges from the core truth of the expected output. Overall, the core truth is present and accurately represented, just with extra details that enhance understanding."
"At minimum, how many regular season games did the AFL agree to broadcast?","At minimum, 19 regular season games.","The correct answer to the question 'At minimum, how many regular season games did the AFL agree to broadcast?' is: 17",0.37260513069572854,"The actual output states a minimum of 19 regular season games, which contradicts the expected output of 17 games. While the actual output provides a number that is relevant to the context, it fails to align with the core truth of the expected answer. The additional details in the retrieval context about broadcasting agreements do not enhance the accuracy of the response, leading to a significant misalignment with the expected output."
Where was Petersburg located in relation to Ford Stedman?,Petersburg (Saint Petersburg) is located northeast of Fort Stedman.,The correct answer to the question 'Where was Petersburg located in relation to Ford Stedman?' is: east,0.5576373772860478,"The actual output correctly identifies the location of Petersburg in relation to Fort Stedman, stating it is northeast, which aligns with the expected output's core truth of being east. However, it does not provide additional relevant details from the retrieval context that could enhance understanding, nor does it elaborate on the significance of the location, resulting in a lack of comprehensiveness compared to the expected output."
Where is the basic MP3 decoding and technology patent free?,The basic MP3 decoding and encoding technology is patent-free in the European Union.,The correct answer to the question 'Where is the basic MP3 decoding and technology patent free?' is: European Union,0.8106623837475606,"The actual output correctly identifies the European Union as the location where MP3 decoding and encoding technology is patent-free, aligning with the core truth of the expected output. It provides additional context about the patent status in the EU, which enhances the response without detracting from the main answer. However, it could be slightly more concise to match the expected output's directness."
What is an Arabic term for allusions?,"The Arabic term for allusions is ""ilm al-ijaz"" (علم الإعجاز).",The correct answer to the question 'What is an Arabic term for allusions?' is: isharat,0.2722432663426252,"The actual output provides an Arabic term for allusions, 'ilm al-ijaz', which is relevant but does not match the expected output of 'isharat'. While it correctly identifies a term related to the question, it fails to align with the expected answer, indicating a significant shortcoming. Additionally, the output does not include any additional relevant details from the retrieval context that could enhance understanding or provide further context about the term."
How many operations have been completed by the Canadian Military Internationally?,72 international operations have been completed by the Canadian military.,The correct answer to the question 'How many operations have been completed by the Canadian Military Internationally?' is: 72,0.8230075565908557,"The actual output correctly identifies the number of international operations completed by the Canadian military, aligning with the core truth of the expected output. However, it lacks the explicit phrasing that directly answers the question posed, which diminishes its clarity slightly. The output does not include additional relevant details from the retrieval context, but it remains focused on the core question without detracting from it."
When was the original USB 1.0 Specification introduced?,January 1996.,The correct answer to the question 'When was the original USB 1.0 Specification introduced?' is: January 1996,0.815752301931788,"The actual output correctly identifies the core truth by stating 'January 1996', which aligns with the expected output. However, it lacks the additional context provided in the retrieval context that could enhance understanding, such as details about the development of USB and its significance. While the response is accurate, it could be more informative by including relevant details without detracting from the core answer."
"Outside of policymakers and teachers, who else is a key component to improving nutritional content in schools?",Managed foodservice contractors are also a key component to improving nutritional content in schools.,"The correct answer to the question 'Outside of policymakers and teachers, who else is a key component to improving nutritional content in schools?' is: managed foodservice contractors",0.7631128369870877,"The actual output correctly identifies managed foodservice contractors as a key component in improving nutritional content in schools, aligning well with the expected output. However, it lacks the explicit phrasing of the expected answer, which could enhance clarity. The response does not deviate from the core truth and provides relevant context about the role of these contractors, making it comprehensive while still addressing the core question."
When did the Iconodules  change the cross in the Hagia Sophia?,The Iconodules changed the cross in the Hagia Sophia after 787.,The correct answer to the question 'When did the Iconodules  change the cross in the Hagia Sophia?' is: 787–797,0.5593195272994566,"The actual output correctly identifies the time frame of the Iconodules' changes in the Hagia Sophia, but it lacks the specificity of the expected output, which includes the full range of years (787–797). While it conveys the core truth, it does not provide the comprehensive detail expected, thus falling short of a higher score."
What was notable about the discovered vitamin A?,"Vitamin A was the first vitamin discovered, identified in 1913 by Elmer McCollum.",The correct answer to the question 'What was notable about the discovered vitamin A?' is: fat-soluble,0.30799780371901475,"The actual output provides historical information about the discovery of vitamin A, which is somewhat relevant, but it fails to address the core truth of the expected output, which is that vitamin A is notable for being fat-soluble. The actual output does not mention this key detail, and while it includes some context about the discovery, it does not enhance understanding of the core message regarding the vitamin's solubility."
What was the percentage of Turks in the Cyprus population?,"In 1960, Turks made up 18.2% of the Cyprus population. In 1974, they comprised 18.4%.",The correct answer to the question 'What was the percentage of Turks in the Cyprus population?' is: 18.2%,0.7604175233251642,"The actual output correctly identifies the percentage of Turks in the Cyprus population for both 1960 and 1974, which aligns with the core truth of the expected output. However, while it provides additional relevant details by including the 1974 percentage, it slightly diverges from the expected output's focus on the 1960 figure. Overall, the response is informative and maintains the core truth, but the inclusion of the second percentage could be seen as excessive for the specific question asked."
What was Sultan Selim I's nickname?,"Sultan Selim I's nickname was ""the Grim.""",The correct answer to the question 'What was Sultan Selim I's nickname?' is: the Grim,0.7749508543846737,"The actual output correctly identifies Sultan Selim I's nickname as 'the Grim,' which aligns with the expected output. However, it lacks the explicit phrasing of the expected output that states it as the answer to the question, which slightly detracts from its completeness. The additional context about Selim I's actions enhances understanding but is not necessary for answering the question directly."
What was the name of the video game that was cancelled for Beyonce?,Starpower: Beyoncé.,The correct answer to the question 'What was the name of the video game that was cancelled for Beyonce?' is: Starpower: Beyoncé,0.933566954586602,"The actual output correctly identifies the core truth of the expected output by providing the name of the cancelled video game, 'Starpower: Beyoncé'. It matches the expected answer format and includes the necessary detail without extraneous information. The response is concise and directly addresses the question, demonstrating strong alignment with the evaluation steps."
What is the distinguishing design element in German Gothic cathedrals?,"The distinguishing design element in German Gothic cathedrals is their breadth and openness, often characterized by tall towers and compressed façades.",The correct answer to the question 'What is the distinguishing design element in German Gothic cathedrals?' is: their breadth and openness,0.7447569221767567,"The actual output correctly identifies 'breadth and openness' as the distinguishing design element in German Gothic cathedrals, aligning with the expected output. However, it includes additional details about tall towers and compressed façades, which, while relevant, may detract from the core truth by introducing complexity that could confuse the main message."
Whose art is displayed at the large cathedral in Mexico City?,"The Metropolitan Cathedral in Mexico City displays works by Juan de Rojas, Juan Correa, and an oil painting attributed to Murillo.",The correct answer to the question 'Whose art is displayed at the large cathedral in Mexico City?' is: Juan de Rojas,0.5876966556104939,"The actual output correctly identifies multiple artists whose works are displayed at the Metropolitan Cathedral, including Juan de Rojas, which aligns with the expected output's core truth. However, it fails to emphasize that Juan de Rojas is the primary answer to the question, which could lead to confusion. While the additional details about other artists enhance the context, they detract from the clarity of the core answer."
"Along with the Senussi, who was purged from the military?",Monarchists.,"The correct answer to the question 'Along with the Senussi, who was purged from the military?' is: monarchists",0.818645094734767,"The actual output 'Monarchists' correctly identifies the core truth of the expected output, which is the answer to the question about who was purged from the military. However, it lacks the contextual framing provided in the expected output, which explicitly states the question and the answer format. While the core truth is present, the absence of this framing slightly detracts from the overall clarity and completeness of the response."
Where does the Richmind-Petersburg DMA rank in the United States?,58th largest.,The correct answer to the question 'Where does the Richmind-Petersburg DMA rank in the United States?' is: 58th,0.7643997073337717,"The actual output correctly identifies the ranking of the Richmond-Petersburg DMA as 58th, which aligns with the core truth of the expected output. However, it lacks the additional context provided in the expected output, such as the phrasing of the question and the explicit mention of it being the 'correct answer.' While the response is concise, it could benefit from a bit more detail to enhance clarity and completeness."
When did the seven companies begin developing USB's?,The seven companies began developing USB in 1994.,The correct answer to the question 'When did the seven companies begin developing USB's?' is: 1994,0.7258680303441428,"The actual output correctly identifies the year 1994 as the start of USB development, aligning with the core truth of the expected output. However, it lacks the explicit phrasing of the question and the format of the expected answer, which diminishes its clarity. While it provides accurate information, it does not include additional relevant details from the retrieval context that could enhance understanding, such as the names of the companies involved."
What did Ibn Sina classify into stones?,"Ibn Sina classified minerals and substances in his work on alchemy, distinguishing between different types of stones based on their properties.",The correct answer to the question 'What did Ibn Sina classify into stones?' is: minerals,0.4793329512124959,"The actual output mentions Ibn Sina's classification of minerals and substances, which aligns with the core truth of the expected output regarding his classification of stones. However, it does not explicitly state that the classification includes 'minerals,' which is the specific answer sought in the expected output. While the additional context about Ibn Sina's work on alchemy is relevant, it does not enhance the understanding of the core truth and may distract from the direct answer."
What does काष्ठ mean in English?,"काष्ठ means ""wood"" in English.",The correct answer to the question 'What does काष्ठ mean in English?' is: wood,0.7666028446941857,"The actual output correctly identifies the meaning of 'काष्ठ' as 'wood', which aligns with the core truth of the expected output. However, it lacks the explicit phrasing of the expected output that emphasizes it as the answer to the question, which slightly detracts from its completeness. The response is clear and accurate, but could benefit from a more formal structure to match the expected format."
When did the FCC rule on net neturality?,"The FCC ruled on net neutrality on February 26, 2015.",The correct answer to the question 'When did the FCC rule on net neturality?' is: February 2015,0.7768074519252661,"The actual output correctly identifies the date of the FCC ruling on net neutrality as February 26, 2015, which aligns with the core truth of the expected output. However, it lacks the explicit phrasing of 'the correct answer to the question' found in the expected output, which slightly diminishes its clarity. The actual output is concise and directly answers the question, but it could have included more context or details from the retrieval context to enhance its comprehensiveness."
Where in the Marshall Islands does the United States have a missile testing range?,Kwajalein Atoll,The correct answer to the question 'Where in the Marshall Islands does the United States have a missile testing range?' is: Kwajalein Atoll,0.8337147653600141,"The actual output correctly identifies 'Kwajalein Atoll' as the location of the U.S. missile testing range, aligning with the core truth of the expected output. However, it lacks the additional context provided in the expected output, which explicitly states the question it answers. While the core truth is present, the absence of the question diminishes the clarity of the response."
What are people called who have left Germany but still speak German?,"They are called ""Auswanderer.""",The correct answer to the question 'What are people called who have left Germany but still speak German?' is: Auswanderer,0.7797192398981637,"The actual output correctly identifies the term 'Auswanderer' as the answer to the question about people who have left Germany but still speak German, aligning well with the expected output. However, it lacks the explicit framing of the answer as a response to the question, which could enhance clarity. The retrieval context provides relevant background information about the term, but the actual output could have included a brief mention of this context to further enrich understanding."
What type of elevators are generally less costly than full commercial elevators?,Residential elevators.,The correct answer to the question 'What type of elevators are generally less costly than full commercial elevators?' is: residential,0.5270557280175285,"The actual output identifies 'residential elevators,' which aligns with the core truth of the expected output regarding cost comparison. However, it lacks the clarity and completeness of the expected output, which explicitly states the question and provides a full answer. While the retrieval context supports the notion that residential elevators are less costly, the actual output does not incorporate any additional relevant details that could enhance understanding."
How much direct foreign investment existed in Libya circa 2004?,Approximately $40 billion.,The correct answer to the question 'How much direct foreign investment existed in Libya circa 2004?' is: $40 billion,0.8590763957863043,"The actual output provides the correct figure of $40 billion, which aligns with the core truth of the expected output. However, it lacks the explicit context of the question, which is to identify the direct foreign investment in Libya circa 2004. While the answer is accurate, it could be improved by explicitly stating that it is in response to the question posed, thereby enhancing clarity and completeness."
Where are glaciers in Africa located?,"Glaciers in Africa are located on Mount Kilimanjaro, Mount Kenya, and in the Rwenzori Mountains.","The correct answer to the question 'Where are glaciers in Africa located?' is: Mount Kilimanjaro in Tanzania, on Mount Kenya and in the Rwenzori Mountains",0.8031083990347465,"The actual output correctly identifies the locations of glaciers in Africa, aligning well with the expected output. However, it lacks the explicit mention of Tanzania, which is part of the expected answer. While the core truth is present, the omission of this detail slightly detracts from the completeness of the response. The additional context provided does not confuse the core message and supports the understanding of glacier locations."
Where did the first English coffeehouse open in 1650?,Oxford,The correct answer to the question 'Where did the first English coffeehouse open in 1650?' is: Oxford,0.9,"The actual output correctly identifies 'Oxford' as the location of the first English coffeehouse in 1650, which aligns with the core truth of the expected output. While the actual output is less detailed than the expected output, it succinctly answers the question without unnecessary information. The retrieval context provides additional relevant details about the significance of coffeehouses in Oxford, which enhances the understanding of the topic without detracting from the core answer."
President Bonaparte was declared what in France? ,Emperor of the French.,The correct answer to the question 'President Bonaparte was declared what in France? ' is: Emperor Napoleon III,0.26107759987962464,"The actual output identifies Napoleon as 'Emperor of the French,' which is partially correct but does not specify 'Napoleon III' as required by the expected output. This omission fails to fully address the core truth of the question. Additionally, while the retrieval context provides extensive background on Napoleon's life and achievements, the actual output lacks any additional relevant details that could enhance the response."
Who was the co-founder of the Black Panthers that was placed on trial in New Haven?,Bobby Seale.,The correct answer to the question 'Who was the co-founder of the Black Panthers that was placed on trial in New Haven?' is: Bobby Seale,0.8797792781431963,"The actual output correctly identifies Bobby Seale as the co-founder of the Black Panthers, which aligns with the expected output. However, it lacks the additional context provided in the expected output, such as the specific question it answers and the mention of the trial in New Haven. While the core truth is present, the response could be improved by explicitly stating the context of the question."
what is a perfect example of a filled vacuum showing a curvature?,A black hole is a perfect example of a filled vacuum that shows strong curvature.,The correct answer to the question 'what is a perfect example of a filled vacuum showing a curvature?' is: The black hole,0.6207938382758547,"The actual output identifies a black hole as an example of a filled vacuum showing strong curvature, which aligns with the core truth of the expected output. However, it lacks the explicit phrasing of the expected answer and does not directly address the question format. While it provides relevant details about black holes and curvature, it could be clearer in directly stating that a black hole is the answer to the posed question."
When was the term middle east common as a noun and adjective?,"The term ""Middle East"" was common as a noun and adjective in the 19th century.",The correct answer to the question 'When was the term middle east common as a noun and adjective?' is: the 19th century,0.7136295637013286,"The actual output correctly identifies the 19th century as the time when the term 'Middle East' was common, aligning with the core truth of the expected output. However, it lacks the explicit phrasing of the expected output, which directly answers the question posed. While the actual output is accurate, it does not provide additional relevant details from the retrieval context that could enhance understanding, such as the term's usage in various contexts or its evolution over time."
Which department did Popper found at the London School of Economics?,"Department of Philosophy, Logic and Scientific Method.","The correct answer to the question 'Which department did Popper found at the London School of Economics?' is: Department of Philosophy, Logic and Scientific Method",0.8193192963513243,"The actual output correctly identifies the department founded by Popper at the London School of Economics, aligning well with the expected output. However, it lacks the introductory phrase present in the expected output, which explicitly states that it is the answer to the question posed. While the core truth is present, the absence of this context slightly detracts from the clarity and completeness of the response."
In what year was New York ranked first on the Global Economic Power Index?,2012,The correct answer to the question 'In what year was New York ranked first on the Global Economic Power Index?' is: 2012,0.8383891544259245,"The actual output correctly identifies the year 2012, which aligns with the core truth of the expected output. However, it lacks the additional context provided in the expected output, such as the phrasing that explicitly states it is the answer to the question. While the actual output is accurate, it could be improved by including a more comprehensive response that mirrors the expected output's structure."
What was the average speed of a winning solar powered car by 2007?,90.87 km/h (56.46 mph),The correct answer to the question 'What was the average speed of a winning solar powered car by 2007?' is: 90.87 kilometres per hour (56.46 mph),0.823797296665336,"The actual output provides the correct average speed of the winning solar-powered car by 2007, aligning with the core truth of the expected output. However, it lacks the explicit phrasing that contextualizes the answer as a response to the specific question posed, which is present in the expected output. While the numerical values are accurate, the absence of a complete sentence structure diminishes clarity and context."
When was the Chrysler building built in NYC?,1930,The correct answer to the question 'When was the Chrysler building built in NYC?' is: 1930,0.8013982942712788,"The actual output provides the correct year of construction for the Chrysler Building, which aligns with the core truth of the expected output. However, it lacks the additional context and phrasing present in the expected output, which explicitly states the question and provides a complete sentence. While the core truth is present, the response could be improved by including more detail or context to enhance clarity."
"what usually has a larger network, the ISP of the customer or the upstream ISP?",The upstream ISP usually has a larger network.,"The correct answer to the question 'what usually has a larger network, the ISP of the customer or the upstream ISP?' is: upstream ISPs",0.7136295658575739,"The actual output correctly identifies that upstream ISPs usually have a larger network, which aligns with the core truth of the expected output. However, it lacks the explicit phrasing of the expected answer, which directly states 'upstream ISPs' as the answer to the question. While the actual output provides relevant context, it could be more directly aligned with the expected format and clarity of the expected output."
What publication promoted Pope Paul VI's views on abortion?,Humanae vitae.,The correct answer to the question 'What publication promoted Pope Paul VI's views on abortion?' is: encyclical Humanae vitae,0.4987063083820341,"The actual output identifies the encyclical 'Humanae vitae' but lacks the clarity and completeness of the expected output, which explicitly states that it is the publication promoting Pope Paul VI's views on abortion. While the core truth is present, the response does not fully articulate the context or significance of the encyclical as required."
Poland views Napoleon in a positive light partially based on his opposition to what country?,Poland views Napoleon positively for his opposition to Russia.,The correct answer to the question 'Poland views Napoleon in a positive light partially based on his opposition to what country?' is: Russia,0.7167815710469119,"The actual output correctly identifies that Poland views Napoleon positively due to his opposition to Russia, which aligns with the core truth of the expected output. However, it lacks the explicit mention of the question format and the direct answer 'Russia' as required in the expected output. While the actual output provides a relevant detail, it could be more comprehensive by including the exact phrasing of the expected answer."
What company provides the city with natural gas?,Philadelphia Gas Works (PGW) provides natural gas to the city of Philadelphia.,The correct answer to the question 'What company provides the city with natural gas?' is: Redeem,0.19281885039806038,"The actual output identifies Philadelphia Gas Works (PGW) as the provider of natural gas to Philadelphia, which is relevant but does not match the expected output that states 'Redeem' as the answer. The core truth of the expected output is not present in the actual output, leading to a significant misalignment. While the actual output provides additional context about PGW, it fails to address the specific question posed in the expected output."
How many people of Somali ethnicity live in Somalia?,Approximately 12.3 million.,The correct answer to the question 'How many people of Somali ethnicity live in Somalia?' is: 12.3 million,0.8515405885762618,"The actual output provides the correct numerical answer of approximately 12.3 million, which aligns with the core truth of the expected output. However, it lacks the explicit context of the question and the phrasing found in the expected output, which could enhance clarity. While it does not detract from the core truth, it could be more comprehensive by including the question reference."
How many people came to visit New York in 2013?,54 million,The correct answer to the question 'How many people came to visit New York in 2013?' is: 54 million,0.8032257855656159,"The actual output correctly identifies the number of visitors to New York in 2013 as 54 million, which aligns with the core truth of the expected output. However, it lacks the contextual framing provided in the expected output, which explicitly states the question and provides a complete sentence. While the actual output is accurate, it could be improved by including more context or a complete statement to enhance clarity."
Where did some Jewish communities settle after they were expelled from Spain?,"Some Jewish communities settled in Turkey, France, Italy, Holland, and Palestine after being expelled from Spain in 1492.",The correct answer to the question 'Where did some Jewish communities settle after they were expelled from Spain?' is: Palestine,0.6189574529298617,"The actual output identifies multiple locations where Jewish communities settled after being expelled from Spain, which partially addresses the core truth of the expected output. However, it does not clearly emphasize Palestine as the primary answer, which is the focus of the expected output. While the additional details enhance context, they detract from the directness of the response to the specific question asked."
Who won the election?,George W. Bush won the election.,The correct answer to the question 'Who won the election?' is: João Bernardo Vieira,0.0,"The actual output states that George W. Bush won the election, which directly contradicts the expected output that identifies João Bernardo Vieira as the winner. The core truth of the expected output is not present in the actual output, leading to a complete misalignment with the evaluation steps."
What is a famous opera house in Detroit?,Detroit Opera House.,The correct answer to the question 'What is a famous opera house in Detroit?' is: Detroit Opera House,0.8776071733160553,"The actual output correctly identifies the Detroit Opera House as a famous opera house in Detroit, aligning well with the expected output. While it lacks the introductory phrase present in the expected output, it still conveys the core truth effectively. The retrieval context provides additional relevant details about the Detroit Opera House, enhancing understanding without detracting from the main answer."
What did the PVA and KPA gain by using the tactics during the Third Phase Offensive,"The PVA and KPA gained surprise, overwhelming UN forces, and successfully recaptured Seoul on 4 January 1951.",The correct answer to the question 'What did the PVA and KPA gain by using the tactics during the Third Phase Offensive' is: Seoul,0.7951587006068156,"The actual output correctly identifies that the PVA and KPA gained control of Seoul, which aligns with the core truth of the expected output. However, it provides additional context about the tactics used during the Third Phase Offensive and the date of recapturing Seoul, which, while relevant, slightly deviates from the simplicity of the expected answer. Overall, it effectively answers the core question while offering more detail than necessary."
What phrase was coined in the 16th century to reference recent times?,"The phrase ""modern"" was coined in the 16th century to reference recent times.",The correct answer to the question 'What phrase was coined in the 16th century to reference recent times?' is: modern,0.6323400176197743,"The actual output correctly identifies the term 'modern' as being coined in the 16th century, which aligns with the core truth of the expected output. However, it lacks the explicit phrasing of the expected output, which directly answers the question. While the additional context about the term's meaning enhances understanding, it could be seen as somewhat extraneous, detracting from the clarity of the core answer."
What do the Nepalese call Thangkas?,"Nepalese call Thangkas ""Paubhas.""",The correct answer to the question 'What do the Nepalese call Thangkas?' is: Paubhas,0.924987099015711,"The actual output directly answers the question posed in the expected output by stating that Nepalese call Thangkas 'Paubhas.' This aligns perfectly with the core truth of the expected output. Additionally, the retrieval context provides relevant background information about Nepali art and the cultural significance of Thangkas, enhancing understanding without deviating from the core truth."
What was the title of the travel book written by Fanny Vandegrift Stevenson?,The Cruise of the Janet Nichol.,The correct answer to the question 'What was the title of the travel book written by Fanny Vandegrift Stevenson?' is: The Cruise of the Janet Nichol,0.8968672047561717,"The actual output correctly identifies the title of the travel book written by Fanny Vandegrift Stevenson, which aligns with the core truth of the expected output. It presents the title clearly, although it lacks the explicit phrasing 'The correct answer to the question...' found in the expected output. The additional context provided in the retrieval context enhances understanding of the book's background without detracting from the core answer."
What did this leader of change believe of the conception of Mary ?,"Pope Pius IX believed that Mary was redeemed uniquely and immaculately conceived, completely prevented from Original Sin by the merits of Jesus Christ.","The correct answer to the question 'What did this leader of change believe of the conception of Mary ?' is: Mother Mary, like us, was born in sin of sinful parents, but the Holy Spirit covered her, sanctified and purified her",0.313642583275386,"The actual output presents Pope Pius IX's belief about Mary's conception, emphasizing her unique redemption and prevention from Original Sin, which aligns with the core truth of the expected output. However, it diverges significantly from the expected answer, which states that Mary was born in sin but sanctified by the Holy Spirit. The actual output lacks the nuance of Mary's original sin and does not address the question as comprehensively as the expected output, leading to a lower score."
What is one of the countries that objected to the inclusion of political killings in the early version of the Convention?,The USSR.,The correct answer to the question 'What is one of the countries that objected to the inclusion of political killings in the early version of the Convention?' is: USSR,0.8555621645393942,"The actual output correctly identifies the USSR as one of the countries that objected to the inclusion of political killings in the Convention, aligning with the core truth of the expected output. However, it lacks the additional context provided in the expected output, which explicitly states the question and the format of the answer. While the core truth is present, the response could be improved by including a more structured answer format."
In what year did The Greek Uprising take place?,The Greek Uprising took place in 1821.,The correct answer to the question 'In what year did The Greek Uprising take place?' is: 1821,0.8222632114084447,"The actual output correctly identifies the year of the Greek Uprising as 1821, which aligns with the expected output. However, it lacks the explicit phrasing found in the expected output that clearly states it as the answer to the question. While the additional context provided is informative and relevant, it does not detract from the core truth, which is accurately represented."
What organization did Libya join in 1999?,Libya began secret talks with the British government to normalize relations in 1999.,The correct answer to the question 'What organization did Libya join in 1999?' is: Community of Sahel-Saharan States,0.18697084980782672,"The actual output fails to address the core question regarding the organization Libya joined in 1999, instead providing unrelated information about secret talks with the British government. While it does mention a significant event in Libya's history, it does not include the expected answer, which is the Community of Sahel-Saharan States. The lack of relevance to the core truth significantly detracts from the overall alignment with the evaluation steps."
Which large body of water does Galicia border?,Galicia borders the Atlantic Ocean.,The correct answer to the question 'Which large body of water does Galicia border?' is: Atlantic Ocean,0.727592577338166,"The actual output correctly identifies that Galicia borders the Atlantic Ocean, which aligns with the core truth of the expected output. However, it lacks the explicit phrasing of the expected output that directly answers the question, making it less formal and comprehensive. While it provides accurate information, it does not fully encapsulate the expected format or detail, which affects its overall alignment."
When did the Xbox One launch?,"The Xbox One launched on November 22, 2013.","The correct answer to the question 'When did the Xbox One launch?' is: November 22, 2013",0.8098059454242831,"The actual output correctly identifies the launch date of the Xbox One, which aligns with the core truth of the expected output. However, it lacks the explicit framing of the answer as a response to the question, which is present in the expected output. While the actual output is accurate and concise, it could benefit from a more formal presentation that directly addresses the question asked."
What allowed the expansion of Arabic translations during the 5th century?,The creation of Arabic script in the 5th century allowed the expansion of Arabic translations.,The correct answer to the question 'What allowed the expansion of Arabic translations during the 5th century?' is: creation of Arabic script,0.7982346170010146,"The actual output correctly identifies the creation of Arabic script as the factor that allowed the expansion of Arabic translations, aligning well with the expected output. However, it provides additional context about the significance of this development, which, while informative, slightly diverges from the simplicity of the expected answer. The core truth is present and accurately represented, but the extra details could be seen as somewhat excessive for a direct response."
After what war did the alliances start to solidify?,After World War I.,The correct answer to the question 'After what war did the alliances start to solidify?' is: Second Punic War,0.0432995187744737,"The actual output does not address the expected question about the alliances solidifying after the Second Punic War, instead incorrectly referencing World War I. This shows a complete misunderstanding of the core truth required in the expected output, which is not present in the actual output."
How are passenger cabs separated from the lift?,"Passenger cabs are mechanically separated from the lift mechanism, allowing continuous use of elevator shafts while passengers board and disembark.",The correct answer to the question 'How are passenger cabs separated from the lift?' is: mechanically,0.7209547308114362,"The actual output correctly identifies that passenger cabs are mechanically separated from the lift mechanism, which aligns with the core truth of the expected output. However, it provides additional details about the functionality and operation of the elevator system that, while relevant, may detract from the simplicity of the expected answer. The expected output is concise, while the actual output is more comprehensive, which is acceptable but could lead to confusion about the core question."
Who was William C. Boyd?,The provided information does not mention William C. Boyd.,The correct answer to the question 'Who was William C. Boyd?' is: mid-20th-century anthropologist,0.23290838605975242,"The actual output fails to provide the core truth regarding William C. Boyd, as it does not identify him as a mid-20th-century anthropologist, which is the expected output. While it correctly states that the provided information does not mention Boyd, it does not address the question asked, leading to a significant shortcoming in alignment with the evaluation steps."
Why did the NFL Network begin to broadcast games again?,The NFL Network resumed broadcasting Arena Football League games after resolving ongoing labor issues within the league.,The correct answer to the question 'Why did the NFL Network begin to broadcast games again?' is: the labor issues were resolved,0.7961902217489444,"The actual output accurately identifies that the NFL Network resumed broadcasting Arena Football League games after resolving labor issues, which aligns with the core truth of the expected output. However, it provides additional context about the cessation of broadcasts due to labor problems, which, while informative, slightly diverges from the simplicity of the expected answer. Overall, the core question is answered correctly, but the extra details could be seen as unnecessary for a direct response."
Which contestant had a fiancé that had suffered brain damage?,Chris Medina.,The correct answer to the question 'Which contestant had a fiancé that had suffered brain damage?' is: Chris Medina,0.8130113538944954,"The actual output correctly identifies Chris Medina as the contestant with a fiancé who suffered brain damage, aligning with the core truth of the expected output. However, it lacks the additional context provided in the expected output, such as the phrasing of the question and the explicit statement that this is the correct answer. While the response is accurate, it could be more comprehensive by including these details."
What is the total of school children killed?,"The total of school children killed in the earthquake was 5,335.","The correct answer to the question 'What is the total of school children killed?' is: 5,335",0.8807781213902846,"The actual output correctly states the total number of school children killed as 5,335, which aligns with the expected output. However, it lacks the explicit framing of the answer as a response to the question posed, which is present in the expected output. While the core truth is conveyed, the absence of context or additional details from the retrieval context that could enhance understanding slightly detracts from the overall effectiveness of the response."
What is the name of the military in Burma ?,The military in Burma is called the Tatmadaw.,The correct answer to the question 'What is the name of the military in Burma ?' is: Tatmadaw,0.9280895486918203,"The actual output correctly identifies the military in Burma as the Tatmadaw, which aligns perfectly with the expected output. It succinctly answers the question posed without any ambiguity. Additionally, the retrieval context provides relevant background information about the Tatmadaw, enhancing the understanding of its significance without detracting from the core truth of the answer."
"Who wrote an essay in 1945 that proposed a ""new approach?""","Friedrich Hayek wrote *The Road to Serfdom* in 1944, proposing a new approach.","The correct answer to the question 'Who wrote an essay in 1945 that proposed a ""new approach?""' is: Vivian Galbraith",0.06119397504584038,"The actual output incorrectly identifies Friedrich Hayek as the author of a work related to a 'new approach' in 1944, while the expected output specifies Vivian Galbraith as the author of an essay in 1945. The core truth of the expected output is not present in the actual output, and there are no relevant details from the retrieval context that support the actual output's claim."
From what country was Enlightenment leader Catherine the Great?,Russia.,The correct answer to the question 'From what country was Enlightenment leader Catherine the Great?' is: Russia,0.8055421914786594,"The actual output correctly identifies 'Russia' as the country associated with Catherine the Great, aligning with the core truth of the expected output. However, it lacks the additional context and completeness provided in the expected output, which explicitly states the question and includes a full sentence structure. While the core answer is correct, the brevity of the actual output detracts from its comprehensiveness."
"Along with valence, what is the other of the two dimensions used to map emotional experiences?",Arousal.,"The correct answer to the question 'Along with valence, what is the other of the two dimensions used to map emotional experiences?' is: arousal",0.7065682850994564,"The actual output correctly identifies 'arousal' as the answer to the question, aligning with the core truth of the expected output. However, it lacks the additional context and clarity provided in the expected output, which explicitly states the question and the format of the answer. While the core truth is present, the response could be improved by including more detail to enhance comprehension."
"Along with God and morally responsible people, what is an example of a spiritual thing to Hegel?",Ethical communities.,"The correct answer to the question 'Along with God and morally responsible people, what is an example of a spiritual thing to Hegel?' is: ethical communities",0.6348878565938294,"The actual output 'Ethical communities' captures the core truth of the expected output, which is to identify 'ethical communities' as an example of a spiritual thing according to Hegel. However, it lacks the context and clarity provided in the expected output, which explicitly states the question and the answer format. While it is correct, the brevity of the actual output may lead to some ambiguity regarding its completeness and context."
Who apologized to Chopin for adding embellishments to a musical piece he perforemed that was written by Chopin?,There is no information provided about anyone apologizing to Chopin for adding embellishments to his musical pieces.,The correct answer to the question 'Who apologized to Chopin for adding embellishments to a musical piece he perforemed that was written by Chopin?' is: Liszt,0.19873264916488836,"The actual output fails to provide the correct answer to the question regarding who apologized to Chopin, which is a critical aspect of the evaluation. While it correctly states that there is no information about anyone apologizing, it does not acknowledge Liszt as the person who did apologize, which is the core truth of the expected output. The response lacks alignment with the expected output and does not include any relevant details from the retrieval context that could have supported a more comprehensive answer."
What two countries concluded a separate peace with Prussia?,Austria and Russia concluded separate peace with Prussia.,"The correct answer to the question 'What two countries concluded a separate peace with Prussia?' is: Like Sweden, Russia concluded a separate peace with Prussia.",0.3757236753465615,"The actual output identifies Austria and Russia as the countries that concluded a separate peace with Prussia, which aligns with the core truth of the expected output. However, it lacks the specificity of mentioning Sweden and does not clearly state that Russia was one of the countries involved, which is a key detail in the expected output. Additionally, the actual output is less comprehensive than the expected output, which provides context and details about the peace agreements."
When did the Allied invasion of Sicily occur?,July–August 1943.,The correct answer to the question 'When did the Allied invasion of Sicily occur?' is: July–August 1943,0.8098861219478071,"The actual output correctly identifies the timeframe of the Allied invasion of Sicily as July–August 1943, which aligns with the core truth of the expected output. However, it lacks the explicit phrasing of the expected output that states it is the answer to the question, which slightly diminishes its clarity. The response is concise and directly answers the question, but it could have included a more comprehensive context or explanation to enhance its relevance."
"Chopin wrote some music to lyrics, what language were the lyrics?",Polish.,"The correct answer to the question 'Chopin wrote some music to lyrics, what language were the lyrics?' is: Polish",0.8765029693904592,"The actual output correctly identifies the language of the lyrics as 'Polish', which aligns with the core truth of the expected output. However, it lacks the contextual framing provided in the expected output, which explicitly states the question and the answer format. While the response is accurate, it could be improved by including a brief mention of the context or the question to enhance clarity and completeness."
"Who wrote the words ""Against us they have raised the bloody flag of tyranny?""",Rouget de Lisle.,"The correct answer to the question 'Who wrote the words ""Against us they have raised the bloody flag of tyranny?""' is: Rouget de Lisle",0.8657929222370863,"The actual output correctly identifies Rouget de Lisle as the author of the phrase in question, aligning with the core truth of the expected output. However, it lacks the additional context provided in the expected output, which explicitly states the question and the phrase being referenced. While the response is accurate, it could be improved by including more detail to enhance comprehensiveness."
The Napoleonic peace treaty had Ceylon given to which country?,Britain.,The correct answer to the question 'The Napoleonic peace treaty had Ceylon given to which country?' is: Britain,0.7432198049151211,"The actual output correctly identifies 'Britain' as the answer to the question regarding the Napoleonic peace treaty, aligning well with the expected output. However, it lacks the additional context provided in the retrieval context that could enhance understanding, such as the significance of Ceylon in the broader context of British colonial expansion. Including such details would have strengthened the response further."
How many people died because of the Spitak earthquake?,"The information provided does not include details about the Spitak earthquake. Therefore, I cannot answer the question regarding the number of deaths from that earthquake.","The correct answer to the question 'How many people died because of the Spitak earthquake?' is: more than 25,000",0.2123175091005946,"The actual output correctly identifies the lack of information regarding the Spitak earthquake, which aligns with the evaluation steps. However, it fails to provide the expected answer of 'more than 25,000 deaths,' thus missing the core truth. The response does not include any relevant details from the retrieval context that could have been used to enhance the answer, leading to a low score."
What suggests that memory has two different components?,The distinction between RAM (read/write) and ROM (read-only) suggests memory has two different components.,The correct answer to the question 'What suggests that memory has two different components?' is: term of internal representation,0.2818610480421061,"The actual output identifies a distinction between RAM and ROM, which relates to the concept of memory components. However, it fails to directly address the expected output's core truth, which is the term 'internal representation.' The response does not provide the specific answer required and lacks the necessary clarity and focus on the expected output, resulting in a low score despite some relevant information being present."
Who recommended Nasser surrender himself to the British?,Salah Salem recommended Nasser surrender himself to the British.,The correct answer to the question 'Who recommended Nasser surrender himself to the British?' is: Salah Salem,0.7926991047447559,"The actual output correctly identifies Salah Salem as the person who recommended Nasser surrender himself to the British, aligning with the core truth of the expected output. However, it lacks the explicit phrasing of the question and the structured format of the expected output, which diminishes its clarity. The additional context provided in the retrieval context is relevant and supports the answer, but the response could be more comprehensive by including the question format to enhance understanding."
What was the total value of all of Charleston's city buildings before the earthquake?,$24 million ($531 million in 2006 dollars).,The correct answer to the question 'What was the total value of all of Charleston's city buildings before the earthquake?' is: $24 million,0.8192959334441609,"The actual output correctly identifies the total value of all of Charleston's city buildings before the earthquake as $24 million, which aligns with the expected output. However, it includes additional context about the value in 2006 dollars, which, while relevant, slightly deviates from the core truth of the expected output. Overall, the response is accurate and informative, but the extra detail could be seen as unnecessary for the specific question asked."
Who resigned in September of 1987?,Boris Yeltsin resigned in September 1987.,The correct answer to the question 'Who resigned in September of 1987?' is: Boris Yeltsin,0.3769129690255223,"The actual output identifies Boris Yeltsin as the individual who resigned, which aligns with the expected output's core truth. However, it incorrectly states the resignation occurred in September 1987 instead of the correct date of October 1987. While the retrieval context provides relevant details about Yeltsin's resignation, the actual output lacks clarity and completeness, failing to explicitly state that it is answering the question posed in the expected output."
The principle Bible college of the Free Will Baptists is located in which Tennessee city?,Nashville.,The correct answer to the question 'The principle Bible college of the Free Will Baptists is located in which Tennessee city?' is: Nashville,0.7795970783977426,"The actual output correctly identifies Nashville as the location of the principle Bible college of the Free Will Baptists, aligning with the core truth of the expected output. However, it lacks the additional context provided in the expected output, such as the phrasing of the question and the explicit statement 'The correct answer to the question...'. While the response is accurate, it could be more comprehensive by including these details."
What reduced Germany’s need for Soviet goods?,The abandonment of Treaty of Versailles military controls and the more isolationist Stalinist regime reduced Germany's need for Soviet goods.,The correct answer to the question 'What reduced Germany’s need for Soviet goods?' is: Treaty of Versailles,0.49491982975814663,"The actual output identifies factors that reduced Germany's need for Soviet goods, specifically mentioning the abandonment of Treaty of Versailles military controls and the isolationist Stalinist regime. However, it does not clearly articulate the core truth of the expected output, which is that the Treaty of Versailles itself is the primary answer. While the additional context provided in the actual output is relevant, it detracts from the clarity of the core answer, leading to a partial alignment with the evaluation steps."
Which invention with military applications helped bring about the nation state?,Gunpowder.,The correct answer to the question 'Which invention with military applications helped bring about the nation state?' is: gunpowder,0.8216980662091409,"The actual output correctly identifies 'gunpowder' as the answer to the question regarding the invention with military applications that contributed to the nation state, aligning well with the expected output. However, it lacks the additional context provided in the retrieval context that could enhance understanding of gunpowder's significance. While the core truth is present, the response could be improved by incorporating relevant details from the context to provide a more comprehensive answer."
Who redid the Tuileries Garden in 1664?,André Le Nôtre.,The correct answer to the question 'Who redid the Tuileries Garden in 1664?' is: André Le Nôtre,0.828654666752235,"The actual output correctly identifies André Le Nôtre as the person who redid the Tuileries Garden in 1664, which aligns with the core truth of the expected output. However, it lacks the additional context provided in the expected output, such as the phrasing of the question and the explicit statement that this is the correct answer. While the response is accurate, it could be improved by including more detail from the retrieval context to enhance comprehensiveness."
What was the first method used by the actor in trying to get his images taken down?,Sending multiple DMCA requests.,The correct answer to the question 'What was the first method used by the actor in trying to get his images taken down?' is: DMCA requests,0.5577143258729584,"The actual output mentions 'sending multiple DMCA requests,' which aligns with the core truth of the expected output regarding the method used by the actor to remove images. However, it lacks the clarity and directness of the expected output, which explicitly states the answer to the question. While it does provide relevant context, it does not fully encapsulate the expected response's format or completeness."
How many seasons were the CityHawks in New York?,Two seasons.,The correct answer to the question 'How many seasons were the CityHawks in New York?' is: two,0.5210431657470733,"The actual output provides the correct core truth by stating 'Two seasons', which aligns with the expected output. However, it lacks the clarity and completeness of the expected output, which explicitly states the context of the question and the phrase 'The correct answer to the question...'. This omission detracts from the overall understanding and does not enhance the message with additional relevant details from the retrieval context."
What are assigned to phonemes by different linguists?,"Different linguists assign sounds to phonemes based on criteria like minimal pairs and phonetic similarity, with varying approaches on whether this grouping reflects linguistic analysis or cognitive processing.",The correct answer to the question 'What are assigned to phonemes by different linguists?' is: sounds,0.49897284977146183,"The actual output correctly identifies that sounds are assigned to phonemes, which aligns with the core truth of the expected output. However, it introduces additional details about the criteria and varying approaches of linguists, which, while informative, detracts from the simplicity of the expected answer. The core question is answered, but the response could be more concise to match the expected output's clarity."
What does OSCE stand for?,OSCE stands for Organization for Security and Cooperation in Europe.,The correct answer to the question 'What does OSCE stand for?' is: Organisation for Security and Co-operation in Europe,0.7901940546908308,"The actual output correctly identifies what OSCE stands for, aligning with the core truth of the expected output. However, it lacks the additional detail of the phrase 'The correct answer to the question...' which is present in the expected output. While the actual output is clear and accurate, it could be slightly more comprehensive by including this introductory context."
What was the Thunder's previous name?,The Thunder's previous name was the Seattle SuperSonics.,The correct answer to the question 'What was the Thunder's previous name?' is: Seattle SuperSonics,0.7881988636383965,"The actual output correctly identifies the Thunder's previous name as the Seattle SuperSonics, which aligns with the core truth of the expected output. However, it lacks the explicit phrasing of the expected output that clearly states it as the answer to the question, which slightly detracts from its clarity. The response is accurate and relevant, but could be improved by mirroring the expected format more closely."
It is possible and often easy to roughly discern the relative pitches of two sounds of what?,Indefinite pitch.,The correct answer to the question 'It is possible and often easy to roughly discern the relative pitches of two sounds of what?' is: indefinite pitch,0.7993954425689285,"The actual output correctly identifies 'indefinite pitch' as the answer, aligning with the core truth of the expected output. However, it lacks the context and completeness of the expected output, which explicitly states the question and provides a more detailed explanation. While the core truth is present, the response could benefit from additional context to enhance clarity and comprehensiveness."
What religion alleged Freemasons as unnatural and irrational? ,The Roman Catholic Church.,The correct answer to the question 'What religion alleged Freemasons as unnatural and irrational? ' is: Catholic,0.5128562955997528,"The actual output identifies the Roman Catholic Church as the relevant religion, which aligns with the expected output's core truth. However, it lacks the specificity of the expected answer, which directly states 'Catholic' in response to the question. While the retrieval context provides valuable background on the Church's objections to Freemasonry, the actual output does not effectively incorporate this context to enhance understanding, resulting in a less comprehensive response."
what instrument was Phuture the first to use in house music?,Phuture was the first to use the Roland TB-303 bass synthesizer in house music.,The correct answer to the question 'what instrument was Phuture the first to use in house music?' is: TB-303,0.7894527567874042,"The actual output correctly identifies the TB-303 as the instrument used by Phuture in house music, aligning with the core truth of the expected output. However, it provides additional context about the significance of the TB-303 in acid house music and Phuture's role, which, while informative, slightly deviates from the simplicity of the expected answer. Overall, it effectively answers the question while offering relevant details."
"What was responsible for creating thousands of scientific, technological, and knowledge-based businesses?","The Scientific Revolution and the Enlightenment, along with the establishment of scientific societies and academies, were responsible for creating thousands of scientific, technological, and knowledge-based businesses.","The correct answer to the question 'What was responsible for creating thousands of scientific, technological, and knowledge-based businesses?' is: the emergence and growth of several science parks throughout the world",0.30000000000000004,"The actual output discusses the Scientific Revolution and the Enlightenment as factors in creating scientific businesses, which is somewhat related to the expected output about science parks. However, it does not directly address the emergence and growth of science parks, which is the core truth of the expected output. While it provides relevant historical context, it lacks the specific focus on science parks that the expected output requires."
Media such as a radio and television have started to make their presences felt since what years?,Since the early 1990s.,The correct answer to the question 'Media such as a radio and television have started to make their presences felt since what years?' is: early 1990s,0.7793083337366349,"The actual output correctly identifies the core truth of the expected output by stating 'early 1990s', which directly answers the question about when media like radio and television began to make their presence felt. However, it lacks the explicit framing of the answer as a response to the question, which is present in the expected output. While it is concise, it could benefit from a bit more context to enhance clarity without detracting from the core truth."
What island may have been spotted by the Spanish on January 15?,Ujelang.,The correct answer to the question 'What island may have been spotted by the Spanish on January 15?' is: Ujelang,0.8064627978144946,"The actual output correctly identifies 'Ujelang' as the answer to the question about the island spotted by the Spanish on January 15, aligning with the core truth of the expected output. However, it lacks the additional context provided in the expected output, which explicitly states the question and the phrase 'The correct answer to the question...'. While the core truth is present, the response could be improved by including more context or detail to enhance clarity."
What is a tradition unique to the Creole people?,"A unique tradition of the Creole people is the gumbe music style, which fuses various folk music traditions.",The correct answer to the question 'What is a tradition unique to the Creole people?' is: touloulous,0.2186927125324015,"The actual output mentions gumbe music as a unique tradition of the Creole people, but it does not address the expected output, which specifically identifies 'touloulous' as the unique tradition. The core truth of the expected output is not clearly articulated in the actual output, leading to a significant misalignment."
The economic goal of the state was to serve as what for the ruler?,The economic goal of the state was to serve as a means to consolidate and extend the ruler's power.,The correct answer to the question 'The economic goal of the state was to serve as what for the ruler?' is: consolidation and extension of the ruler's power,0.7524520372634977,"The actual output correctly identifies the core truth of the expected output by stating that the economic goal of the state was to consolidate and extend the ruler's power. However, it lacks the explicit phrasing of 'consolidation and extension of the ruler's power' as a direct answer to the question, which is present in the expected output. The response is clear and relevant, but it could be improved by mirroring the expected format more closely."
Who commanded that Valencia be destroyed?,Abd al-Rahman I commanded that Valencia be destroyed.,The correct answer to the question 'Who commanded that Valencia be destroyed?' is: Abd al-Rahman I,0.7735374505446917,"The actual output correctly identifies Abd al-Rahman I as the commander who ordered the destruction of Valencia, aligning well with the expected output. However, it lacks the explicit phrasing of the question and the format of the expected answer, which diminishes clarity. The additional context provided enhances understanding of the historical background but is not necessary for answering the core question."
In modern day New Haven who makes up for majority of the demographics in terms of ethnicity?,"In modern-day New Haven, the majority demographic is Black or African American at 35.4%, followed by White at 42.6%, and Hispanic or Latino at 27.4%.",The correct answer to the question 'In modern day New Haven who makes up for majority of the demographics in terms of ethnicity?' is: Italian-American,0.12024720620769266,"The actual output provides demographic data about New Haven, indicating that the majority demographic is Black or African American at 35.4%, which contradicts the expected output stating that the majority is Italian-American. While the actual output includes relevant demographic details, it fails to align with the core truth of the expected output, which is that Italian-American is the majority ethnicity. Therefore, the response does not meet the evaluation criteria effectively."
What culture did the Inca fear the most?,The Inca feared the Cañaris the most.,The correct answer to the question 'What culture did the Inca fear the most?' is: The Cañaris,0.8252175032452248,"The actual output correctly identifies the Cañaris as the group feared by the Inca, aligning well with the expected output. However, it lacks the explicit phrasing of the question and the structured format of the expected answer, which diminishes clarity. While it captures the core truth, it could benefit from additional context or details from the retrieval context to enhance understanding of why the Cañaris were feared."
How long did vertebrate recovery take?,Vertebrate recovery took approximately 30 million years after the Permian–Triassic extinction event.,The correct answer to the question 'How long did vertebrate recovery take?' is: 30 million years,0.8027982998348391,"The actual output correctly identifies the core truth that vertebrate recovery took approximately 30 million years after the Permian–Triassic extinction event, which aligns with the expected output. However, while it provides a clear answer, it lacks the explicit phrasing of 'The correct answer to the question...' found in the expected output. Additionally, the output could have included more context from the retrieval context to enhance understanding, but it remains focused on the core question."
Which developer began releasing games for both NES and Sega in 1991?,Acclaim.,The correct answer to the question 'Which developer began releasing games for both NES and Sega in 1991?' is: Acclaim,0.908969632551114,"The actual output 'Acclaim' directly answers the question posed in the expected output, confirming the core truth that Acclaim began releasing games for both NES and Sega in 1991. The response is succinct and aligns perfectly with the expected output, which also states the same information. Additionally, while the retrieval context provides extensive background on the console wars and the gaming industry, it does not detract from the correctness of the answer, thus maintaining the relevance of the actual output."
What would someone in Belgium call the variation of Dutch spoken in Flanders?,"Someone in Belgium would call the variation of Dutch spoken in Flanders ""Flemish"" or ""Vlaams.""",The correct answer to the question 'What would someone in Belgium call the variation of Dutch spoken in Flanders?' is: Vlaams,0.8077504029308573,"The actual output correctly identifies that someone in Belgium would call the variation of Dutch spoken in Flanders 'Flemish' or 'Vlaams,' which aligns with the core truth of the expected output. However, while it provides additional context by mentioning both terms, it slightly deviates from the expected output by not directly stating 'Vlaams' as the sole answer. The response is informative and relevant, drawing from the retrieval context, but could be more concise to match the expected output's directness."
Where are specialized FBI functions located?,"Specialized FBI functions are located at Quantico, Virginia, and the data campus in Clarksburg, West Virginia.","The correct answer to the question 'Where are specialized FBI functions located?' is: Quantico, Virginia",0.7084646620784032,"The actual output correctly identifies Quantico, Virginia as a location for specialized FBI functions, which aligns with the core truth of the expected output. However, it also includes Clarksburg, West Virginia, which, while relevant, detracts from the simplicity of the expected answer. The additional details about the FBI's functions and locations provide context but may overwhelm the core response."
How many student brothers were there in the year 2000?,"As of 2000, the enrollment rate for boys was 67.7%. However, the total number of boys was not provided, so the exact number of student brothers cannot be determined.",The correct answer to the question 'How many student brothers were there in the year 2000?' is: 917,0.2857561815251636,"The actual output mentions the enrollment rate for boys but fails to provide the specific number of student brothers, which is the core truth of the expected output. While it acknowledges the lack of data to determine the exact number, it does not address the question directly, leading to a significant shortcoming in alignment with the expected output."
What was the City of Boston's name before it was the City of Boston?,The Town of Boston.,The correct answer to the question 'What was the City of Boston's name before it was the City of Boston?' is: the Town of Boston,0.8655335800450095,"The actual output correctly identifies the core truth of the expected output by stating 'The Town of Boston', which directly answers the question about the city's name before it became the City of Boston. While the expected output includes a more formal structure, the actual output is concise and accurate. It could have enhanced understanding by including the context of the name change, but it does not detract from the core truth being represented."
What Russian-Austrian agreement preceded the Seven Years War that started in 1755-56?,"The defensive alliance concluded on June 2, 1746, between Austria and Russia.","The correct answer to the question 'What Russian-Austrian agreement preceded the Seven Years War that started in 1755-56?' is: June 2, 1746, Austria and Russia concluded a defensive alliance that covered their own territory and Poland against attack by Prussia or the Ottoman Empire",0.7876305256989163,"The actual output correctly identifies the date and parties involved in the defensive alliance, aligning with the core truth of the expected output. However, it lacks the additional context about the implications of the alliance and the secret clauses that were included, which would enhance understanding. While it does not deviate from the core truth, it could have been more comprehensive by including these relevant details."
How do some plants avoid cross pollination?,"Some plants avoid cross-pollination through mechanisms like heteromorphic flowers, self-incompatibility, and dioecy, which promote outcrossing by preventing self-fertilization.",The correct answer to the question 'How do some plants avoid cross pollination?' is: pollen either fails to reach the stigma,0.6161605987144336,"The actual output provides a detailed explanation of mechanisms plants use to avoid cross-pollination, such as heteromorphic flowers and self-incompatibility, which aligns with the core truth of the expected output. However, it does not directly address the specific aspect mentioned in the expected output about pollen failing to reach the stigma, which is a critical part of the question. While the actual output is comprehensive, it diverges from the precise answer expected."
Who did Armenia fight in teh Nagorno-Karabakh War?,Armenia fought Azerbaijan in the Nagorno-Karabakh War.,The correct answer to the question 'Who did Armenia fight in teh Nagorno-Karabakh War?' is: Azerbaijan,0.7844120703942556,"The actual output correctly identifies Azerbaijan as the opponent of Armenia in the Nagorno-Karabakh War, which aligns with the core truth of the expected output. However, it lacks the explicit phrasing of the expected output, which states the answer in a more formal manner. While the actual output provides relevant context about the conflict, it could have been more comprehensive by including additional details from the retrieval context to enhance understanding without deviating from the core truth."
What percentage of the human genome consists of protein coding genes?,1–2% of the human genome consists of protein-coding genes.,The correct answer to the question 'What percentage of the human genome consists of protein coding genes?' is: 1–2%,0.8663835020958448,"The actual output correctly states that 1–2% of the human genome consists of protein-coding genes, which aligns with the core truth of the expected output. It succinctly answers the question posed, maintaining clarity. While it does not explicitly restate the question, the information provided is accurate and relevant. The retrieval context offers additional details about genome composition, which, while not necessary for the core answer, enhances understanding without detracting from the main point."
In what language was Brahmi first used?,Brahmi was first used for Prakrit.,The correct answer to the question 'In what language was Brahmi first used?' is: Prakrit,0.4539226201585394,"The actual output identifies that Brahmi was first used for Prakrit, which aligns with the expected output's core truth. However, it lacks the clarity and completeness of the expected output, which explicitly states the question and answer format. Additionally, while the retrieval context provides relevant historical information about Brahmi, it does not enhance the actual output's clarity or presentation."
Who said in 2008 that China was unsatisfied with its involvement in the Galileo project?,The South China Morning Post reported in January 2008 that China was unsatisfied with its involvement in the Galileo project.,The correct answer to the question 'Who said in 2008 that China was unsatisfied with its involvement in the Galileo project?' is: the Hong Kong-based South China Morning Post,0.8010334272823252,"The actual output correctly identifies the South China Morning Post as the source reporting China's dissatisfaction with the Galileo project, aligning well with the expected output. However, it lacks the explicit phrasing of the question and the direct attribution of the statement to the newspaper, which slightly detracts from clarity. The additional context about China's involvement in the Galileo project enhances understanding but is not necessary for answering the core question."
what was the prototype of ghetto house?,"""Time for the Perculator"" by Cajmere.","The correct answer to the question 'what was the prototype of ghetto house?' is: ""Time for the Perculator"" by Cajmere",0.8402522639416702,"The actual output correctly identifies 'Time for the Perculator' by Cajmere as the prototype of ghetto house, aligning with the core truth of the expected output. However, it lacks the introductory phrase that explicitly states it as the answer to the question, which slightly detracts from its completeness. The retrieval context provides relevant background information that supports the answer, but the actual output could have included a brief mention of this context to enhance its comprehensiveness."
Most names of Roman mosaic workers are what nationality?,Greek,The correct answer to the question 'Most names of Roman mosaic workers are what nationality?' is: Greek,0.8681893809211593,"The actual output correctly identifies the core truth of the expected output by stating 'Greek' as the nationality of Roman mosaic workers. It aligns well with the expected answer, which is explicitly stated in the expected output. Additionally, the retrieval context provides relevant background information that supports this answer, although it is not directly included in the actual output. The response could be slightly improved by explicitly stating the full context of the question, but it remains accurate and concise."
Who made the first US mandolin?,Joseph Bohmann.,The correct answer to the question 'Who made the first US mandolin?' is: Joseph Bohm,0.663142773179781,"The actual output correctly identifies Joseph Bohmann as the maker of the first US mandolin, aligning with the core truth of the expected output. However, it lacks the additional context provided in the expected output, such as the phrasing 'The correct answer to the question...' which adds clarity. While the actual output is accurate, it could benefit from a more comprehensive presentation that includes the context of the question."
The Broadway Musical began in what decade?,1880s,The correct answer to the question 'The Broadway Musical began in what decade?' is: 1880s,0.8046219953123142,"The actual output correctly identifies the decade in which the Broadway Musical began, aligning with the core truth of the expected output. However, it lacks the explicit phrasing that contextualizes the answer as a response to the question, which diminishes its clarity. While the output is accurate, it could benefit from a more comprehensive presentation that mirrors the expected format."
What type of music is John Lee Hooker known for?,John Lee Hooker is known for blues music.,The correct answer to the question 'What type of music is John Lee Hooker known for?' is: blues,0.6948364246061149,"The actual output correctly identifies the core truth that John Lee Hooker is known for blues music, which aligns with the expected output. However, it lacks the explicit phrasing of the expected output, which states the answer in a more direct manner. While the response is accurate, it could be improved by more closely mirroring the expected format, which would enhance clarity and alignment with the evaluation steps."
How many people work in University of Oklahoma?,"The University of Oklahoma employs approximately 11,900 people.","The correct answer to the question 'How many people work in University of Oklahoma?' is: 11,900",0.8968672045701519,"The actual output correctly identifies the number of employees at the University of Oklahoma as 11,900, which aligns with the core truth of the expected output. While the expected output explicitly states the answer in a complete sentence, the actual output provides the same information succinctly. The additional context in the retrieval does not detract from the core truth and could enhance understanding, but the lack of a complete sentence format in the actual output is a minor shortcoming."
Who has used programs such as Carnivore and NarusInsight to eavesdrop on the systems of internet service providers?,The FBI and NSA have used programs such as Carnivore and NarusInsight to eavesdrop on internet service providers.,The correct answer to the question 'Who has used programs such as Carnivore and NarusInsight to eavesdrop on the systems of internet service providers?' is: the FBI and NSA,0.8088750040175569,"The actual output correctly identifies the FBI and NSA as the agencies that have used the programs Carnivore and NarusInsight, which aligns with the core truth of the expected output. However, it provides additional context about the programs and their use, which, while relevant, slightly diverges from the concise nature of the expected answer. Overall, the core question is answered correctly, and the additional details enhance understanding without detracting from the main point."
Einstein's paper on the photoelectric effect earned him the Nobel Prize in what year?,1921,The correct answer to the question 'Einstein's paper on the photoelectric effect earned him the Nobel Prize in what year?' is: 1921,0.8038097779804542,"The actual output provides the correct year, 1921, which aligns with the core truth of the expected output. However, it lacks the additional context and clarity present in the expected output, which explicitly states the question and provides a complete sentence. While the core truth is present, the response could be improved by including more context to enhance understanding."
Where did the OAU summit in July 1999 occur?,"Algiers, Algeria.",The correct answer to the question 'Where did the OAU summit in July 1999 occur?' is: Algiers,0.7860130811499824,"The actual output correctly identifies Algiers, Algeria as the location of the OAU summit in July 1999, aligning with the core truth of the expected output. However, it lacks the additional context or explanatory details that could enhance understanding, such as the significance of the summit or its historical context, which were present in the retrieval context. This omission prevents a perfect score despite the correct answer."
What caused the temporary NBA team to relocate to Oklahoma?,Hurricane Katrina.,The correct answer to the question 'What caused the temporary NBA team to relocate to Oklahoma?' is: Hurricane Katrina,0.8773834683399627,"The actual output correctly identifies 'Hurricane Katrina' as the cause for the temporary relocation of the NBA team, aligning with the core truth of the expected output. While it is concise, it lacks the additional context provided in the retrieval context that elaborates on the circumstances surrounding the relocation, which could enhance understanding. However, it does not deviate from the core truth, making it a strong response overall."
Where was the Northern Fleets nuclear-powered aircraft carrier supposed to be stationed?,Murmansk,The correct answer to the question 'Where was the Northern Fleets nuclear-powered aircraft carrier supposed to be stationed?' is: Murmansk,0.8917800485899159,"The actual output correctly identifies Murmansk as the location for the Northern Fleet's nuclear-powered aircraft carrier, aligning well with the expected output. While the expected output provides a more detailed context by explicitly stating it is the answer to a specific question, the core truth is accurately represented in the actual output. The additional context in the retrieval does not detract from the answer but rather supports it, enhancing understanding of the topic."
What was the uranium-based bomb made by the US in World War II called?,"The uranium-based bomb was called ""Little Boy.""",The correct answer to the question 'What was the uranium-based bomb made by the US in World War II called?' is: Little Boy,0.8338629679628445,"The actual output correctly identifies the uranium-based bomb as 'Little Boy,' which aligns with the core truth of the expected output. However, it lacks the explicit framing of the answer as a response to the question, which is present in the expected output. While the actual output is accurate, it could be more comprehensive by including the context of the question directly."
What year did Sicily become ruled by the Holy Roman Empire?,1194,The correct answer to the question 'What year did Sicily become ruled by the Holy Roman Empire?' is: 1194,0.9819399830374621,"The actual output correctly identifies the year 1194 as the year Sicily became ruled by the Holy Roman Empire, which aligns perfectly with the expected output. The core truth is clearly articulated, and the additional context provided in the retrieval context enhances understanding of Sicily's historical timeline without detracting from the main answer."
Who was elected to be the new deputy general secretary of the Communist Part of the Soviet Union in July?,"In July, Eduard Shevardnadze was appointed as Minister of Foreign Affairs and promoted to full member of the Politburo, but there was no specific mention of a new deputy general secretary.",The correct answer to the question 'Who was elected to be the new deputy general secretary of the Communist Part of the Soviet Union in July?' is: Volodymyr Ivashko,0.21011853489793028,"The actual output fails to address the core question regarding who was elected as the new deputy general secretary, instead providing information about Eduard Shevardnadze's appointment as Minister of Foreign Affairs. While it correctly notes the absence of a mention of a new deputy general secretary, it does not provide the expected answer, which is Volodymyr Ivashko. This indicates a significant misalignment with the expected output."
The IANA database works by connecting names to what information about the location?,The IANA database connects names to historical and predicted clock shifts of the location.,The correct answer to the question 'The IANA database works by connecting names to what information about the location?' is: historical and predicted clock shifts,0.7947924469288373,"The actual output correctly identifies the core truth by stating that the IANA database connects names to historical and predicted clock shifts of the location, which aligns with the expected output. However, while it provides a comprehensive description, it could be more concise to directly match the expected output format. The additional context about the database's function is relevant but slightly deviates from the simplicity of the expected answer."
What was the original projected cost of the viaduct replacement tunnel?,The original projected cost of the viaduct replacement tunnel was US$4.25 billion.,The correct answer to the question 'What was the original projected cost of the viaduct replacement tunnel?' is: $4.25 billion,0.9253804468841208,"The actual output accurately states the original projected cost of the viaduct replacement tunnel as US$4.25 billion, which directly answers the expected question. It maintains the core truth without introducing inaccuracies, and the additional context provided in the retrieval context enhances understanding of the project's background without detracting from the main answer."
What did Princeton claim the real reasons for the rejection of Li's application was?,"Princeton claimed Li was not admitted because ""many others had far better qualifications"" and his extracurricular activities were ""not all that outstanding.""",The correct answer to the question 'What did Princeton claim the real reasons for the rejection of Li's application was?' is: many others had far better qualifications,0.7229638746215837,"The actual output correctly identifies the core truth of Princeton's claim regarding Li's rejection, specifically mentioning that 'many others had far better qualifications.' However, it includes additional details about Li's extracurricular activities, which, while relevant, may detract from the simplicity of the expected output. The response is comprehensive but could be more focused on the core answer."
How much of GE's revenues is derived from the financial services it provides?,Over half of GE's revenue is derived from financial services.,The correct answer to the question 'How much of GE's revenues is derived from the financial services it provides?' is: over half,0.8105472424197717,"The actual output correctly identifies that over half of GE's revenue is derived from financial services, which aligns with the core truth of the expected output. However, it provides additional context about GE's financial services and its position in the market, which, while relevant, slightly detracts from the simplicity of the expected answer. Overall, the core question is answered correctly and the additional details enhance understanding without compromising the main point."
"Some cardinals are bishop in name only, what are they called?",They are called cardinal deacons.,"The correct answer to the question 'Some cardinals are bishop in name only, what are they called?' is: Cardinal bishops",0.3188119405024382,"The actual output identifies cardinal deacons, which is related but does not answer the core question about what cardinals who are bishops in name only are called. The expected output specifies 'Cardinal bishops,' which is the correct term. While the actual output provides some relevant information, it fails to address the core truth of the expected output directly."
What meeting was conducted to discuss the PVA's problems?,A conference in Shenyang was conducted to discuss the PVA's logistical problems.,"The correct answer to the question 'What meeting was conducted to discuss the PVA's problems?' is: the Military Commission,",0.3718569806871299,"The actual output mentions a conference in Shenyang to discuss the PVA's logistical problems, which is somewhat relevant to the expected output about the Military Commission discussing the PVA's problems. However, it fails to directly answer the core question regarding which specific meeting was conducted, leading to a lack of clarity and alignment with the expected output. The extra details about the conference do not enhance understanding of the core answer and instead detract from it."
What is the illusion given by these effects?,"The illusion is that imagined events can become falsely perceived as real experiences, leading to distorted memories and misinterpretations of reality.",The correct answer to the question 'What is the illusion given by these effects?' is: the illusion of the room stretching,0.2705478841000636,"The actual output discusses the concept of false memories and distorted perceptions, which is somewhat related to the expected output about the illusion of the room stretching. However, it fails to directly address the specific illusion mentioned in the expected output, leading to a lack of clarity and alignment with the core truth. The additional context provided does not enhance the understanding of the expected output, as it diverges from the main topic of the illusion."
Who was in control of Estonia before the Germans?,Denmark.,The correct answer to the question 'Who was in control of Estonia before the Germans?' is: the USSR,0.14674278670681243,"The actual output 'Denmark' does not address the question of who was in control of Estonia before the Germans, which is the core truth of the expected output. While Denmark is mentioned in the retrieval context, it is not the correct answer, and the response fails to provide the expected information about the USSR. The lack of relevance and clarity in the actual output significantly detracts from its alignment with the evaluation steps."
What was lost in Prussia's history during the Plague?,"Approximately one-third of East Prussia's population died, including the last speakers of Old Prussian.",The correct answer to the question 'What was lost in Prussia's history during the Plague?' is: speakers of Old Prussian,0.6651989437736237,"The actual output correctly identifies that the last speakers of Old Prussian were lost during the plague, which aligns with the core truth of the expected output. However, it includes additional context about the overall population loss in East Prussia, which, while relevant, slightly detracts from the focus on the specific loss of Old Prussian speakers. The response could be improved by emphasizing the core message more directly."
What public transportation is in the works to be completed by 2018?,"No specific public transportation projects are mentioned as being completed by 2018; however, New York City has multibillion heavy-rail projects underway, such as the Second Avenue Subway and East Side Access.",The correct answer to the question 'What public transportation is in the works to be completed by 2018?' is: A planned Mid-Coast extension of the Trolley,0.2411377342379449,"The actual output fails to address the core question regarding public transportation projects specifically planned for completion by 2018, instead discussing ongoing projects without confirming any that meet the timeline. While it provides relevant details about New York City's heavy-rail projects, it does not align with the expected output, which identifies a specific project, the Mid-Coast extension of the Trolley, that is in the works for that timeframe."
What does ASEAN mean?,ASEAN stands for the Association of Southeast Asian Nations.,The correct answer to the question 'What does ASEAN mean?' is: Association of Southeast Asian Nations,0.8292334130325285,"The actual output correctly identifies ASEAN as the Association of Southeast Asian Nations, which aligns with the core truth of the expected output. However, it lacks the explicit phrasing of 'The correct answer to the question...' found in the expected output, which slightly diminishes its completeness. The response is clear and accurate, but it could be improved by incorporating the context of the question more directly."
"Along with Galicia's, which other two province's autonomy was annulled?",Catalonia and the Basque provinces.,"The correct answer to the question 'Along with Galicia's, which other two province's autonomy was annulled?' is: Catalonia and the Basque provinces",0.8708356237302601,"The actual output correctly identifies the two provinces, Catalonia and the Basque provinces, whose autonomy was annulled, aligning well with the expected output. However, it lacks the introductory phrase that explicitly states it is answering the question, which slightly detracts from clarity. The additional context provided does not detract from the core truth but could be seen as unnecessary for the specific question asked."
What electric instrument is often seen in adult contemporary?,Electric guitar.,The correct answer to the question 'What electric instrument is often seen in adult contemporary?' is: bass guitar,0.2,"The actual output identifies an electric instrument, but it incorrectly states 'electric guitar' instead of the expected 'bass guitar.' While it touches on the topic of electric instruments, it fails to accurately represent the core truth of the expected output, which specifically names the bass guitar as the correct answer. The additional context provided does mention the bass guitar, but the actual output does not align with the expected answer."
Are communications services in Somalia mostly concentrated in the public or private sector?,Private sector.,The correct answer to the question 'Are communications services in Somalia mostly concentrated in the public or private sector?' is: private,0.8165379221581199,"The actual output correctly identifies the core truth that communications services in Somalia are mostly concentrated in the private sector, aligning well with the expected output. However, it lacks the additional context provided in the retrieval context that could enhance understanding, such as the mention of the competitive telecommunications landscape and the role of private firms in expanding services. While the answer is accurate, it could benefit from a bit more detail to fully capture the richness of the information available."
What famous Greek author did Athanasius  quote?,"Athanasius quoted from the Septuagint, a Greek translation of the Old Testament.",The correct answer to the question 'What famous Greek author did Athanasius  quote?' is: Homer,0.19896657269197537,"The actual output mentions Athanasius quoting from the Septuagint, which is related to his work but does not address the expected output regarding the famous Greek author he quoted, which is Homer. The core truth of the expected output is absent, and while the actual output provides some context about Athanasius's knowledge of Greek, it does not enhance understanding of the specific question asked."
What did the soldiers who emigrated form?,"The soldiers who emigrated formed paid troops, mercenaries, and the first permanent armies in Europe.",The correct answer to the question 'What did the soldiers who emigrated form?' is: King's German Legion,0.27294881630323614,"The actual output mentions the formation of paid troops and permanent armies, which is somewhat related to the expected output about the King's German Legion. However, it fails to directly answer the question posed in the expected output, which specifically identifies the King's German Legion as the answer. The actual output lacks the core truth of the expected output and does not provide additional relevant details that would enhance understanding of the specific formation mentioned."
In terms of scale how big is the harbor?,"New Haven Harbor has three berths for vessels and barges, with approximately 400,000 sq ft (40,000 m²) of inside storage and 50 acres (200,000 m²) of outside storage.","The correct answer to the question 'In terms of scale how big is the harbor?' is: 400,000 square feet",0.7459114286288999,"The actual output provides a comprehensive overview of New Haven Harbor, including the total area of inside and outside storage, which exceeds the expected output's focus on just the inside storage size of 400,000 square feet. While the core truth regarding the size is present, the additional details enhance the understanding of the harbor's capacity and facilities, aligning well with the evaluation steps."
When was the first Canadian Baptist church established?,"The first Canadian Baptist church, Horton Baptist Church, was established on October 29, 1778.",The correct answer to the question 'When was the first Canadian Baptist church established?' is: 29 October 1778,0.8536112430024172,"The actual output correctly identifies the establishment date of the first Canadian Baptist church as October 29, 1778, which aligns with the core truth of the expected output. However, it lacks the explicit phrasing of the question and the format of the answer provided in the expected output, which diminishes its clarity. The additional context about the church's establishment enhances understanding but is not fully utilized to reinforce the answer format."
What band named after a floating vehicle influenced Queen?,"The band is ""Yes.""",The correct answer to the question 'What band named after a floating vehicle influenced Queen?' is: Led Zeppelin,0.014018609061553212,"The actual output incorrectly identifies the band as 'Yes,' while the expected output states it should be 'Led Zeppelin.' This shows a complete misunderstanding of the question, which specifically asks for the band that influenced Queen. The core truth is not present in the actual output, and there are no additional relevant details that enhance understanding."
What stood out in Clark's response to Leibniz?,The provided information does not include any details regarding Wesley Clark's response to Leibniz.,The correct answer to the question 'What stood out in Clark's response to Leibniz?' is: the bucket argument,0.22115501774430193,"The actual output fails to address the core truth of the expected output, which specifically identifies 'the bucket argument' as a key aspect of Clark's response to Leibniz. While it correctly notes the absence of details regarding Clark's response, it does not provide any relevant information or context that could enhance understanding of the expected answer, resulting in a lack of alignment with the evaluation steps."
What did they go to war against Bolshevick?,The text provided does not mention a war against the Bolsheviks. It primarily discusses conflicts during the Crimean War (1854–1856) and the Central African Republic Bush War (2004-2006).,The correct answer to the question 'What did they go to war against Bolshevick?' is: to maintain independence,0.19619022201954586,"The actual output fails to address the core truth of the expected output, which is the reason for the war against the Bolsheviks. Instead, it discusses unrelated conflicts, specifically the Crimean War and the Central African Republic Bush War, without providing any relevant information about the Bolsheviks. While it correctly identifies the absence of the expected information, it does not offer any additional context or details that would enhance understanding of the topic at hand."
What caused the resurface of the Grecian monotony in politics ?,"The resurface of Grecian monotony in politics was influenced by the perception of cultural decline during the Hellenistic period and the dominance of the senate during the Roman Republic, focusing on foreign and military policy rather than political innovation.",The correct answer to the question 'What caused the resurface of the Grecian monotony in politics ?' is: the fall of Constantinople to the Crusaders of the Fourth Crusade in 1204,0.13744000721870603,"The actual output does not address the expected output's core truth regarding the fall of Constantinople in 1204 as the cause of Grecian monotony in politics. Instead, it discusses influences from the Hellenistic period and Roman Republic, which are irrelevant to the question. While it provides some historical context, it fails to enhance understanding of the expected answer and misleads by focusing on unrelated events."
How can obstruction be employed?,"Obstruction can be employed through dilatory motions to adjourn, appeals of presiding officer's rulings, and numerous requests for roll call votes, all aimed at stalling the majority party's agenda.","The correct answer to the question 'How can obstruction be employed?' is: motions to adjourn, appeals of the presiding officer's ruling, or numerous requests for roll call votes",0.8377540668798146,"The actual output effectively addresses the core truth of the expected output by listing the methods of obstruction, including motions to adjourn, appeals of the presiding officer's rulings, and requests for roll call votes. It provides additional context about the purpose of these tactics, which enhances understanding without deviating from the core question. However, the response could be more concise to align more closely with the expected output's straightforwardness."
What fraction of New Yorkers in the private sector are employed by foreign companies?,10%,The correct answer to the question 'What fraction of New Yorkers in the private sector are employed by foreign companies?' is: One out of ten,0.7061425131733994,"The actual output provides the correct numerical representation of the fraction of New Yorkers in the private sector employed by foreign companies, aligning with the core truth of the expected output. However, it lacks the contextual phrasing found in the expected output, which explicitly states 'One out of ten.' While the actual output is accurate, it could have included more detail or context to enhance clarity and comprehensiveness."
"In 2007, what kind of contest was Jennifer Strange participating in upon her death?",A water-drinking contest.,"The correct answer to the question 'In 2007, what kind of contest was Jennifer Strange participating in upon her death?' is: water-drinking",0.46885108779297696,"The actual output identifies the contest as a 'water-drinking contest,' which aligns with the core truth of the expected output. However, it lacks the specificity of the context surrounding Jennifer Strange's participation and her death, which is crucial for a complete understanding. While it answers the core question, it does not provide the same level of detail as the expected output, which explicitly states the context of her death and the nature of the contest."
Serbo-Croatian is the only Slavic language to use what two scripts together?,Both Cyrillic and Latin scripts.,The correct answer to the question 'Serbo-Croatian is the only Slavic language to use what two scripts together?' is: Latin and Cyrillic,0.8,"The actual output correctly identifies the two scripts used in Serbo-Croatian as 'Cyrillic and Latin', which aligns with the core truth of the expected output. However, it lacks the explicit phrasing of the question and the context that emphasizes Serbo-Croatian as the only Slavic language using both scripts together. While the response is accurate, it could be improved by incorporating more context or a direct reference to the question for clarity."
"Along with being carved, how were altarpieces often decorated in this period?","Altarpieces were often painted or carved, and lavishly decorated with reliefs, especially in side chapels.","The correct answer to the question 'Along with being carved, how were altarpieces often decorated in this period?' is: Painted",0.4346701983705791,"The actual output mentions that altarpieces were often painted or carved, which aligns with the core truth of the expected output that states altarpieces were decorated by being painted. However, it fails to directly answer the specific question posed in the expected output, which is focused solely on the decoration aspect. While it provides additional context about altarpieces being lavishly decorated, it does not clearly state that they were painted as the primary answer, leading to a lack of clarity and directness."
What is the conviction that Jehovah's Witness leaders dispense absolute truth?,"Jehovah's Witness leaders believe they provide ""divine guidance"" based on scripture, viewed as God's absolute truth, with no tolerance for dissent or differing opinions.",The correct answer to the question 'What is the conviction that Jehovah's Witness leaders dispense absolute truth?' is: absolutism,0.48105532281034036,"The actual output identifies the belief of Jehovah's Witness leaders in providing 'divine guidance' based on scripture, which aligns with the core truth of the expected output regarding their conviction of dispensing absolute truth. However, it does not explicitly mention 'absolutism,' which is the key term in the expected output. While the actual output provides additional context about the intolerance for dissent, it lacks the directness and clarity of the expected answer, resulting in a partial alignment."
Whose winning design for public competition began the dominance of Greek style architecture?,William Wilkins.,The correct answer to the question 'Whose winning design for public competition began the dominance of Greek style architecture?' is: William Wilkins,0.7043457165508139,"The actual output correctly identifies William Wilkins as the answer, aligning with the core truth of the expected output. However, it lacks the additional context provided in the expected output, such as the specific question and the phrasing that emphasizes the significance of Wilkins's design in the context of Greek style architecture. While the answer is correct, it could be improved by incorporating more detail to enhance clarity and relevance."
For what type of goods are IP's ethical problems most pertinent?,"IP's ethical problems are most pertinent for socially valuable goods, particularly life-saving medicines.",The correct answer to the question 'For what type of goods are IP's ethical problems most pertinent?' is: socially valuable,0.7817771374540935,"The actual output correctly identifies that IP's ethical problems are most pertinent for socially valuable goods, specifically life-saving medicines, which aligns with the expected output's focus on 'socially valuable.' However, while it provides additional context about the implications of IP rights on these goods, it slightly diverges from the simplicity of the expected answer by including more detail than necessary. Overall, it effectively conveys the core truth while offering relevant context."
Who is responsible for approving drugs in the United Kingdom?,The Medicines and Healthcare Products Regulatory Agency (MHRA) is responsible for approving drugs in the United Kingdom.,The correct answer to the question 'Who is responsible for approving drugs in the United Kingdom?' is: Medicines and Healthcare Products Regulatory Agency,0.7802113288800541,"The actual output correctly identifies the Medicines and Healthcare Products Regulatory Agency (MHRA) as the body responsible for drug approval in the UK, aligning with the core truth of the expected output. However, it provides additional context about the evaluation process and the role of the European Medicines Agency and NICE, which, while informative, slightly detracts from the simplicity of the expected answer. Overall, the core question is answered correctly and the additional details enhance understanding without compromising the main point."
Where is Tibet ranked among China's 31 provinces on the UN's Human Development Index?,Tibet is ranked the lowest among China's 31 provinces on the UN's Human Development Index.,The correct answer to the question 'Where is Tibet ranked among China's 31 provinces on the UN's Human Development Index?' is: lowest,0.7940433877912547,"The actual output correctly identifies Tibet as the lowest-ranked province on the UN's Human Development Index, which aligns with the core truth of the expected output. However, it provides additional context that, while relevant, is not necessary for answering the specific question. The core answer is present, but the extra details could be seen as slightly detracting from the simplicity of the expected response."
Who was in charge of the American Idol band in season eleven?,Ray Chew.,The correct answer to the question 'Who was in charge of the American Idol band in season eleven?' is: Ray Chew,0.7862324255773839,"The actual output correctly identifies Ray Chew as the person in charge of the American Idol band in season eleven, which aligns with the core truth of the expected output. However, it lacks the additional context and phrasing present in the expected output, such as explicitly stating it as the answer to the question. While the core truth is present, the response could be improved by including more detail from the retrieval context to enhance comprehensiveness."
Why didn't LaserDiscs become popular in North America?,"LaserDiscs didn't gain popularity in North America due to high costs of players and titles, lack of recording capabilities, and competition from VHS and CED.",The correct answer to the question 'Why didn't LaserDiscs become popular in North America?' is: high cost of the players and discs,0.7794462775969249,"The actual output effectively identifies the core reasons for the lack of popularity of LaserDiscs in North America, including high costs and competition from VHS. It aligns well with the expected output, which mentions high costs specifically. Additionally, the actual output provides extra relevant details from the retrieval context, such as the lack of recording capabilities and competition from CED, enhancing the comprehensiveness of the response. However, it could be more concise, as it includes some information that, while relevant, may deviate slightly from the core truth of the expected output."
In what direction out of Kathmandu does the Prithvi Highway travel?,The Prithvi Highway travels west from Kathmandu.,The correct answer to the question 'In what direction out of Kathmandu does the Prithvi Highway travel?' is: west,0.8080129898284584,"The actual output correctly identifies the direction of the Prithvi Highway as west, which aligns with the core truth of the expected output. However, it lacks the explicit phrasing of the expected output, which states the answer in a more formal manner. While the actual output is concise and directly answers the question, it could have included a brief context about the Prithvi Highway's significance or its connection to Kathmandu to enhance relevance without detracting from the core truth."
What natural substance has been found to effectively increase crop yields,Composted yard waste.,The correct answer to the question 'What natural substance has been found to effectively increase crop yields' is: carbon to nitrogen,0.2072185125989558,"The actual output 'Composted yard waste' does not address the core truth of the expected output, which specifies 'carbon to nitrogen' as the natural substance that increases crop yields. While the retrieval context mentions composted yard waste in relation to crop yield increases, the actual output fails to provide the correct answer and lacks the necessary detail to align with the expected output."
"In through-hole construction, what are the leads on the front attached to on the back?","In through-hole construction, the leads on the front are attached to copper traces on the back of the PCB.","The correct answer to the question 'In through-hole construction, what are the leads on the front attached to on the back?' is: copper traces",0.7185384549853127,"The actual output correctly identifies that the leads on the front are attached to copper traces on the back of the PCB, which aligns with the core truth of the expected output. However, it provides additional context about through-hole construction that, while relevant, may detract from the simplicity of the expected answer. The response could be more concise to better match the expected output's directness."
What did encoders base the encoding rate for each frame on?,Encoders based the encoding rate for each frame on the complexity of the sound in that portion of the recording.,The correct answer to the question 'What did encoders base the encoding rate for each frame on?' is: the complexity of the sound,0.7951587002016492,"The actual output correctly identifies that encoders base the encoding rate on the complexity of the sound, which aligns with the core truth of the expected output. However, it lacks the explicit phrasing of the expected answer, which could enhance clarity. The additional context about encoding methods and complexities is relevant and informative, supporting the core message without detracting from it."
What revoked Strasbourg's status as a free city? ,Strasbourg's status as a free city was revoked by the French Revolution.,The correct answer to the question 'What revoked Strasbourg's status as a free city? ' is: French Revolution,0.8180012025756579,"The actual output correctly identifies that Strasbourg's status as a free city was revoked by the French Revolution, which aligns with the core truth of the expected output. However, while it provides the correct answer, it lacks the explicit phrasing found in the expected output that emphasizes the answer format. Additionally, the output could have included more context from the retrieval context to enhance understanding without detracting from the core truth."
What was Everton's nickname when they wore black before 1901?,The Black Watch.,The correct answer to the question 'What was Everton's nickname when they wore black before 1901?' is: The Black Watch,0.8205039626925792,"The actual output correctly identifies 'The Black Watch' as Everton's nickname when they wore black before 1901, aligning with the core truth of the expected output. However, it lacks the introductory context provided in the expected output, which explicitly states the question being answered. While the actual output is concise, it could benefit from a more comprehensive presentation that includes the question for clarity."
"Rousseau argued for a society based on what, rather than faith?",Reason.,"The correct answer to the question 'Rousseau argued for a society based on what, rather than faith?' is: reason",0.8383572025308516,"The actual output correctly identifies the core truth of the expected output by stating that Rousseau argued for a society based on reason rather than faith. It aligns well with the expected answer, but it lacks additional context or details that could enhance understanding, such as Rousseau's views on the social contract or the implications of his philosophy. Overall, it answers the question accurately but could be more comprehensive."
Is there a larger or smaller number of Jews that speak Yiddish today than in the past?,Smaller number of Jews speak Yiddish today than in the past.,The correct answer to the question 'Is there a larger or smaller number of Jews that speak Yiddish today than in the past?' is: a far smaller number of Jews still speak Yiddish,0.628349513260093,"The actual output correctly identifies that there is a smaller number of Jews speaking Yiddish today compared to the past, which aligns with the core truth of the expected output. However, it lacks the comprehensive phrasing and context provided in the expected output, which explicitly states 'a far smaller number of Jews still speak Yiddish.' Additionally, the actual output does not incorporate any relevant details from the retrieval context that could enhance the understanding of the decline in Yiddish speakers, which limits its depth."
Which site removed the option of downloading youtube videos after 2012?,Zamzar removed the option to download YouTube videos from its site after 2012.,The correct answer to the question 'Which site removed the option of downloading youtube videos after 2012?' is: Zamzar,0.8025140947813176,"The actual output correctly identifies Zamzar as the site that removed the option to download YouTube videos after 2012, which aligns with the core truth of the expected output. However, while it provides additional context about the removal, it lacks the explicit phrasing of the expected output, which could enhance clarity. Overall, it effectively answers the question and includes relevant details from the retrieval context."
Which game publication does Jeff Gerstmann work for?,Jeff Gerstmann works for Giant Bomb.,The correct answer to the question 'Which game publication does Jeff Gerstmann work for?' is: GameSpot,0.18255529472937826,"The actual output states that Jeff Gerstmann works for Giant Bomb, which is incorrect as the expected output specifies GameSpot. While the actual output provides a direct answer to the question, it fails to align with the core truth of the expected output. Additionally, it does not include any relevant details from the retrieval context that could support or enhance the answer."
"What falls within the term ""cultural anthropology""?","Cultural anthropology includes the comparative study of how people interpret the world, their knowledge, customs, and institutions, exploring the relationships among individuals and groups, often linking with philosophy, literature, and the arts.","The correct answer to the question 'What falls within the term ""cultural anthropology""?' is: the ideology and analytical stance of cultural relativism",0.3863704362986714,"The actual output provides a broad overview of cultural anthropology, touching on its comparative nature and connections to other fields, which aligns with the general theme of the expected output. However, it fails to directly address the core truth of the expected output, which specifically identifies cultural relativism as a key aspect of cultural anthropology. While the actual output is informative, it does not include the specific ideological stance mentioned in the expected output, leading to a lack of alignment with the core question."
Strasbourg has an official seat in what parliament?,Strasbourg is the official seat of the European Parliament.,The correct answer to the question 'Strasbourg has an official seat in what parliament?' is: European,0.6870390544662812,"The actual output correctly identifies Strasbourg as the official seat of the European Parliament, which aligns with the core truth of the expected output. However, it lacks the specific phrasing of the expected answer format and does not explicitly mention the question it answers, which slightly detracts from clarity. While it provides relevant context about Strasbourg's significance, it could have been more concise to enhance understanding."
Name the accent spoken in the area?,"Cockney, Multicultural London English (MLE), Miami accent, Philadelphia dialect, New York dialect.",The correct answer to the question 'Name the accent spoken in the area?' is: The Philadelphia dialect,0.35252287140422195,"The actual output lists multiple accents, including the Philadelphia dialect, which is the correct answer. However, it fails to clearly identify the Philadelphia dialect as the primary focus, which is essential to align with the expected output. While it provides additional accents, it does not enhance the core truth of the expected answer, leading to a lack of clarity."
Do listing notices cross international soil?,"Yes, listing notices may be communicated to foreign nations.",The correct answer to the question 'Do listing notices cross international soil?' is: Foreign nations may also receive notice of a listing,0.682500728544176,"The actual output correctly identifies that foreign nations may receive notice of a listing, which aligns with the core truth of the expected output. However, it lacks the explicit framing of the question and the phrase 'the correct answer to the question' that the expected output includes, which diminishes its clarity and completeness. While it does not detract from the core truth, it could be more comprehensive by incorporating the context of the question directly."
The Autopista AP-53 was originally built by whom?,The Xunta de Galicia.,The correct answer to the question 'The Autopista AP-53 was originally built by whom?' is: Xunta de Galicia,0.8151578357605622,"The actual output correctly identifies the core truth by stating 'The Xunta de Galicia', which aligns with the expected output. However, it lacks the additional context provided in the expected output that specifies the question being answered. While the core truth is present, the response could be improved by including the question for clarity."
Who was previously Starr's public relations agent?,Max Clifford.,The correct answer to the question 'Who was previously Starr's public relations agent?' is: Max Clifford,0.8483568217267379,"The actual output correctly identifies Max Clifford as Starr's public relations agent, aligning with the core truth of the expected output. However, it lacks the additional context provided in the expected output, which explicitly states that this is the answer to the question posed. While the response is accurate, it could be improved by explicitly framing it as the answer to the question for better clarity."
Where did the Armenian Genocide death marches push the deportees to?,The Syrian desert.,The correct answer to the question 'Where did the Armenian Genocide death marches push the deportees to?' is: Syrian desert,0.8633625006074839,"The actual output correctly identifies the core truth of the expected output by stating 'The Syrian desert,' which directly answers the question about the destination of the deportees during the Armenian Genocide. While the expected output provides a more detailed context, the actual output is concise and accurate. It could have included a bit more context from the retrieval information to enhance understanding, but it does not detract from the core truth."
Who reads the formal statement after the list of bills has been finished?,The Clerk of the Crown reads the titles of the bills.,The correct answer to the question 'Who reads the formal statement after the list of bills has been finished?' is: Clerk of the Senate,0.2302995459846306,"The actual output identifies the Clerk of the Crown as the one who reads the titles of the bills, which is related but incorrect in the context of the expected output that specifies the Clerk of the Senate. The core truth of the expected output is not present, and while the actual output provides some relevant information, it does not address the specific question asked."
What report discussed the United States's goals for containing communism?,The National Security Council Report 68 (NSC-68).,The correct answer to the question 'What report discussed the United States's goals for containing communism?' is: National Security Council Report 68,0.8502323282049931,"The actual output correctly identifies the National Security Council Report 68 (NSC-68) as the report discussing the United States's goals for containing communism, which aligns with the core truth of the expected output. However, it lacks the introductory phrase that explicitly states it as the answer to the question, which slightly detracts from clarity. The retrieval context provides relevant background information that supports the answer, enhancing its comprehensiveness."
What Samanid dynasty capital was Avicenna born near?,Avicenna was born near the Samanid dynasty capital of Bukhara.,The correct answer to the question 'What Samanid dynasty capital was Avicenna born near?' is: Bukhara,0.65928582540584,"The actual output correctly identifies Bukhara as the location near which Avicenna was born, aligning with the core truth of the expected output. However, it lacks the explicit phrasing of the question and the structured format of the expected answer, which diminishes clarity. While it provides relevant context about Avicenna's birthplace, it does not include the direct answer format requested in the expected output."
What suburb is located on the north and west?,North Raleigh,The correct answer to the question 'What suburb is located on the north and west?' is: Glen Allen,0.18388176161692743,"The actual output identifies 'North Raleigh' as a suburb, but it does not match the expected output of 'Glen Allen' for the specific question asked. While it provides some relevant context about North Raleigh, it fails to address the core truth of the expected output, which is the correct identification of the suburb in question."
Ibrahim Pasha landed with his army when?,Ibrahim Pasha landed in February 1825.,The correct answer to the question 'Ibrahim Pasha landed with his army when?' is: February 1825,0.8488390724040118,"The actual output correctly identifies the landing date of Ibrahim Pasha as February 1825, which aligns with the core truth of the expected output. However, it lacks the explicit framing of the answer as a response to the question posed, which is a minor shortcoming. The additional context provided in the retrieval context enhances understanding of Ibrahim Pasha's military actions but is not directly referenced in the output."
In which city was Karl Popper born?,Vienna,The correct answer to the question 'In which city was Karl Popper born?' is: Vienna,0.7735374495443377,"The actual output correctly identifies 'Vienna' as the city where Karl Popper was born, aligning with the core truth of the expected output. However, it lacks the additional context provided in the expected output, which explicitly states the question and the answer format. While the core truth is present, the absence of the full context diminishes the clarity and completeness of the response."
Glaciars from what period depressed the height of northern lands by 591 feet?,Glaciers from the Quaternary period depressed the height of northern lands by 591 feet.,The correct answer to the question 'Glaciars from what period depressed the height of northern lands by 591 feet?' is: Pleistocene,0.4852929084410816,"The actual output correctly identifies that glaciers from the Quaternary period depressed the height of northern lands by 591 feet, which aligns with the core truth of the expected output. However, it fails to specify that this period is the Pleistocene, which is the key detail missing from the response. While the actual output provides a factual statement, it does not directly answer the question posed in the expected output, leading to a partial alignment."
When did more people begin to keep dogs as pets?,"Pet dog populations grew significantly after World War II, particularly in the 1950s and 1960s.",The correct answer to the question 'When did more people begin to keep dogs as pets?' is: after World War II,0.7679178692681616,"The actual output effectively addresses the core truth of the expected output by stating that pet dog populations grew significantly after World War II, which directly answers the question of when more people began to keep dogs as pets. It also provides relevant details about the 1950s and 1960s, enhancing understanding of the context. However, while it is comprehensive, it could be more concise to align better with the expected output's straightforward nature."
Dogs were depicted as art on the walls of what?,Caves.,The correct answer to the question 'Dogs were depicted as art on the walls of what?' is: caves,0.6292435921160016,"The actual output 'Caves' correctly identifies the core truth of the expected output, which is that dogs were depicted in caves. However, it lacks the clarity and completeness of the expected output, which explicitly states the question and provides a full sentence answer. While the retrieval context contains relevant information about the cultural depictions of dogs, the actual output does not incorporate any of this additional context, which could enhance understanding."
The Jornado painted onto what surface?,The Jornado was painted onto codices (Aztec illustrated books).,The correct answer to the question 'The Jornado painted onto what surface?' is: rock,0.18290332444634544,"The actual output incorrectly states that the Jornado was painted onto codices, while the expected output specifies that it was painted onto rock. The core truth of the expected output is not present in the actual output, leading to a significant misalignment. Additionally, the actual output does not provide any relevant details from the retrieval context that would support or enhance the answer."
What year did Harper Lee pack up to go live in New York City?,1950,The correct answer to the question 'What year did Harper Lee pack up to go live in New York City?' is: 1950,0.802665172670134,"The actual output correctly identifies the year 1950, which aligns with the core truth of the expected output. However, it lacks the additional context provided in the expected output, such as the phrasing of the question and the explicit statement that this is the correct answer. While the actual output is accurate, it could be improved by including more detail to enhance clarity and context."
What work did the Bishop suggest for Athanasius?,Bishop Alexander suggested that Athanasius be his commensal and secretary.,The correct answer to the question 'What work did the Bishop suggest for Athanasius?' is: clerical careers,0.3386712939214931,"The actual output mentions Bishop Alexander suggesting Athanasius be his commensal and secretary, which is relevant but does not directly answer the expected output regarding the work suggested for Athanasius. The core truth of the expected output, which is 'clerical careers', is absent. While the actual output provides some context about Athanasius's role, it lacks the specific answer required and does not include additional relevant details that would enhance understanding of the expected output."
What song did Caleb Johnson first release after winning American Idol? ,"""As Long as You Love Me""",The correct answer to the question 'What song did Caleb Johnson first release after winning American Idol? ' is: As Long as You Love Me,0.9037107932794362,"The actual output correctly identifies 'As Long as You Love Me' as the song Caleb Johnson first released after winning American Idol, which aligns with the core truth of the expected output. It succinctly answers the question without unnecessary elaboration. However, it lacks the introductory phrase present in the expected output, which could enhance clarity and context. Overall, it effectively conveys the essential information."
What is the Red Hat Amphitheater also called?,The Red Hat Amphitheater was formerly known as the Downtown Raleigh Amphitheater.,The correct answer to the question 'What is the Red Hat Amphitheater also called?' is: Downtown Raleigh Amphitheater,0.7872024546187256,"The actual output correctly identifies the former name of the Red Hat Amphitheater, which aligns with the core truth of the expected output. However, it lacks the explicit phrasing of the expected output that directly answers the question, making it slightly less clear. The retrieval context provides relevant background information about the amphitheater, enhancing understanding, but the actual output could have been more comprehensive by explicitly stating the answer format as in the expected output."
What put English Freemasonry at risk?,"The increasing reservations about Freemasonry within the Anglican Church, particularly from the evangelical wing, put English Freemasonry at risk, as noted by former Archbishop of Canterbury Dr. Rowan Williams' concerns and actions against Masonic appointments.",The correct answer to the question 'What put English Freemasonry at risk?' is: Parliamentary proclamation,0.27728682585986664,"The actual output discusses the increasing reservations about Freemasonry within the Anglican Church, particularly highlighting Dr. Rowan Williams' concerns, which is relevant but does not directly address the expected output of 'Parliamentary proclamation' as the core truth. While it provides context and details about the Anglican Church's stance, it fails to mention the specific parliamentary aspect that the expected output emphasizes, leading to a significant misalignment."
What could a criminal in this era expect not to happen if he was convicted of a crime?,A criminal convicted of a crime could not expect to receive no jail time for felonies or serious misdemeanors.,The correct answer to the question 'What could a criminal in this era expect not to happen if he was convicted of a crime?' is: criminals were never imprisoned,0.32021222859246795,"The actual output correctly identifies that a criminal convicted of a crime would not expect to receive no jail time for felonies or serious misdemeanors, which aligns with the core truth of the expected output. However, it fails to directly address the expected output's assertion that 'criminals were never imprisoned,' which is a significant deviation. The actual output does not provide additional relevant details from the retrieval context that would enhance understanding, and it does not comprehensively answer the core question posed."
What is one way that the ancestry of Bermudian black population differs from that of British West Indian black population?,"One way is the source of African ancestry; Bermudian blacks generally descend from enslaved Africans captured from Spanish and Portuguese sources in South-West Africa, while British West Indian blacks largely stem from West Africa.",The correct answer to the question 'What is one way that the ancestry of Bermudian black population differs from that of British West Indian black population?' is: the source of the African ancestry,0.7904601890522912,"The actual output effectively identifies the source of African ancestry as a key difference between the Bermudian black population and the British West Indian black population, aligning well with the expected output. It provides additional context about the origins of enslaved Africans, which enhances understanding without straying from the core truth. However, while it is detailed, it could be more concise to match the simplicity of the expected output."
What was Spielberg's mother's career?,"Spielberg's mother, Leah Adler, was a restaurateur and concert pianist.",The correct answer to the question 'What was Spielberg's mother's career?' is: restaurateur and concert pianist,0.8073464528424736,"The actual output correctly identifies Spielberg's mother as a restaurateur and concert pianist, which aligns with the core truth of the expected output. However, it lacks the explicit framing of the answer as a response to the question posed, which is present in the expected output. While the actual output is accurate, it could be improved by directly stating that this is the answer to the question about her career."
"By tradition, when a Sephardic or Mizrahi woman marries into an Orthodox or Haredi Ashkenazi Jewish family she raises her children to be which type of Jew?",Ashkenazi Jews.,"The correct answer to the question 'By tradition, when a Sephardic or Mizrahi woman marries into an Orthodox or Haredi Ashkenazi Jewish family she raises her children to be which type of Jew?' is: Ashkenazi Jews",0.8912049607039979,"The actual output correctly identifies 'Ashkenazi Jews' as the answer to the question posed, aligning with the core truth of the expected output. It is concise and directly answers the question without unnecessary elaboration. However, it lacks the additional context provided in the retrieval context that could enhance understanding of the cultural implications, which is a minor shortcoming."
What does the MP3 compression take advantage of?,"MP3 compression takes advantage of psychoacoustics to eliminate less audible sounds, allowing for higher compression while maintaining sound fidelity.",The correct answer to the question 'What does the MP3 compression take advantage of?' is: perceptual limitation,0.6792898118716291,"The actual output correctly identifies that MP3 compression utilizes psychoacoustics, which aligns with the core truth of the expected output regarding perceptual limitation. However, it provides a more detailed explanation than necessary, which, while informative, slightly deviates from the simplicity of the expected answer. The additional context about sound fidelity and compression benefits enhances understanding but may not be required for a direct response."
When was Westminster Diocese dissolved?,Westminster Diocese was dissolved in 1550.,The correct answer to the question 'When was Westminster Diocese dissolved?' is: 1550,0.8238396676962763,"The actual output correctly identifies the year of dissolution as 1550, which aligns with the core truth of the expected output. However, it lacks the explicit phrasing that indicates it is answering a question, which is present in the expected output. While it provides the correct information, it could be more clearly articulated as a direct response to the question posed."
How many buses does the region have for public transit?,"London: 8,500 buses; Metrobus: 53 buses; New York City: largest in North America (exact number not specified).",The correct answer to the question 'How many buses does the region have for public transit?' is: 53,0.5106491700634034,"The actual output provides some relevant information about the number of buses in London and Metrobus, but it fails to directly answer the core question regarding the total number of buses for public transit in the region, which is specified as 53 in the expected output. While it includes additional context about New York City, it does not enhance the core truth and may confuse the reader. Therefore, it partially aligns with the evaluation steps but lacks clarity in addressing the main question."
What did Bell call the best thing he ever made?,Bell called the telephone an intrusion on his real work as a scientist.,The correct answer to the question 'What did Bell call the best thing he ever made?' is: The photophone,0.18147169562170573,"The actual output does not address the core question about what Bell called the best thing he ever made, which is specifically the photophone. Instead, it provides an unrelated statement about Bell's views on the telephone, failing to align with the expected output. While it does reference Bell's perspective, it lacks the necessary focus on the correct answer, resulting in a significant deviation from the expected response."
Who was the Holy Roman Church leader that authorized the change ?,Pope Paul VI.,"The correct answer to the question 'Who was the Holy Roman Church leader that authorized the change ?' is: Pope Sixtus IV, authorized those dioceses",0.1551273806673616,"The actual output identifies Pope Paul VI, but it does not answer the specific question regarding who authorized the change, which is Pope Sixtus IV according to the expected output. The core truth is missing, and while the retrieval context provides relevant information about Pope Paul VI's reforms, it does not address the expected output's focus on Pope Sixtus IV."
How long did it take Columbia to produce a consumer friendly long play record?,About eight years.,The correct answer to the question 'How long did it take Columbia to produce a consumer friendly long play record?' is: about eight years,0.8058858994410996,"The actual output correctly identifies the duration it took Columbia to produce a consumer-friendly long play record, aligning with the core truth of the expected output. However, it lacks the explicit framing of the answer as a response to the specific question posed, which is present in the expected output. While the answer is concise and accurate, it could benefit from a more formal presentation to fully match the expected format."
What was the main benefit of the creation of new forms of partnerships during the commercial revolution?,"The main benefit was the reduction of risk in commercial ventures, facilitating trade and investment.",The correct answer to the question 'What was the main benefit of the creation of new forms of partnerships during the commercial revolution?' is: reducing the risk of commercial ventures,0.8,"The actual output correctly identifies the core truth of the expected output by stating that the main benefit was the reduction of risk in commercial ventures. It also provides additional context about how this facilitated trade and investment, which enhances the response. However, it could be more closely aligned with the phrasing of the expected output, which explicitly mentions 'reducing the risk of commercial ventures' as a direct answer to the question."
When was Adolf Hitlers first visit to the Alps?,Adolf Hitler's first visit to the Alps was in 1923.,The correct answer to the question 'When was Adolf Hitlers first visit to the Alps?' is: 1923,0.8,"The actual output correctly identifies the year of Adolf Hitler's first visit to the Alps as 1923, which aligns with the core truth of the expected output. However, it lacks the explicit framing of the answer as a response to the question, which is present in the expected output. While the actual output is accurate and provides the correct information, it could be improved by incorporating the question context more directly."
Where was pop star Frankie Vaughan from?,Liverpool.,The correct answer to the question 'Where was pop star Frankie Vaughan from?' is: Liverpool,0.8098328815804849,"The actual output 'Liverpool' correctly identifies the core truth of the expected output, which is that Frankie Vaughan is from Liverpool. However, it lacks the additional context provided in the expected output that explicitly states it is the answer to the question posed. While the response is accurate, it could be improved by including a phrase that connects it directly to the question for clarity."
With whom was he said to have conspired?,Nasser was suspected of conspiring with a group of dissenting officers.,The correct answer to the question 'With whom was he said to have conspired?' is: Ángel Trías,0.20420203243882037,"The actual output mentions Nasser's suspicion of conspiring with dissenting officers, but it fails to directly answer the question about with whom he was said to have conspired, which is Ángel Trías. The core truth of the expected output is not clearly articulated in the actual output, leading to a significant misalignment."
What world leader visited Gaddafi in 2004?,UK Prime Minister Tony Blair.,The correct answer to the question 'What world leader visited Gaddafi in 2004?' is: Tony Blair,0.7684205146295972,"The actual output correctly identifies Tony Blair as the UK Prime Minister who visited Gaddafi in 2004, aligning well with the expected output. However, it lacks the explicit context of the question and the phrasing of the expected answer, which could enhance clarity. While the core truth is present, the response could be improved by including the full context of the question to provide a more comprehensive understanding."
How have the enlisted forces of the US Air Force been seen?,"The enlisted forces of the USAF have been seen primarily as a rear echelon support force, but they also share close comradeship with officers on multi-crewed aircraft, fostering a unique officer/enlisted relationship characterized by less formal social distance compared to other U.S. military branches.",The correct answer to the question 'How have the enlisted forces of the US Air Force been seen?' is: primarily a rear echelon support force,0.5210586245170925,"The actual output identifies the enlisted forces of the USAF as primarily a rear echelon support force, which aligns with the core truth of the expected output. However, it includes additional details about the officer/enlisted relationship and social dynamics that, while relevant, detract from the simplicity and clarity of the expected answer. This additional context may confuse the core message rather than enhance understanding."
In what year did Novgorod aquire its own archbishop?,1169,The correct answer to the question 'In what year did Novgorod aquire its own archbishop?' is: 1169,0.8156736871008526,"The actual output provides the correct year, 1169, which aligns with the expected output. However, it lacks the contextual phrasing that enhances clarity, such as explicitly stating it is the answer to the question about Novgorod acquiring its own archbishop. While the core truth is present, the absence of additional context diminishes the overall clarity and completeness of the response."
Why does race undermine social cohesion in America?,"Race undermines social cohesion in America due to historical racial discrimination, persistent inequalities, and the sensitive nature of racial issues, which prevents unity among diverse groups.",The correct answer to the question 'Why does race undermine social cohesion in America?' is: sensitive issue,0.5837953215704048,"The actual output addresses the core truth of the expected output by discussing the sensitive nature of race as a factor undermining social cohesion in America. However, it goes beyond the expected output by providing additional context about historical racial discrimination and persistent inequalities, which, while relevant, detracts from the simplicity of the expected answer. The response is comprehensive but may overwhelm the core question with excessive detail."
"Is ""low"" voltage used by trains safe for people?","""Low"" voltage used by trains can be lethal; even 600 V is dangerous when touched. Therefore, it poses safety risks to people.","The correct answer to the question 'Is ""low"" voltage used by trains safe for people?' is: lethal",0.625027740512785,"The actual output correctly identifies the safety risks associated with low voltage used by trains, aligning with the core truth of the expected output that it is lethal. However, it does not explicitly state 'lethal' as the answer to the question, which is a key detail in the expected output. While the actual output provides additional context about the dangers of low voltage, it could be more concise and directly answer the question posed."
Which theorist argued that not everyone fully achieves identity?,Erik Erikson argued that not everyone fully achieves identity.,The correct answer to the question 'Which theorist argued that not everyone fully achieves identity?' is: Erik Erikson,0.5183473847415895,"The actual output identifies Erik Erikson as the theorist who argued that not everyone fully achieves identity, which aligns with the expected output's core truth. However, it lacks the explicit phrasing of the expected output, which directly states the answer to the question. While the actual output provides relevant context about Erikson's theories, it does not enhance the clarity of the answer, making it less effective in directly addressing the question."
Which mosque is believed to be the first with a dome?,"The Dome of the Rock mosque is believed to be the first with a dome, completed in 691 AD.",The correct answer to the question 'Which mosque is believed to be the first with a dome?' is: Dome of the Rock mosque,0.7884472887470769,"The actual output correctly identifies the Dome of the Rock mosque as the first mosque with a dome, aligning with the core truth of the expected output. It provides additional context by mentioning its completion date in 691 AD, which enhances understanding without deviating from the core question. However, it could have more explicitly stated that this is the answer to the question posed, which would have strengthened its alignment with the expected output format."
What is formed by Chinese principles? ,"Chinese principles form various political philosophies, including Confucianism, Legalism, Mohism, Agrarianism, and Taoism, emphasizing political unity, stability, and different government structures.",The correct answer to the question 'What is formed by Chinese principles? ' is: Characters,0.19046018905229115,"The actual output fails to address the core truth of the expected output, which is that 'Characters' are formed by Chinese principles. Instead, it discusses various political philosophies without connecting them to the concept of characters. While it provides relevant details about Chinese political thought, it does not answer the specific question posed, leading to a low score."
Which Apple engineer led original iPod design group?,Jon Rubinstein led the original iPod design group.,The correct answer to the question 'Which Apple engineer led original iPod design group?' is: Jon Rubinstein,0.7982346168881561,"The actual output correctly identifies Jon Rubinstein as the leader of the original iPod design group, which aligns with the core truth of the expected output. However, it lacks the explicit phrasing of the expected output, which states the answer in a complete sentence format. While the actual output is accurate and relevant, it could be improved by including the context of the question directly in the response."
When was the last time the Chicago Cubs appeared in the Fall Classic?,1945.,The correct answer to the question 'When was the last time the Chicago Cubs appeared in the Fall Classic?' is: 1945,0.7687207997988587,"The actual output correctly identifies the year 1945 as the last time the Chicago Cubs appeared in the Fall Classic, which aligns with the core truth of the expected output. However, it lacks the additional context provided in the expected output, such as the phrasing and the explicit mention of the question being answered. While the actual output is concise, it could benefit from a more comprehensive presentation that includes the context of the question."
"According to family economic and financial education specialists, how do adolescents develop sound money management skills?","Adolescents develop sound money management skills through practices of saving, spending, and planning for future economic goals.","The correct answer to the question 'According to family economic and financial education specialists, how do adolescents develop sound money management skills?' is: saving and spending money",0.8168454709913083,"The actual output effectively addresses the core truth of the expected output by stating that adolescents develop sound money management skills through saving, spending, and planning for future economic goals. It includes relevant details from the retrieval context that enhance understanding, particularly the mention of cultural influences on financial responsibilities. However, it is slightly more comprehensive than the expected output, which simply lists 'saving and spending money,' but this does not detract from its correctness."
How much difficulty do contemporary Czechs have in understanding material from the 18th century?,Contemporary Czechs can understand 18th-century material with little difficulty.,The correct answer to the question 'How much difficulty do contemporary Czechs have in understanding material from the 18th century?' is: little,0.8150246382537384,"The actual output correctly conveys the core truth that contemporary Czechs can understand 18th-century material with little difficulty, which aligns with the expected output. However, while it provides a clear answer, it lacks the explicit phrasing of 'little' as in the expected output. The additional context about the Czech language's evolution enhances the response without detracting from the core truth, making it more comprehensive."
What is the plot from which film speed is derived called?,The plot from which film speed is derived is called the D–log H curve or Hurter–Driffield curve.,The correct answer to the question 'What is the plot from which film speed is derived called?' is: the D–log H curve or Hurter–Driffield curve,0.9277567328086379,"The actual output correctly identifies the plot from which film speed is derived as the D–log H curve or Hurter–Driffield curve, which aligns with the core truth of the expected output. While the expected output explicitly states the question and answer format, the actual output provides the same information in a more straightforward manner. It could have included the phrasing of the question for full alignment, but it does not detract from the accuracy of the answer."
Which programfacilitates the exchange students across Europe?,The European Socrates-Erasmus Program.,The correct answer to the question 'Which programfacilitates the exchange students across Europe?' is: The European Socrates-Erasmus Program,0.8172274141827509,"The actual output correctly identifies the European Socrates-Erasmus Program as the program facilitating student exchanges across Europe, aligning well with the expected output. However, it lacks the introductory phrase that explicitly states it as the answer to the question, which slightly detracts from clarity. The retrieval context supports the answer by providing relevant information about the program, enhancing understanding without detracting from the core truth."
What was the name of the first sulfonamine antibiotic?,Prontosil.,The correct answer to the question 'What was the name of the first sulfonamine antibiotic?' is: Prontosil,0.8548317325905396,"The actual output correctly identifies 'Prontosil' as the first sulfonamine antibiotic, aligning with the core truth of the expected output. However, it lacks the additional context provided in the expected output, such as the phrasing of the question and the acknowledgment of the answer's correctness. While the response is accurate, it could be improved by including a more comprehensive presentation of the information."
What is another name for Universal Studios Inc.?,Universal Pictures.,The correct answer to the question 'What is another name for Universal Studios Inc.?' is: Universal Pictures,0.9952574126654137,"The actual output 'Universal Pictures' directly answers the question posed in the expected output, confirming the core truth that Universal Pictures is another name for Universal Studios Inc. Additionally, the retrieval context provides relevant background information about Universal Studios, enhancing the understanding without detracting from the core answer."
What should Whitehead's students organically link due to his teaching methods?,Whitehead's students should organically link important concepts to various areas of knowledge and their applications in real life.,"The correct answer to the question 'What should Whitehead's students organically link due to his teaching methods?' is: different areas of knowledge, discovering their application in actual life.",0.7177509526206681,"The actual output captures the essence of the expected output by stating that Whitehead's students should link important concepts to various areas of knowledge and their real-life applications. However, it lacks the explicit phrasing of 'different areas of knowledge' and 'discovering their application in actual life' found in the expected output. While it aligns with the core truth, it could be more precise in mirroring the expected language and structure."
How did the French defend the Fortress of Louisbourg?,The French defended the Fortress of Louisbourg in 1757 through naval deployments that secured the seaward approaches to Quebec.,The correct answer to the question 'How did the French defend the Fortress of Louisbourg?' is: French naval deployments,0.7647927005338062,"The actual output correctly identifies the core truth of the expected output by stating that the French defended the Fortress of Louisbourg through naval deployments. It provides additional context about securing the seaward approaches to Quebec, which enhances the answer without detracting from the core truth. However, it could be more concise, as the expected output is more direct and succinct."
How did the Windows 8.1 upgrade enhance desktop startup?,Windows 8.1 restored the visible Start button and allowed users to boot directly to the desktop instead of the Start screen.,The correct answer to the question 'How did the Windows 8.1 upgrade enhance desktop startup?' is: ability to boot to the desktop instead of the Start screen,0.8127975451136663,"The actual output correctly identifies the ability to boot to the desktop instead of the Start screen, which aligns with the core truth of the expected output. Additionally, it provides extra relevant details about the restoration of the Start button, enhancing the comprehensiveness of the response. However, it could be more concise by focusing solely on the core enhancement without additional context."
Where is Zakria's shrine?,"Zakria's shrine is located in Lahore, Pakistan.",The correct answer to the question 'Where is Zakria's shrine?' is: Multan,0.07461955311587914,"The actual output incorrectly states that Zakria's shrine is located in Lahore, Pakistan, while the expected output clearly identifies the correct location as Multan. The core truth of the expected output is not present in the actual output, leading to a complete misalignment with the evaluation steps."
Who did Apple pay expensive consulting fees to before doing in-house work?,The information provided does not specify who Apple paid expensive consulting fees to before doing in-house work.,The correct answer to the question 'Who did Apple pay expensive consulting fees to before doing in-house work?' is: Frogdesign,0.17289211092612028,"The actual output fails to provide the correct answer to the question regarding who Apple paid expensive consulting fees to, which is the core truth of the expected output. While it correctly states that the information is not specified, it does not address the expected answer, 'Frogdesign,' at all. This lack of alignment with the expected output significantly detracts from its effectiveness, despite the retrieval context providing relevant information about Apple's history."
How long is sweet wort boiled for after sparging?,About one hour.,The correct answer to the question 'How long is sweet wort boiled for after sparging?' is: about one hour,0.8566660663141713,"The actual output correctly identifies the duration of the boiling process as 'about one hour', which aligns with the expected output. However, it lacks the explicit context of the question being answered, which is important for clarity. While the response is accurate, it could be improved by directly referencing the question to enhance understanding."
Who became president of the Congo in 1963?,Alphonse Massamba-Débat.,The correct answer to the question 'Who became president of the Congo in 1963?' is: Massamba-Débat,0.7986017056317101,"The actual output correctly identifies Alphonse Massamba-Débat as the president of the Congo in 1963, aligning with the core truth of the expected output. However, it lacks the explicit context of the question and the phrasing used in the expected output, which could enhance clarity. While the response is accurate, it could be improved by including a more direct reference to the question format."
Would DNA show a higher number or lower number of mutliracial people than those reported in the census?,"DNA testing would likely show a higher number of multiracial people than those reported in the census, as individuals may be more genetically similar to members of different populations than to their own.",The correct answer to the question 'Would DNA show a higher number or lower number of mutliracial people than those reported in the census?' is: higher number,0.7188148465979926,"The actual output correctly identifies that DNA testing would likely show a higher number of multiracial individuals compared to census data, which aligns with the core truth of the expected output. However, while it provides additional context about genetic similarities across populations, it could be more concise and directly answer the question posed without the extra details, which slightly detracts from its clarity."
What groups formed the Axis forces?,"The Axis forces primarily consisted of Germany, Italy, and Japan.","The correct answer to the question 'What groups formed the Axis forces?' is: Nazi Germany, Fascist Italy, and Imperial Japan",0.6275302068684434,"The actual output identifies the core truth by naming the Axis forces as Germany, Italy, and Japan, which aligns with the expected output. However, it lacks the specific descriptors 'Nazi', 'Fascist', and 'Imperial' that provide important context and clarity. While the response is accurate, it could be more comprehensive by including these details, which would enhance its alignment with the expected output."
What must a Senior Airman do to become a supervisor in the USAF?,A Senior Airman must complete the Airman Leadership School to become a supervisor in the USAF.,The correct answer to the question 'What must a Senior Airman do to become a supervisor in the USAF?' is: completed Airman Leadership School,0.8039428046791401,"The actual output correctly identifies that a Senior Airman must complete the Airman Leadership School to become a supervisor in the USAF, which aligns with the core truth of the expected output. However, while it provides a clear answer, it could have been more concise by omitting the introductory phrase. The additional context about the supervisory role of a Senior Airman adds relevant detail without deviating from the core truth, enhancing the comprehensiveness of the response."
What is the Syriac word for Nazarene?,"The Syriac word for Nazarene is ""Nasrani.""",The correct answer to the question 'What is the Syriac word for Nazarene?' is: Nasrānī,0.8303046449559135,"The actual output correctly identifies the Syriac word for Nazarene as 'Nasrani,' which aligns with the expected output. However, it lacks the specific formatting of the expected answer, 'Nasrānī,' which includes the diacritical mark. While the core truth is present, the absence of this detail slightly detracts from the overall accuracy. The additional context provided in the retrieval context enhances understanding but is not directly necessary for answering the question."
What does the Combat V mean?,The Combat V is a device worn on military ribbons to denote valor or heroism in combat.,The correct answer to the question 'What does the Combat V mean?' is: heroic achievement,0.4016292029467641,"The actual output provides a definition of the Combat V, indicating its purpose in denoting valor or heroism in combat. However, it does not directly address the core truth of the expected output, which is specifically about 'heroic achievement.' While the actual output is somewhat relevant, it lacks the succinctness and clarity of the expected answer, and it does not include additional relevant details from the retrieval context that would enhance understanding."
What is the pope's official title?,"Pope's official title is ""The Most Eminent and Most Reverend Lord, Lord (first name) Cardinal of the Holy Roman Church (last name).""",The correct answer to the question 'What is the pope's official title?' is: Supreme Pontiff,0.31636689947243674,"The actual output provides a detailed title of the pope, which is related to the expected output but does not directly answer the question of the pope's official title as 'Supreme Pontiff.' While it includes relevant information, it fails to present the core truth clearly and succinctly, leading to a lack of alignment with the expected output."
Where is this a common feature?,"This is a common feature in Windows operating systems, particularly Windows 8.",The correct answer to the question 'Where is this a common feature?' is: Western Romance,0.13494486610477277,"The actual output mentions a feature in Windows operating systems, which is somewhat related to the context, but it completely misses the core truth of the expected output, which identifies 'Western Romance' as the answer to the question. There is no alignment with the expected answer, and the actual output does not provide any relevant details that would support the expected output."
When did the Hongwu Emperor use military force in Tibet?,The Hongwu Emperor used military force in Tibet in November 1378.,The correct answer to the question 'When did the Hongwu Emperor use military force in Tibet?' is: the 14th century,0.43091247365855667,"The actual output provides a specific date (November 1378) when the Hongwu Emperor used military force in Tibet, which is a more precise detail than the expected output's general reference to the 14th century. However, it fails to clearly articulate the core truth of the expected output, which is to answer the question directly. The actual output does not explicitly state that this event occurred in the 14th century, which is essential for alignment with the expected output."
What groups are cited as being considered heretical by the Church before the 11th century?,"Arianism, Pelagianism, Donatism, Marcionism, Montanism.","The correct answer to the question 'What groups are cited as being considered heretical by the Church before the 11th century?' is: Arianism, Pelagianism, Donatism, Marcionism and Montanism",0.8229450868863004,"The actual output correctly identifies the groups considered heretical by the Church before the 11th century, aligning with the core truth of the expected output. However, it lacks the introductory phrase that clearly states it as the answer to the question, which slightly detracts from its completeness. The output is concise and directly answers the question without unnecessary details, maintaining focus on the core truth."
How much faster is automated creation over handmade?,Automated production can be more than 10 times faster than handmade.,The correct answer to the question 'How much faster is automated creation over handmade?' is: 10 times faster,0.8012673507899599,"The actual output correctly identifies that automated production can be more than 10 times faster than handmade, which aligns with the core truth of the expected output. However, it lacks the explicit phrasing of '10 times faster' as stated in the expected output. The additional context about production speed and accuracy enhances the response, making it more comprehensive, but it slightly deviates from the exact wording of the expected answer."
"Since 1999, what average rate has the solar water heating sector progressed at?",20% per year.,"The correct answer to the question 'Since 1999, what average rate has the solar water heating sector progressed at?' is: 20% per year",0.8966724486664583,"The actual output correctly identifies the average growth rate of the solar water heating sector as 20% per year, which aligns with the core truth of the expected output. It succinctly answers the question posed, although it lacks the introductory phrase present in the expected output. The retrieval context provides additional relevant details about the history and context of solar water heating, enhancing the overall understanding without deviating from the core truth."
Who attempted to assasinate Victoria while she was riding in a carriage?,Edward Oxford.,The correct answer to the question 'Who attempted to assasinate Victoria while she was riding in a carriage?' is: Edward Oxford,0.8490453908297294,"The actual output correctly identifies Edward Oxford as the individual who attempted to assassinate Victoria, aligning with the core truth of the expected output. However, it lacks the additional context provided in the expected output, such as the phrasing of the question and the specific context of the assassination attempt, which could enhance clarity and completeness. The retrieval context contains relevant details about the event, but they are not reflected in the actual output, which could have made it more comprehensive."
Do children or adolescents tend to associae with friends of the opposite sex more?,Adolescents tend to associate with friends of the opposite sex more than children.,The correct answer to the question 'Do children or adolescents tend to associae with friends of the opposite sex more?' is: Adolescents,0.766629315866448,"The actual output correctly identifies that adolescents associate with friends of the opposite sex more than children, which aligns with the core truth of the expected output. However, it lacks the explicit phrasing of the expected answer format, which directly states 'Adolescents' as the answer to the question. While the additional context about adolescent social behavior enhances understanding, it slightly diverges from the simplicity of the expected output."
Who became the second Karmapa Lama?,Karma Pakshi became the second Karmapa Lama.,The correct answer to the question 'Who became the second Karmapa Lama?' is: Karma Pakshi,0.8080545068129169,"The actual output correctly identifies Karma Pakshi as the second Karmapa Lama, aligning with the core truth of the expected output. However, it lacks the explicit phrasing of the expected output, which clearly states the question and answer format. While the additional context provided in the retrieval context is relevant, it does not enhance the core answer directly, leading to a slight deduction in the score."
What civilization was Mogadishu a part of?,Mogadishu was part of the Berberi civilization.,The correct answer to the question 'What civilization was Mogadishu a part of?' is: Berberi,0.7692764606593178,"The actual output correctly identifies that Mogadishu was part of the Berberi civilization, which aligns with the expected output. However, it lacks the explicit phrasing of the question and the structured format of the expected answer. While it provides relevant context about the Berberi civilization, it could be more comprehensive by including the phrase 'The correct answer to the question...' as in the expected output."
What are the Nigerian states' sub-divisions called?,Local Government Areas (LGAs).,The correct answer to the question 'What are the Nigerian states' sub-divisions called?' is: Local Government Areas,0.9216985825731312,"The actual output correctly identifies 'Local Government Areas (LGAs)' as the sub-divisions of Nigerian states, which aligns perfectly with the expected output. It maintains the core truth and does not deviate from it. Additionally, the output is concise and directly answers the question posed, fulfilling the evaluation criteria effectively."
What did the interrogation provoke Nasser to do?,The interrogation provoked Nasser to speed up his group's activities.,The correct answer to the question 'What did the interrogation provoke Nasser to do?' is: speed up his group's activities,0.9624255613660051,"The actual output directly addresses the core truth of the expected output by clearly stating that the interrogation provoked Nasser to speed up his group's activities. It aligns perfectly with the expected answer, providing the same information in a slightly different phrasing without introducing any irrelevant details. The response is concise and accurately reflects the retrieval context, confirming the impact of the interrogation on Nasser's actions."
Do you have to go to the one year of kindergarten?,"No, kindergarten is non-obligatory in the Canton of Bern.",The correct answer to the question 'Do you have to go to the one year of kindergarten?' is: non,0.760541036359731,"The actual output correctly identifies that kindergarten is non-obligatory in the Canton of Bern, which aligns with the core truth of the expected output. However, it lacks the explicit phrasing of 'non' as the answer to the question, which is a minor deviation from the expected format. The response is clear and provides relevant information without detracting from the core truth, making it comprehensive and informative."
What fields are forced to confront one another in anthropology?,"Anthropology confronts humanities, social sciences, and natural sciences.","The correct answer to the question 'What fields are forced to confront one another in anthropology?' is: humanities, social, and natural sciences",0.6787925801561105,"The actual output identifies the fields that confront one another in anthropology, aligning with the expected output. However, it lacks the explicit structure and clarity of the expected answer, which lists the fields more directly. While the actual output provides a broader context, it could be more concise and focused on the core truth without additional details that may detract from the main answer."
What are two infrastructure projects Nasser embarked on?,Aswan Dam and Helwan City.,The correct answer to the question 'What are two infrastructure projects Nasser embarked on?' is: Helwan steel works and the Aswan Dam,0.43895838842983415,"The actual output mentions the Aswan Dam and Helwan City, which are relevant infrastructure projects associated with Nasser. However, it fails to accurately reflect the expected output, which specifies 'Helwan steel works and the Aswan Dam' as the correct answer. The actual output does not include 'Helwan steel works,' which is a critical part of the expected response, thus missing the core truth. While it does reference two projects, it does not fully align with the expected answer."
Why does the United Nations question the Human rights status of Cyprus?,"The United Nations questions the human rights status of Cyprus due to the ongoing division of the island, which affects freedom of movement, rights of missing persons, discrimination, and other human rights issues.",The correct answer to the question 'Why does the United Nations question the Human rights status of Cyprus?' is: ongoing division of Cyprus continues to affect human rights throughout the island,0.7387942586552745,"The actual output captures the core truth of the expected output by addressing the ongoing division of Cyprus and its impact on human rights. However, it includes additional details about specific human rights issues, such as freedom of movement and discrimination, which, while relevant, may detract slightly from the succinctness of the core message. Overall, it aligns well with the evaluation steps but could be more concise."
Why is it difficult to now which chronic wounds are infected?,"It is difficult to know which chronic wounds are infected because bacterial colonization is normal, and there are limited reliable data on clinical symptoms. The key indicator, increased pain, is often not definitive, as the absence of pain does not rule out infection.",The correct answer to the question 'Why is it difficult to now which chronic wounds are infected?' is: Because it is normal to have bacterial colonization,0.7136295651024629,"The actual output captures the core truth that bacterial colonization complicates the identification of infected chronic wounds, aligning with the expected output. However, it provides additional context about pain as an indicator of infection, which, while relevant, makes the response more detailed than necessary. This additional information does not detract from the core answer but may slightly diverge from the simplicity of the expected response."
In what year was Athanasius consecrated?,Athanasius was consecrated in 326.,The correct answer to the question 'In what year was Athanasius consecrated?' is: 326,0.7926535478769693,"The actual output correctly identifies the year Athanasius was consecrated as 326, which aligns with the core truth of the expected output. However, it lacks the explicit framing of the answer as a response to the question posed, which is a minor shortcoming. The additional context provided in the retrieval context is relevant and enhances understanding of Athanasius's significance, but it is not utilized in the actual output, which could have further enriched the response."
What authors have suggested Rutherford invited and cultivated opposition for the purpose of publicity?,"William Whalen, Shawn Francis Peters, Barbara Grizzuti Harrison, Alan Rogerson, and William Schnell.","The correct answer to the question 'What authors have suggested Rutherford invited and cultivated opposition for the purpose of publicity?' is: Whalen, Harrison and Schnell",0.5719908740578108,"The actual output includes all the authors mentioned in the retrieval context, which aligns with the expected output's request for authors who suggested Rutherford's actions. However, it fails to filter the list down to the specific authors named in the expected output (Whalen, Harrison, and Schnell), which detracts from the clarity and precision of the response. While the additional context is relevant, it does not enhance the core truth of the expected output."
What product replaced LaserDisc in North America by the early 2000s?,DVD replaced LaserDisc in North America by the early 2000s.,The correct answer to the question 'What product replaced LaserDisc in North America by the early 2000s?' is: DVD,0.7606789426115195,"The actual output correctly identifies that DVD replaced LaserDisc in North America by the early 2000s, which aligns with the core truth of the expected output. However, it lacks the explicit phrasing of the expected output, which directly states 'The correct answer to the question... is: DVD'. While the actual output provides a correct answer, it could be more precise in format. Additionally, it does not include any additional relevant details from the retrieval context that could enhance understanding, but it does not detract from the core truth either."
Who named Madonna as the top female touring artist of all time?,Billboard.,The correct answer to the question 'Who named Madonna as the top female touring artist of all time?' is: Billboard,0.8772489511013937,"The actual output correctly identifies 'Billboard' as the source of the information regarding Madonna being named the top female touring artist, which aligns with the core truth of the expected output. However, it lacks the full context of the question and the phrasing of the expected output, which explicitly states the question and provides a complete answer. While the core truth is present, the response could be improved by including the context of the question for clarity."
How many affiliated physicians does the DMC have?,"3,000 affiliated physicians.","The correct answer to the question 'How many affiliated physicians does the DMC have?' is: 3,000",0.8248089253393749,"The actual output provides the correct numerical answer of 3,000 affiliated physicians, which aligns with the core truth of the expected output. However, it lacks the explicit framing of the answer as a response to the question posed, which is present in the expected output. While the answer is accurate, it could be improved by including the context of the question for clarity."
Much medieval literature was influenced by the works of what classic culture?,Much medieval literature was influenced by classical Greek and Roman culture.,The correct answer to the question 'Much medieval literature was influenced by the works of what classic culture?' is: Roman,0.3568730537456608,"The actual output mentions the influence of classical Greek and Roman culture on medieval literature, which aligns with the core truth of the expected output. However, it fails to directly answer the specific question regarding which classic culture influenced medieval literature, as the expected output clearly states 'Roman'. The additional context provided does not enhance the understanding of the core message and lacks the necessary specificity to meet the evaluation criteria."
What symbol did the protesters wear on their arms?,Protesters wrapped the Tibetan snow lion flag around their bodies.,The correct answer to the question 'What symbol did the protesters wear on their arms?' is: radioactivity symbols,0.11056710349639647,"The actual output mentions the Tibetan snow lion flag, which is a relevant symbol, but it does not answer the question about what symbol the protesters wore on their arms. The expected output specifies 'radioactivity symbols,' which is entirely different and not addressed in the actual output. Therefore, the core truth is not present, and the response fails to align with the evaluation steps."
When did the U.S. Senate first pass a financial reform bill?,The U.S. Senate first passed a financial reform bill in May 2010.,The correct answer to the question 'When did the U.S. Senate first pass a financial reform bill?' is: May 2010,0.8080129891375674,"The actual output correctly identifies the core truth by stating that the U.S. Senate first passed a financial reform bill in May 2010, which aligns with the expected output. However, it lacks the explicit phrasing of 'The correct answer to the question...' found in the expected output, which would enhance clarity. Additionally, while the output is accurate, it does not include any additional relevant details from the retrieval context that could provide further context or depth to the answer."
Who is the interior moulding of the Mace and Chain building rumored to have belonged to?,Benedict Arnold.,The correct answer to the question 'Who is the interior moulding of the Mace and Chain building rumored to have belonged to?' is: Benedict Arnold,0.8189104189600602,"The actual output correctly identifies Benedict Arnold as the answer, aligning with the core truth of the expected output. However, it lacks the additional context provided in the expected output, which explicitly states the question it answers. While the response is concise, it could benefit from a more comprehensive presentation that includes the question for clarity."
Which medal did Greece's women's water polo team win at the 2005 World League?,Gold medal.,The correct answer to the question 'Which medal did Greece's women's water polo team win at the 2005 World League?' is: gold,0.8036656927202367,"The actual output correctly identifies the core truth of the expected output by stating 'Gold medal', which answers the question about Greece's women's water polo team winning at the 2005 World League. However, it lacks the additional context and clarity provided in the expected output, which explicitly states the question and the answer format. While the core truth is present, the response could be improved by including more detail to enhance comprehension."
Who became the first black African riders to compete in the Tour de France?,Daniel Teklehaimanot and Merhawi Kudus.,The correct answer to the question 'Who became the first black African riders to compete in the Tour de France?' is: Teklehaimanot and fellow Eritrean Merhawi Kudus,0.7354605155559127,"The actual output correctly identifies Daniel Teklehaimanot and Merhawi Kudus as the first black African riders to compete in the Tour de France, aligning with the core truth of the expected output. However, it lacks the additional context provided in the expected output, such as the phrase 'fellow Eritrean,' which enhances clarity and completeness. While the response is accurate, it could benefit from a more explicit connection to the retrieval context that emphasizes their significance in the event."
Who invaded Armenia in 1920?,Turkish nationalist forces invaded Armenia in 1920.,The correct answer to the question 'Who invaded Armenia in 1920?' is: the Red Army,0.31144079052685436,"The actual output identifies the Turkish nationalist forces as the invaders of Armenia in 1920, which is a relevant detail but does not align with the expected output that specifies the Red Army as the correct answer. While the actual output is factually correct regarding the Turkish invasion, it fails to address the core truth of the expected output, leading to a significant misalignment. Additionally, it does not include the context of the Red Army's invasion, which is crucial for a comprehensive understanding of the events in that period."
What was the focus of paintings in Italy?,"The focus of paintings in Italy was on idealized compositions and greater realism, achieved through techniques like linear perspective and anatomical study.",The correct answer to the question 'What was the focus of paintings in Italy?' is: idealized compositions,0.7141019995993596,"The actual output correctly identifies the focus of paintings in Italy as idealized compositions and greater realism, which aligns with the expected output. However, it provides additional details about techniques like linear perspective and anatomical study, which, while relevant, slightly deviate from the core truth of the expected output. The response is comprehensive but could be more concise to match the simplicity of the expected answer."
What was youtube's 2007 partner program based on?,YouTube's 2007 Partner Program was based on AdSense.,The correct answer to the question 'What was youtube's 2007 partner program based on?' is: AdSense,0.7691115913505298,"The actual output correctly identifies that YouTube's 2007 Partner Program was based on AdSense, which aligns with the core truth of the expected output. However, it lacks the explicit phrasing of the expected output, which directly states the answer to the question. While the response is accurate, it could be improved by more clearly articulating the answer in the format requested."
In what part of a nobleman's house were plays performed?,In the Great Hall.,The correct answer to the question 'In what part of a nobleman's house were plays performed?' is: the Great Hall,0.4518297121174992,"The actual output identifies the location 'In the Great Hall,' which aligns with the core truth of the expected output. However, it lacks the full context and clarity provided in the expected output, which explicitly states the question and the complete answer. While it does mention the correct location, it does not enhance understanding with additional relevant details from the retrieval context, leading to a less informative response."
"Who showed, in his thought experiments, that people travelling at different speeds measured time differently?",Albert Einstein.,"The correct answer to the question 'Who showed, in his thought experiments, that people travelling at different speeds measured time differently?' is: Einstein",0.5725844334034783,"The actual output correctly identifies Albert Einstein as the answer, which aligns with the core truth of the expected output. However, it lacks the context and completeness of the expected output, which explicitly states the question and provides a more detailed explanation. While the actual output is accurate, it does not include additional relevant details from the retrieval context that could enhance understanding, nor does it provide the same level of clarity as the expected output."
The Luftwaffe's change in strategy targeted what primarily?,The Luftwaffe's change in strategy primarily targeted Britain's industrial cities.,The correct answer to the question 'The Luftwaffe's change in strategy targeted what primarily?' is: the West Midlands,0.3002059557030185,"The actual output identifies a key aspect of the Luftwaffe's strategy by stating it targeted Britain's industrial cities, which is somewhat related to the expected output. However, it fails to mention the specific focus on the West Midlands, which is the core truth of the expected output. The actual output does not provide additional relevant details that enhance understanding, and it lacks the specificity required to fully align with the expected answer."
What were the alphabets of Southeast Asia?,"The alphabets of Southeast Asia were primarily abugidas, derived from Aramaic script, with some variations due to European influence.",The correct answer to the question 'What were the alphabets of Southeast Asia?' is: abugidas,0.7181373028481943,"The actual output correctly identifies the alphabets of Southeast Asia as abugidas, which aligns with the core truth of the expected output. However, it includes additional details about the derivation from Aramaic script and European influence, which, while relevant, may detract from the simplicity of the expected answer. Overall, the response is informative and comprehensive, but slightly more detailed than necessary for the core question."
What campaign did the Kanye West Foundation partner with in 2007?,"The Kanye West Foundation partnered with Strong American Schools for the ""Ed in '08"" campaign in 2007.","The correct answer to the question 'What campaign did the Kanye West Foundation partner with in 2007?' is: ""Ed in '08""",0.8017653831569872,"The actual output correctly identifies the campaign 'Ed in '08' that the Kanye West Foundation partnered with in 2007, aligning well with the expected output. However, while it provides relevant context about the partnership, it lacks the explicit phrasing of the expected output, which could enhance clarity. Overall, it effectively conveys the core truth and adds useful details from the retrieval context."
Which major Latin epic is Virgil known for?,"Virgil is known for the epic ""Aeneid.""",The correct answer to the question 'Which major Latin epic is Virgil known for?' is: Aeneid,0.7891937235515503,"The actual output correctly identifies Virgil's major work, the 'Aeneid', which aligns with the core truth of the expected output. However, it lacks the explicit phrasing of the expected output that clearly states it as the answer to the question. While the response is accurate, it could be improved by including a more direct answer format as seen in the expected output."
What are the three Deputy Chiefs of the Defence Staff?,"1. Deputy Chief of the Defence Staff (Capability)  
2. Deputy Chief of the Defence Staff (Personnel and Training)  
3. Deputy Chief of the Defence Staff (Operations)","The correct answer to the question 'What are the three Deputy Chiefs of the Defence Staff?' is: Deputy Chief of the Defence Staff (Capability), Deputy CDS (Personnel and Training) and Deputy CDS (Operations)",0.7815199708354765,"The actual output correctly identifies the three Deputy Chiefs of the Defence Staff, aligning with the core truth of the expected output. However, it lacks the phrasing 'Deputy CDS' for two of the titles, which is present in the expected output. While the actual output is clear and accurate, it could have been slightly more aligned with the expected format to achieve a perfect score."
When was the coronation of Elizabeth as Queen?,2 June 1953.,The correct answer to the question 'When was the coronation of Elizabeth as Queen?' is: 2 June 1953,0.7951587008962201,"The actual output correctly identifies the date of the coronation, which aligns with the core truth of the expected output. However, it lacks the additional context provided in the expected output, such as explicitly stating that this is the answer to the question posed. While the response is accurate, it could be improved by including a more comprehensive framing of the answer."
A large bow is a large feature of the facade in which stateroom?,Music Room.,The correct answer to the question 'A large bow is a large feature of the facade in which stateroom?' is: the Music Room,0.8000000000000002,"The actual output correctly identifies the 'Music Room' as the answer to the question regarding the stateroom with a large bow feature, aligning well with the expected output. However, it lacks the explicit phrasing that connects it to the question, which could enhance clarity. The retrieval context provides relevant details about the Music Room, but the actual output could have included a brief mention of its significance to further enrich the response."
What is the population of Saint Helena?,"4,255 (2008 census).","The correct answer to the question 'What is the population of Saint Helena?' is: 4,255",0.8641849225734888,"The actual output correctly identifies the population of Saint Helena as 4,255, which aligns with the expected output. It presents the information clearly, although it lacks the introductory phrase found in the expected output. The additional context provided in the retrieval context enhances understanding of the island's demographics without detracting from the core truth."
What advantage does a coreless rotor have over traditional variants?,"A coreless rotor is lighter, allowing for rapid acceleration and achieving a mechanical time constant under one millisecond, unlike traditional rotors.",The correct answer to the question 'What advantage does a coreless rotor have over traditional variants?' is: accelerate much more rapidly,0.772675002295351,"The actual output correctly identifies a key advantage of coreless rotors, specifically their ability to accelerate rapidly, which aligns with the expected output. It also provides additional relevant details about the mechanical time constant and weight, enhancing the response's comprehensiveness. However, while it maintains the core truth, the response could be more concise to match the simplicity of the expected output."
"According to official figures, how many died in the flood of 1957?","Officially, eighty-one people died in the flood of 1957.","The correct answer to the question 'According to official figures, how many died in the flood of 1957?' is: eighty-one",0.8317294108794787,"The actual output correctly identifies the number of deaths in the flood of 1957 as eighty-one, which aligns with the core truth of the expected output. However, it lacks the explicit phrasing of the question and the format of the expected answer, which diminishes its clarity. The additional context provided in the retrieval context is relevant but not necessary for answering the specific question, which slightly detracts from the focus on the core truth."
The Santa Monica Police Department suggests that the per-capita crime rate sways in what way?,"The Santa Monica Police Department suggests that the per-capita crime rate is much lower due to an influx of tourists, workers, and beachgoers.",The correct answer to the question 'The Santa Monica Police Department suggests that the per-capita crime rate sways in what way?' is: much lower,0.7309861042142394,"The actual output correctly identifies that the Santa Monica Police Department suggests the per-capita crime rate is much lower, which aligns with the core truth of the expected output. However, it provides additional context about the influence of tourists and the city's population dynamics, which, while relevant, makes the response slightly more detailed than necessary for the specific question asked. The core answer is present, but the extra details could detract from the clarity of the response."
What is the national bird of Saint Helena?,"The national bird of Saint Helena is the Saint Helena plover, also known as the wirebird.",The correct answer to the question 'What is the national bird of Saint Helena?' is: the Saint Helena plover,0.8467307332152163,"The actual output correctly identifies the national bird of Saint Helena as the Saint Helena plover, which aligns with the core truth of the expected output. It also provides additional relevant details, such as the alternative name 'wirebird' and its significance on the coat of arms and flag, enhancing the response's comprehensiveness. However, it could be more concise to match the expected output's directness."
What does Upa-Mahanagar mean in English?,Sub-Metropolitan City.,The correct answer to the question 'What does Upa-Mahanagar mean in English?' is: Sub-Metropolitan City,0.9900004132696207,"The actual output correctly identifies the meaning of 'Upa-Mahanagar' as 'Sub-Metropolitan City', which aligns perfectly with the expected output. It captures the core truth without any deviation. Additionally, the retrieval context provides relevant background information about Kathmandu and its administrative classifications, enhancing the understanding of the term without detracting from the core answer."
"After the scandal became public, what did UNFPA work to reform in Peru?",UNFPA worked to reform laws and practices to protect women's rights in Peru after the coercive sterilizations scandal.,"The correct answer to the question 'After the scandal became public, what did UNFPA work to reform in Peru?' is: laws and practices",0.7917758033907019,"The actual output correctly identifies that UNFPA worked to reform laws and practices in Peru after the coercive sterilizations scandal, which aligns with the core truth of the expected output. However, it provides additional context about UNFPA's involvement and the nature of the reforms, which, while relevant, makes the response slightly more detailed than necessary for the specific question asked. Overall, it effectively answers the core question while offering extra information."
Alaska's large rivers have potential for what environmentally friendly type of energy production?,Hydroelectric power.,The correct answer to the question 'Alaska's large rivers have potential for what environmentally friendly type of energy production?' is: hydroelectric,0.7654502485997263,"The actual output correctly identifies 'hydroelectric power' as the environmentally friendly type of energy production related to Alaska's large rivers, which aligns with the core truth of the expected output. However, it lacks the additional context provided in the expected output, such as the phrasing of the question and the explicit confirmation that this is the correct answer. While the response is accurate, it could be improved by including more detail to enhance clarity and context."
What does mapping clusters disentangle ancestry from?,Culture and capacity.,The correct answer to the question 'What does mapping clusters disentangle ancestry from?' is: culture,0.4745890411284308,"The actual output mentions 'culture and capacity,' which aligns with the core truth of the expected output that identifies 'culture' as the answer. However, it lacks the clarity and completeness of the expected output, which explicitly states the question and provides a direct answer. The retrieval context offers relevant information about the disentanglement of ancestry from culture, but the actual output does not fully utilize this context to enhance its response."
What clan was given the privileged of enoblement?,The szlachta clan in Poland.,The correct answer to the question 'What clan was given the privileged of enoblement?' is: szlachta clan,0.6184774627463712,"The actual output identifies the 'szlachta clan' in Poland, which aligns with the core truth of the expected output. However, it lacks the explicit phrasing of the question and the context of enoblement, which diminishes its clarity and completeness. While it correctly names the clan, it does not provide the additional context that would enhance understanding, making it less comprehensive than the expected output."
What does LE stand for?,LE stands for Life expectancy at birth.,The correct answer to the question 'What does LE stand for?' is: Life expectancy at birth,0.8974853557759743,"The actual output correctly identifies that 'LE' stands for 'Life expectancy at birth', which aligns with the core truth of the expected output. However, it lacks the introductory phrase present in the expected output, which explicitly states it as the answer to the question. While the core truth is accurately represented, the absence of the full context diminishes the completeness of the response."
How many stations are operated by the New York City Subway?,The New York City Subway has 469 stations.,The correct answer to the question 'How many stations are operated by the New York City Subway?' is: 469,0.9331652721977217,"The actual output correctly identifies the number of stations operated by the New York City Subway, directly addressing the core truth of the expected output. While it lacks the explicit phrasing of the expected output, it provides the correct numerical answer. The retrieval context supports this information, confirming the accuracy of the response. However, it could have been slightly more aligned by mirroring the structure of the expected output more closely."
What library has a vast assortment of rare books and manuscripts?,Beinecke Rare Book Library.,The correct answer to the question 'What library has a vast assortment of rare books and manuscripts?' is: The Beinecke Rare Book Library,0.5532191755823239,"The actual output identifies the Beinecke Rare Book Library, which aligns with the core truth of the expected output. However, it lacks the full context and clarity provided in the expected output, such as the phrasing of the question and the complete answer format. While it mentions the correct library, it does not enhance understanding with additional relevant details from the retrieval context, which could have provided more insight into the library's significance."
What are passenger elevators tested with?,Passenger elevators are tested using the ASME A17.2 Standard.,The correct answer to the question 'What are passenger elevators tested with?' is: ASME A17.2 Standard,0.8184227555637346,"The actual output correctly identifies the ASME A17.2 Standard as the testing standard for passenger elevators, which aligns with the core truth of the expected output. However, it lacks the explicit phrasing of the expected output, which could enhance clarity. The additional context about the ASME standards provides relevant background information that supports the main point without detracting from it."
The failure of what high profile business initiative caused Marvel to approach Diamond?,The failure of Heroes World Distribution.,The correct answer to the question 'The failure of what high profile business initiative caused Marvel to approach Diamond?' is: Marvel's Heroes World,0.5495921693914897,"The actual output identifies the failure of Heroes World Distribution, which is relevant to the expected output regarding Marvel's initiative. However, it lacks the specific phrasing of the expected answer, which directly names 'Marvel's Heroes World' as the core truth. While it touches on the topic, it does not fully articulate the expected answer, leading to a partial alignment with the evaluation steps."
Of what type of diodes are varactors or varicaps comprised?,Varactors or varicaps are comprised of reverse-biased semiconductor diodes.,The correct answer to the question 'Of what type of diodes are varactors or varicaps comprised?' is: reverse-biased semiconductor diodes,0.8483568217267381,"The actual output correctly identifies that varactors or varicaps are comprised of reverse-biased semiconductor diodes, which aligns with the core truth of the expected output. However, it lacks the explicit phrasing of the expected output, which includes the question context and the phrase 'The correct answer to the question...'. While the response is accurate and informative, it could be improved by directly addressing the question format as specified in the expected output."
How many genes were associated with asthma in 2006?,Over 100 genes were associated with asthma in 2006.,The correct answer to the question 'How many genes were associated with asthma in 2006?' is: over 100 genes,0.8694018202012714,"The actual output correctly identifies that over 100 genes were associated with asthma in 2006, which aligns with the core truth of the expected output. However, it lacks the explicit phrasing 'The correct answer to the question...' and does not directly reference the question format, which slightly detracts from its alignment with the expected output. The additional context provided in the retrieval enhances understanding but is not necessary for answering the core question."
What was the original meaning of ta'wil?,"The original meaning of ta'wil was ""to return"" or ""the returning place.""","The correct answer to the question 'What was the original meaning of ta'wil?' is: ""to return"" or ""the returning place""",0.874111502519669,"The actual output accurately conveys the original meaning of 'ta'wil' as 'to return' or 'the returning place,' which aligns well with the expected output. It clearly articulates the core truth of the expected answer. However, it lacks the explicit framing of the answer as a response to the question posed, which is a minor shortcoming."
What was placed in the mountains early in the 20th century?,Numerous weather stations.,The correct answer to the question 'What was placed in the mountains early in the 20th century?' is: Numerous weather stations,0.8308822335823571,"The actual output correctly identifies 'Numerous weather stations' as the answer to the question posed, aligning well with the expected output. However, it lacks the explicit framing of the answer as a response to the question, which could enhance clarity. The retrieval context provides relevant background information that supports the answer, but the actual output does not incorporate any of this context, which could have further enriched the response without detracting from the core truth."
How many people are on the Territorial Council?,Nineteen members.,The correct answer to the question 'How many people are on the Territorial Council?' is: nineteen,0.801398294335953,"The actual output correctly identifies the number of members on the Territorial Council as 'Nineteen', which aligns with the core truth of the expected output. However, it lacks the explicit phrasing of the question and the complete sentence structure found in the expected output, which diminishes its clarity. While it provides the correct answer, it does not fully match the expected format, which affects its comprehensiveness."
What two levels of crime are there?,The two levels of crime are felonies and misdemeanors.,The correct answer to the question 'What two levels of crime are there?' is: felonies and misdemeanors,0.8416551030444378,"The actual output correctly identifies the two levels of crime as felonies and misdemeanors, which aligns with the expected output. However, it lacks the introductory phrase that explicitly states it is answering the question, which slightly detracts from clarity. The response is accurate and concise, but could benefit from a more direct connection to the question posed."
When did the single cable car operating in London begin service?,June 2012.,The correct answer to the question 'When did the single cable car operating in London begin service?' is: June 2012,0.8835046260980768,"The actual output correctly identifies the core truth of the expected output by stating 'June 2012', which directly answers the question about when the cable car began service. However, it lacks the additional context provided in the retrieval context that could enhance understanding, such as details about the cable car's name, its route, and its integration with the Oyster Card system. Including such information would have strengthened the response without detracting from the core truth."
Under the development of agile software and extreme programing what is written first?,Unit tests are written first.,The correct answer to the question 'Under the development of agile software and extreme programing what is written first?' is: unit tests are written first,0.9183309920725806,"The actual output correctly identifies the core truth of the expected output by stating that 'unit tests are written first.' It aligns well with the expected answer to the question posed. While the actual output is concise, it lacks additional context or details from the retrieval context that could enhance understanding, such as the relationship between unit tests and agile methodologies. However, it does not detract from the core truth, which is clearly articulated."
Before which year were the Sana'a manuscripts produced?,The Sana'a manuscripts were produced before 671 AD.,The correct answer to the question 'Before which year were the Sana'a manuscripts produced?' is: 671 AD,0.7898667194071183,"The actual output correctly identifies that the Sana'a manuscripts were produced before 671 AD, which aligns with the core truth of the expected output. However, it lacks the explicit phrasing of the question and the year '671 AD' as a direct answer, which is present in the expected output. While the actual output is accurate, it could be more comprehensive by including the context of the question directly."
Who are the CAF supposed to protect?,"The CAF is primarily tasked with protecting Canada and its interests, including sovereignty over its territory.",The correct answer to the question 'Who are the CAF supposed to protect?' is: Her Majesty,0.28740926513361875,"The actual output identifies the CAF's primary task of protecting Canada and its interests, which is somewhat related to the expected output about protecting 'Her Majesty.' However, it fails to directly address the core truth of the expected output, which specifically names 'Her Majesty' as the entity being protected. The additional details about the CAF's roles do not enhance the alignment with the expected output, leading to a low score."
What did Muslim mathematicians add to Arabic numerals?,Muslim mathematicians refined Arabic numerals by introducing decimal point notation.,The correct answer to the question 'What did Muslim mathematicians add to Arabic numerals?' is: decimal point notation,0.86856980530321,"The actual output correctly identifies the core truth of the expected output by stating that Muslim mathematicians introduced decimal point notation to Arabic numerals. It directly addresses the question posed in the expected output. While the actual output is slightly more detailed, it remains focused on the core truth without unnecessary deviation, thus enhancing the response without detracting from the main point."
"Because a knot's shape is conical, what shape does a cross-section of it have?",Roughly circular.,"The correct answer to the question 'Because a knot's shape is conical, what shape does a cross-section of it have?' is: circular",0.638992474877855,"The actual output 'Roughly circular' captures the core truth of the expected output, which states that the cross-section of a conical knot is circular. However, it lacks the clarity and completeness of the expected output, which explicitly connects the shape to the question asked. While it does not detract from the core truth, it could benefit from additional context or detail to enhance understanding."
How many ports does Oklahoma have?,Oklahoma has two inland ports.,The correct answer to the question 'How many ports does Oklahoma have?' is: Two,0.7735521910473226,"The actual output correctly identifies that Oklahoma has two inland ports, which aligns with the core truth of the expected output. However, it lacks the explicit phrasing of 'The correct answer to the question...' and does not directly state 'Two' as the answer, which slightly detracts from its alignment with the expected output format. The additional context about the ports enhances the response but is not necessary for answering the core question."
How many bombs did the three aircraft drop on the city?,"The three aircraft (Kampfgeschwader 26, KG 54, and KG 55) dropped a total of 530 short tons (480 t) of bombs on Coventry.",The correct answer to the question 'How many bombs did the three aircraft drop on the city?' is: 45,0.05418040063664844,"The actual output states that the three aircraft dropped a total of 530 short tons of bombs on Coventry, which is a significant discrepancy from the expected output of 45 bombs. The core truth of the expected output is not present in the actual output, as it fails to accurately represent the quantity of bombs dropped as specified. Additionally, while the retrieval context provides extensive information about the bombing raids, it does not support the actual output in relation to the expected answer."
What is prohibited in all zones of the marine reserve at St. Barts?,Anchoring is prohibited in all zones of the marine reserve at St. Barts.,The correct answer to the question 'What is prohibited in all zones of the marine reserve at St. Barts?' is: Anchoring,0.8359971557130137,"The actual output correctly identifies that anchoring is prohibited in all zones of the marine reserve at St. Barts, which aligns with the core truth of the expected output. However, while it provides a clear answer, it is slightly more comprehensive than necessary, as it includes additional context about the marine reserve that, while relevant, may not be essential for answering the specific question posed. Overall, it effectively addresses the core question and enhances understanding without deviating from the main point."
Whose work did Hunt stress in the first volume of The Anthropological Review?,Hunt stressed the work of Waitz.,The correct answer to the question 'Whose work did Hunt stress in the first volume of The Anthropological Review?' is: Waitz,0.798601705599373,"The actual output correctly identifies that Hunt stressed the work of Waitz, which aligns with the expected output. However, it lacks the explicit phrasing of the question and the answer format provided in the expected output. While it conveys the core truth, it could be improved by directly stating the question and answer format to enhance clarity and alignment with the expected output."
What was founded after the fall of the Ming?,The Qing dynasty was founded after the fall of the Ming.,The correct answer to the question 'What was founded after the fall of the Ming?' is: The Qing dynasty,0.7014336564889827,"The actual output correctly identifies that the Qing dynasty was founded after the fall of the Ming, which aligns with the core truth of the expected output. However, it lacks the explicit phrasing of the expected output that directly answers the question, making it less clear. While the retrieval context provides extensive details about the Qing dynasty's founding, the actual output does not incorporate these additional relevant details, which could enhance its comprehensiveness."
Who owns the rights to the players under the single-entity model?,The league owns the rights to the players under the single-entity model.,The correct answer to the question 'Who owns the rights to the players under the single-entity model?' is: the league,0.850359860341344,"The actual output correctly identifies that the league owns the rights to the players under the single-entity model, which aligns with the core truth of the expected output. However, while it provides a more detailed explanation of the ownership structure, it slightly deviates from the simplicity of the expected answer by not explicitly stating 'the league' as the sole owner in a straightforward manner. Overall, it effectively conveys the necessary information while remaining relevant to the core question."
What did Aristotle believe about a void?,"Aristotle believed that a void could not occur naturally, as surrounding material would always fill any incipient rarity. He argued against the existence of a void in his work ""Physics.""","The correct answer to the question 'What did Aristotle believe about a void?' is: no void could occur naturally,",0.7786267837342671,"The actual output accurately conveys Aristotle's belief that no void could occur naturally, aligning well with the expected output. It provides a clear articulation of the core truth. However, while it includes relevant details from the retrieval context, such as Aristotle's arguments against the void, some of this additional information may detract from the simplicity of the core message, making it slightly less focused than the expected output."
What was he also known as?,"Apollo was also known as Alexicacus, Apotropaeus, Epicurius, Archegetes, Clarius, Genetor, Averruncus, Agyieus, Nomius, and Nymphegetes.",The correct answer to the question 'What was he also known as?' is: Good Pope John,0.0746195509764411,"The actual output provides a list of epithets associated with Apollo, which is unrelated to the expected output that identifies 'Good Pope John' as the answer to the question. The core truth of the expected output is not present in the actual output, and there are no relevant details from the retrieval context that align with the expected answer."
"Along with pink eye and influenza, what other health issue was caused by the drought?",Diarrhea.,"The correct answer to the question 'Along with pink eye and influenza, what other health issue was caused by the drought?' is: diarrhea",0.8664706967700019,"The actual output 'Diarrhea' correctly identifies the core truth of the expected output, which is the health issue caused by the drought. However, it lacks the additional context provided in the expected output, such as the phrasing of the question and the explicit mention of 'along with pink eye and influenza.' While the core answer is correct, the response could be improved by including more detail to enhance understanding."
Who founded Taxila?,"Taxila was founded by Taksh, the son of Bharat.",The correct answer to the question 'Who founded Taxila?' is: son of Taksh the son Bharat who was the brother of Ram,0.45509855759938994,"The actual output identifies Taksh as the founder of Taxila, which aligns with the core truth of the expected output. However, it lacks the additional context provided in the expected output, such as the relationship between Taksh and Bharat, and does not mention that Bharat was the brother of Ram. While the actual output is correct, it is less detailed than the expected output, which diminishes its comprehensiveness."
The Times used contributions from significant figures to build what?,Its reputation.,The correct answer to the question 'The Times used contributions from significant figures to build what?' is: reputation,0.5917404648126119,"The actual output provides a correct but incomplete answer by stating 'Its reputation' instead of fully articulating the expected output. While it captures the core truth of the expected output, it lacks the clarity and completeness of the expected response, which explicitly states the question and answer format. Additionally, the actual output does not incorporate any relevant details from the retrieval context that could enhance the response."
Where are the quartiers sensibles located?,"The quartiers sensibles are located in northern and eastern Paris, mainly in the Goutte d'Or and Belleville neighborhoods, as well as in the Seine-Saint-Denis and Val-d'Oise departments.",The correct answer to the question 'Where are the quartiers sensibles located?' is: northern and eastern Paris,0.8072185134158151,"The actual output correctly identifies the core truth by stating that the quartiers sensibles are located in northern and eastern Paris, which aligns with the expected output. It also provides additional relevant details about specific neighborhoods (Goutte d'Or and Belleville) and departments (Seine-Saint-Denis and Val-d'Oise), enhancing the comprehensiveness of the response. However, while the extra details are informative, they slightly deviate from the simplicity of the expected output, which could be seen as unnecessary for a direct answer."
When was the release preview set to expire?,"January 15, 2013.","The correct answer to the question 'When was the release preview set to expire?' is: January 15, 2013",0.921341230598433,"The actual output correctly identifies the core truth of the expected output by providing the expiration date of January 15, 2013. It aligns well with the expected answer format, although it lacks the introductory phrase present in the expected output. The response is accurate and directly answers the question, demonstrating a strong understanding of the core truth. However, it could have included a brief context or reference to the question for completeness."
Which is preferred the two step or three step process?,The text does not specify a preference for the two-step or three-step process; it describes different methods used in various contexts.,The correct answer to the question 'Which is preferred the two step or three step process?' is: three-step,0.17272619468833927,"The actual output fails to address the core truth of the expected output, which clearly states that the preferred process is the three-step method. Instead, it incorrectly claims that no preference is specified. While the retrieval context provides relevant information about various methods, it does not enhance the actual output's alignment with the expected answer."
"In addition to signature and ratification, what legal procedure of the United Nations must all treaties follow after their adoption?",Entry into force.,"The correct answer to the question 'In addition to signature and ratification, what legal procedure of the United Nations must all treaties follow after their adoption?' is: entry into force",0.7828565165478867,"The actual output correctly identifies 'entry into force' as the legal procedure that treaties must follow after adoption, which aligns with the core truth of the expected output. However, it lacks the context provided in the expected output, such as the mention of signature and ratification, which could enhance clarity and completeness. Overall, it answers the core question accurately but could benefit from additional context."
When did Amdo come under Qing control?,Amdo came under Qing control in 1724.,The correct answer to the question 'When did Amdo come under Qing control?' is: 1724,0.8492018454564152,"The actual output correctly identifies the year Amdo came under Qing control as 1724, which aligns with the expected output. However, it lacks the explicit framing of the answer as a response to the question posed, which is a minor shortcoming. The additional context provided in the retrieval context is relevant and enhances understanding of the historical background, but the core truth could have been more clearly articulated in the response."
Where did Chopin meet Felix Mendelssohn?,Chopin met Felix Mendelssohn at the Lower Rhenish Music Festival in Aix-la-Chapelle in spring 1834.,The correct answer to the question 'Where did Chopin meet Felix Mendelssohn?' is: the Lower Rhenish Music Festival,0.857148830324312,"The actual output correctly identifies the location where Chopin met Mendelssohn, aligning with the expected output. However, it includes additional context about the event, which, while informative, slightly diverges from the simplicity of the expected answer. The core truth is present and accurately represented, but the extra details may detract from the directness of the response."
Who was Waitz influential among?,Waitz was influential among British ethnologists.,The correct answer to the question 'Who was Waitz influential among?' is: British ethnologists,0.669204946896296,"The actual output correctly identifies that Waitz was influential among British ethnologists, which aligns with the core truth of the expected output. However, it lacks the explicit phrasing of the question and answer format present in the expected output. While it provides relevant context about Waitz's influence, it does not fully match the expected structure, which slightly detracts from its effectiveness."
What type of language id Spanish?,Spanish is a Romance language.,The correct answer to the question 'What type of language id Spanish?' is: Spanish is the Romance language and the Indo-European language with the largest number of native speakers in the world.,0.36042973241433895,"The actual output identifies Spanish as a Romance language, which aligns with the core truth of the expected output. However, it lacks the additional context provided in the expected output, such as Spanish being the Indo-European language with the largest number of native speakers. The response is too brief and does not incorporate relevant details from the retrieval context, which could have enhanced the answer's comprehensiveness."
Where did David Jones and Charles Appleton meet? ,They met in London.,The correct answer to the question 'Where did David Jones and Charles Appleton meet? ' is: in London,0.7930359945829474,"The actual output correctly identifies the location where David Jones and Charles Appleton met, which is the core truth of the expected output. However, it lacks the explicit phrasing that indicates it is answering a question, as seen in the expected output. While the response is accurate and relevant, it could be improved by incorporating the question format to enhance clarity and alignment with the expected output."
What shape sounds holes do these styles of mandolins have? ,"Neapolitan: oval; carved-top: f-shaped (F), oval; flat-backed: oval.","The correct answer to the question 'What shape sounds holes do these styles of mandolins have? ' is: two f-shaped soundholes like a violin (F-5 and A-5), or an oval sound hole (F-4 and A-4 and lower models)",0.49431951783991124,"The actual output identifies the shapes of sound holes associated with the Neapolitan and carved-top mandolins, which aligns with the core truth of the expected output. However, it lacks the detail about the specific models (F-5, A-5, F-4, A-4) mentioned in the expected output, which diminishes its comprehensiveness. While it provides some relevant details, it does not fully capture the expected answer's depth and clarity."
How many terminals do BJTs have?,BJTs have three terminals.,The correct answer to the question 'How many terminals do BJTs have?' is: three,0.7303648170112045,"The actual output correctly identifies that BJTs have three terminals, which aligns with the core truth of the expected output. However, it lacks the explicit phrasing of the expected output, which states the answer in a complete sentence format. While the actual output is accurate, it does not provide the additional context or detail from the retrieval context that could enhance understanding, such as the names of the terminals (emitter, base, collector). Overall, it answers the question correctly but could be more comprehensive."
"At any given time, about how much of all the people in the world has M. tuberculosis?",About one-third of the world's population has M. tuberculosis.,"The correct answer to the question 'At any given time, about how much of all the people in the world has M. tuberculosis?' is: one-third",0.7798397307478523,"The actual output correctly identifies that about one-third of the world's population has M. tuberculosis, which aligns with the core truth of the expected output. However, it lacks the explicit phrasing of the expected answer format, which states 'the correct answer to the question... is: one-third.' While the additional context about the prevalence of TB enhances understanding, it could be seen as slightly detracting from the directness of the answer."
By what year were there over seventy official scientific societies?,By 1789.,The correct answer to the question 'By what year were there over seventy official scientific societies?' is: 1789,0.828848004323719,"The actual output correctly identifies the year 1789, which aligns with the core truth of the expected output. However, it lacks the explicit context of the question and the phrasing of the expected output, which includes the full question and a more formal structure. While the answer is accurate, it could benefit from additional context to enhance clarity and completeness."
A discussion regarding wing pairs is not supported by what community?,Entomologists.,The correct answer to the question 'A discussion regarding wing pairs is not supported by what community?' is: the entomological community,0.25845270717021074,"The actual output 'Entomologists' does not fully capture the expected output, which specifies the answer should be 'the entomological community.' While it identifies the relevant group, it lacks the necessary context and completeness, failing to address the question directly. The retrieval context provides additional information about the entomological community, but the actual output does not utilize this context effectively."
What is an important defense strategy for insects to survive?,Camouflage and chemical defenses are important strategies for insects to survive.,The correct answer to the question 'What is an important defense strategy for insects to survive?' is: Camouflage,0.7023573196970447,"The actual output correctly identifies camouflage as an important defense strategy for insects, aligning with the core truth of the expected output. However, it includes additional details about chemical defenses, which, while relevant, diverges from the specific focus of the expected output. The response is comprehensive and informative, enhancing understanding, but it could have been more concise to better match the expected output's directness."
Who was the Prince of Wales suspected to be having an affair with? ,"The Prince of Wales was suspected to be having an affair with Elizabeth, although no specific accusations are mentioned regarding this relationship.",The correct answer to the question 'Who was the Prince of Wales suspected to be having an affair with? ' is: an actress in Ireland,0.20344533768548673,"The actual output mentions a suspected affair involving the Prince of Wales and Elizabeth, but it fails to provide the specific answer that the expected output requires, which is 'an actress in Ireland.' While it acknowledges the suspicion, it does not align with the core truth of the expected output and lacks the necessary detail to enhance understanding."
What is another name for lead glass?,Flint glass.,The correct answer to the question 'What is another name for lead glass?' is: flint glass,0.8112860889713298,"The actual output correctly identifies 'flint glass' as another name for lead glass, which aligns with the core truth of the expected output. However, it lacks the additional context provided in the expected output, such as the phrasing 'The correct answer to the question...' which adds clarity. While the actual output is concise, it could benefit from a more comprehensive presentation that includes the context of the question."
What can't animals answer?,"Animals can't answer questions about their ability to feel physical pain or the mechanisms behind it, as well as complex abstract concepts beyond their experience or understanding.",The correct answer to the question 'What can't animals answer?' is: whether they feel pain,0.6076622595638789,"The actual output correctly identifies that animals cannot answer questions about their ability to feel pain, which aligns with the core truth of the expected output. However, it is more verbose and introduces additional concepts that, while relevant, may detract from the clarity of the core answer. The expected output is more direct in stating the specific question about pain, which could have been emphasized more in the actual output."
To make the Mongol-Tibetan alliance stronger who became the 4th Dalai Lama?,The great-grandson of Altan Khan became the 4th Dalai Lama.,The correct answer to the question 'To make the Mongol-Tibetan alliance stronger who became the 4th Dalai Lama?' is: the great-grandson of Altan Khan,0.8042020322451462,"The actual output correctly identifies the great-grandson of Altan Khan as the 4th Dalai Lama, which aligns with the core truth of the expected output. However, it lacks the explicit framing of the answer as a response to the question posed, which diminishes clarity. While it provides relevant historical context, it does not deviate from the core truth, and the additional details enhance understanding without straying from the main point."
Where in the Code of Canon Law does it say that wine must be natural and not corrupt?,Canon 924 of the Code of Canon Law (1983).,The correct answer to the question 'Where in the Code of Canon Law does it say that wine must be natural and not corrupt?' is: Canon 924,0.6602071592675606,"The actual output correctly identifies Canon 924 as the relevant section of the Code of Canon Law, which aligns with the core truth of the expected output. However, it lacks the context of the question regarding the requirement for wine to be natural and not corrupt, which is explicitly stated in the expected output. While the actual output is accurate, it does not fully convey the complete answer as requested, missing the explanatory context that enhances understanding."
How many votes were cast in the American Idol finale in season eight?,There were a total of 100 million votes cast in the American Idol finale in season eight.,The correct answer to the question 'How many votes were cast in the American Idol finale in season eight?' is: 100 million,0.7867764321911743,"The actual output correctly identifies the total number of votes cast in the American Idol finale of season eight as 100 million, which aligns with the core truth of the expected output. However, it lacks the explicit phrasing of the expected output, which states the answer in a more direct manner. While the retrieval context provides relevant background information about voting controversies and mechanisms, it does not enhance the understanding of the specific question asked, which slightly detracts from the overall clarity of the response."
What was tuberculosis called in 19th-century England?,"In 19th-century England, tuberculosis was commonly referred to as ""consumption.""",The correct answer to the question 'What was tuberculosis called in 19th-century England?' is: consumption,0.8327873251353305,"The actual output correctly identifies that tuberculosis was referred to as 'consumption' in 19th-century England, which aligns with the core truth of the expected output. However, while it provides accurate information, it lacks the explicit phrasing of the expected output, which states the answer should be presented as 'The correct answer to the question...'. The additional context about tuberculosis in 19th-century England is relevant and enhances understanding, but it could have been more concise to match the expected format better."
What is a name of a Catholic hospital in Detroit?,St. John Health System,The correct answer to the question 'What is a name of a Catholic hospital in Detroit?' is: St. Joseph's,0.26012337314138906,"The actual output provides the name 'St. John Health System,' which is incorrect in the context of the expected output that specifies 'St. Joseph's' as the name of a Catholic hospital in Detroit. While the actual output mentions a hospital, it does not align with the core truth of the expected answer, leading to a significant misalignment."
When did war with France break out?,The war with France broke out in 1858 with the Cochinchina Campaign.,The correct answer to the question 'When did war with France break out?' is: 1202,0.14909758540830995,"The actual output incorrectly states that the war with France broke out in 1858, while the expected output specifies the year 1202. The core truth of the expected output is not present in the actual output, leading to a significant misalignment. Additionally, the actual output does not provide relevant context or details that would support the expected answer, further diminishing its value."
"Over which years did the ""War of the Speeds"" last? ","The ""War of the Speeds"" is not mentioned in the provided information. Please clarify or provide additional context.","The correct answer to the question 'Over which years did the ""War of the Speeds"" last? ' is: 1948 to 1950",0.17522324402075012,"The actual output fails to provide the core truth regarding the years of the 'War of the Speeds,' which is explicitly stated in the expected output. While it correctly identifies that the information is not present, it does not attempt to answer the question or provide any relevant context from the retrieval context that could lead to an understanding of the topic. This lack of engagement with the provided information significantly detracts from its usefulness."
Which famous scientist resolved these issues?,Max Planck resolved the issues related to the black-body problem and quantized energy levels.,The correct answer to the question 'Which famous scientist resolved these issues?' is: Einstein,0.28482586058166587,"The actual output mentions Max Planck and his contributions to the black-body problem, which is relevant to the context, but it fails to directly answer the expected question about which scientist resolved these issues. The expected output specifically identifies Einstein as the correct answer, which is not acknowledged in the actual output. While the actual output provides some relevant details, it does not align with the core truth of the expected output."
When did the Portuguese explore the interior of Guinea-Bissau?,The Portuguese explored the interior of Guinea-Bissau in the 19th century.,The correct answer to the question 'When did the Portuguese explore the interior of Guinea-Bissau?' is: 19th century,0.7956259736465411,"The actual output correctly identifies the time period of the Portuguese exploration in Guinea-Bissau as the 19th century, which aligns with the core truth of the expected output. However, while it provides a factual statement, it lacks the explicit phrasing of the expected output, which directly answers the question posed. The additional context about the Portuguese's earlier activities and restrictions in the region enhances understanding but is not directly relevant to the core truth, slightly detracting from the clarity of the response."
What technological development led resulted in elaborate stage productions? ,"The development of stage lighting technology, including adjustable dimmers, colored filters, and computerized control systems, led to elaborate stage productions.",The correct answer to the question 'What technological development led resulted in elaborate stage productions? ' is: electric lighting,0.49816570203061056,"The actual output identifies relevant technological developments in stage lighting, such as adjustable dimmers and computerized control systems, which contribute to elaborate stage productions. However, it fails to directly address the core truth of the expected output, which specifically identifies 'electric lighting' as the key technological development. While the actual output provides additional context about stage lighting, it does not accurately represent the expected answer."
What 2 techniques did Von Neumann use to exclude sets in his doctoral thesis in 1925?,"1. Axiom of foundation  
2. Notion of class",The correct answer to the question 'What 2 techniques did Von Neumann use to exclude sets in his doctoral thesis in 1925?' is: the axiom of foundation and the notion of class.,0.8906262070647012,"The actual output correctly identifies the two techniques used by Von Neumann, aligning with the core truth of the expected output. It presents the axiom of foundation and the notion of class, which directly answers the question posed. While the actual output is concise, it lacks the introductory phrase found in the expected output, which could enhance clarity. However, it does not deviate from the core truth and remains relevant to the context provided."
The Illyrian ecoregion is known as what?,The Illyrian ecoregion is known as Illyrian deciduous forests.,The correct answer to the question 'The Illyrian ecoregion is known as what?' is: deciduous forests,0.6474289711963227,"The actual output correctly identifies the Illyrian ecoregion as 'Illyrian deciduous forests,' which aligns with the core truth of the expected output. However, it does not explicitly state that the answer to the question is 'deciduous forests,' which is a key detail in the expected output. While the actual output provides relevant information, it lacks the directness of the expected response."
"In Chopin's music where strict timing is disregarded, what is it called?",Rubato.,"The correct answer to the question 'In Chopin's music where strict timing is disregarded, what is it called?' is: rubato",0.7172970769508504,"The actual output 'Rubato.' captures the core truth of the expected output, which defines rubato as the term for disregarding strict timing in Chopin's music. However, it lacks the additional context provided in the expected output that clarifies the answer's relevance to the specific question asked. While the response is correct, it could be improved by including a more explicit connection to the question, enhancing clarity and understanding."
How old was Kangxi when he took over?,Kangxi was eight years old when he took over.,The correct answer to the question 'How old was Kangxi when he took over?' is: eight,0.7334127109392562,"The actual output correctly states that Kangxi was eight years old when he took over, which aligns with the core truth of the expected output. However, it lacks the explicit phrasing of the expected output that emphasizes the answer format ('The correct answer to the question... is: eight'), which would enhance clarity. The additional context provided in the retrieval context is relevant but not utilized in the actual output, which could have further enriched the response."
How are the two ratios found?,"The two ratios are found as follows:

1. **Gyromagnetic Ratio**: Calculated from the relationship ν = γB, considering shielding effects, using γ′p and μ′p for protons.

2. **Repetitive DNA Ratio**: Calculated by dividing the length of repetitive DNA by the genome size.",The correct answer to the question 'How are the two ratios found?' is: subjectively determined based on a resolution of 70 pixels per cm (178 DPI) when viewed at 25 cm (9.8 inch) distance,0.1890895790058576,"The actual output provides calculations for the gyromagnetic ratio and repetitive DNA ratio, which are relevant to the topic. However, it fails to address the expected output, which describes a subjective determination based on pixel resolution and viewing distance. The core truth of the expected output is not present, and while some relevant details are included, they do not enhance understanding of the expected answer."
In what year did the Battle of Nezib take place?,The Battle of Nezib took place in 1839.,The correct answer to the question 'In what year did the Battle of Nezib take place?' is: 1839,0.8024127692623824,"The actual output correctly identifies the year of the Battle of Nezib as 1839, which aligns with the core truth of the expected output. However, it lacks the explicit phrasing that indicates it is answering a question, which is present in the expected output. While the response is accurate, it could be improved by including a more formal structure that mirrors the expected output's clarity."
When did New York City annex Kingsbridge?,"New York City annexed Kingsbridge in 1873, effective in 1874.",The correct answer to the question 'When did New York City annex Kingsbridge?' is: 1873,0.8116312063168776,"The actual output correctly identifies the year of annexation as 1873, which aligns with the core truth of the expected output. However, it provides additional context by stating that the annexation was effective in 1874, which, while informative, slightly deviates from the simplicity of the expected answer. The output could be improved by focusing solely on the year without the extra detail, but it still effectively answers the core question."
Which island of Tuvalu was identified as the one that Mourelle sailed past in 1781?,Niutao.,The correct answer to the question 'Which island of Tuvalu was identified as the one that Mourelle sailed past in 1781?' is: Niutao,0.8128515562007067,"The actual output correctly identifies Niutao as the island that Mourelle sailed past in 1781, aligning with the core truth of the expected output. However, it lacks the additional context provided in the expected output, such as the phrasing of the question and the explicit statement that this is the correct answer. While the core truth is present, the response could be improved by including more context to enhance understanding."
Where did Egypt rank in Corruption perceptions Index in 2013?,Egypt ranked 114 out of 177 in the Corruption Perceptions Index in 2013.,The correct answer to the question 'Where did Egypt rank in Corruption perceptions Index in 2013?' is: 114 out of 177,0.8709484506997474,"The actual output correctly identifies Egypt's ranking of 114 out of 177 in the Corruption Perceptions Index for 2013, which aligns with the core truth of the expected output. However, it lacks the explicit phrasing 'The correct answer to the question...' that is present in the expected output, which would enhance clarity and directness. The additional context provided in the retrieval context is relevant but not utilized in the actual output, which could have added depth without detracting from the core truth."
Who was relocated during the second world war from the Soviet Union?,Volga Germans were interned in gulags or forcibly relocated.,The correct answer to the question 'Who was relocated during the second world war from the Soviet Union?' is: Volga Germans,0.6215792732614854,"The actual output correctly identifies that Volga Germans were forcibly relocated during the Second World War, which aligns with the core truth of the expected output. However, it lacks the explicit mention of the question being answered, which diminishes clarity. While the additional detail about internment in gulags provides context, it does not enhance the core message and could potentially confuse the reader regarding the specific focus on relocation."
What was the final straw that precipitated the baronial uprising during John's final years as king?,"The final straw was John's failed military campaign in France in 1214, particularly the defeat at the Battle of Bouvines.",The correct answer to the question 'What was the final straw that precipitated the baronial uprising during John's final years as king?' is: The failure of John's French military campaign,0.80637513253299,"The actual output correctly identifies the failure of John's military campaign in France and the defeat at the Battle of Bouvines as the final straw leading to the baronial uprising, which aligns well with the expected output. However, while it captures the core truth, it could have been more concise and directly stated the connection to the baronial uprising, which is emphasized in the expected output. The additional context about the military campaign adds relevant detail but slightly detracts from the directness of the answer."
What campus did Yale buy in 2008?,"Yale purchased the former Bayer Pharmaceutical campus in West Haven, Connecticut, in 2008.",The correct answer to the question 'What campus did Yale buy in 2008?' is: former Bayer Pharmaceutical campus,0.7975872307955721,"The actual output correctly identifies the campus Yale purchased in 2008, aligning with the core truth of the expected output. It provides additional context about the campus's location and its current use, which enhances the response without detracting from the main answer. However, it could be more concise by omitting the details about the campus's current use as laboratory and research space, which is not necessary to answer the question directly."
Who created Afro Samurai?,Afro Samurai was created by Takashi Okazaki.,The correct answer to the question 'Who created Afro Samurai?' is: Takashi Okazaki,0.8249370487229374,"The actual output correctly identifies Takashi Okazaki as the creator of Afro Samurai, which aligns with the core truth of the expected output. However, it lacks the explicit phrasing found in the expected output that clearly states it as the answer to the question. While the additional context about the series enhances understanding, it slightly detracts from the directness of the response."
What region of the Philippines has a large Muslim population?,"Southern Philippines, specifically Mindanao.",The correct answer to the question 'What region of the Philippines has a large Muslim population?' is: Mindanao,0.8205113045479951,"The actual output correctly identifies Mindanao as the region in the Philippines with a large Muslim population, aligning well with the expected output. However, it could have explicitly stated that Mindanao is the answer to the question posed, which would have strengthened its clarity. The additional detail about 'Southern Philippines' is relevant and does not detract from the core truth, but it could be seen as slightly less direct than the expected output."
What did the Prime Minister announce during the first week of May in 2013?,"In May 2013, the Prime Minister announced that all political prisoners in Myanmar would be released by the end of the year.","The correct answer to the question 'What did the Prime Minister announce during the first week of May in 2013?' is: significant government plan for the public sector, whereby 30,000 jobs will be cut and the number of weekly working hours will be increased from 35 to 40 hours",0.17792989181648483,"The actual output mentions the Prime Minister's announcement regarding the release of political prisoners, which is relevant to the context but does not address the specific question about a significant government plan for the public sector. The core truth of the expected output is not present, and while the actual output provides some context, it fails to enhance understanding of the expected information."
What are some forms of corruption now  called?,"Some forms of corruption are now called ""institutional corruption.""",The correct answer to the question 'What are some forms of corruption now  called?' is: institutional corruption,0.7159176605483004,"The actual output identifies 'institutional corruption' as a form of corruption, which aligns with the expected output. However, it lacks the explicit phrasing of the question and answer format present in the expected output, which diminishes clarity. While the additional context about institutional corruption is relevant, it does not enhance the core truth as effectively as a more direct response would."
What is another name that Saint Athanasius is know as?,Athanasius the Great.,The correct answer to the question 'What is another name that Saint Athanasius is know as?' is: Athanasius the Confessor,0.24086589237625122,"The actual output provides a name associated with Saint Athanasius, but it fails to accurately represent the expected output, which specifies 'Athanasius the Confessor' as another name. While the retrieval context contains relevant information about Athanasius, the actual output does not include this specific detail, leading to a significant misalignment with the expected answer."
Water from the rivers is used in over how many hydroelectric power plants?,Over 500 hydroelectric power plants.,The correct answer to the question 'Water from the rivers is used in over how many hydroelectric power plants?' is: 500,0.778198507236003,"The actual output correctly identifies that water from rivers is used in over 500 hydroelectric power plants, which aligns with the core truth of the expected output. However, it lacks the specificity of stating '500' as the exact number, which is a minor shortcoming. The additional context provided in the retrieval context enhances understanding but does not detract from the core answer."
What nearby radio stations can be picked up in Cork?,Radio Kerry (97.0) and WLR FM (95.1).,The correct answer to the question 'What nearby radio stations can be picked up in Cork?' is: Radio Kerry at 97.0 and WLR FM on 95.1,0.7715500380862609,"The actual output correctly identifies the radio stations and their frequencies, aligning with the core truth of the expected output. However, it lacks the introductory phrase that clearly states it as the answer to the question, which slightly detracts from its clarity. The output does not include any additional relevant details from the retrieval context, but it is still concise and directly answers the question."
How do dogs establish their territory as far as scent is concerned?,"Dogs establish their territory by urine marking, which leaves scent to signal their presence and claim an area.",The correct answer to the question 'How do dogs establish their territory as far as scent is concerned?' is: urine marking,0.7292728939141433,"The actual output correctly identifies urine marking as a method by which dogs establish their territory, aligning with the core truth of the expected output. However, it provides additional context about the behavior and purpose of urine marking, which, while relevant, makes the response more detailed than necessary for the specific question asked. This additional information does not detract from the core answer but slightly shifts the focus from the succinctness of the expected output."
What are rivalries often called?,Rivalries are often called derbies.,The correct answer to the question 'What are rivalries often called?' is: feuds,0.2219021764118597,"The actual output mentions that rivalries are often called derbies, which is somewhat related to the expected output that states rivalries are called feuds. However, it fails to directly answer the question posed in the expected output and does not include the core truth of 'feuds.' The additional context provided does not enhance the answer or clarify the core truth, leading to a low score."
What is the treatment of choice for diarrhea?,Oral rehydration solution (ORS) is the treatment of choice for diarrhea.,"The correct answer to the question 'What is the treatment of choice for diarrhea?' is: Oral rehydration solution (ORS), which is clean water with modest amounts of salts and sugar",0.7141019982281462,"The actual output correctly identifies Oral rehydration solution (ORS) as the treatment of choice for diarrhea, aligning with the core truth of the expected output. However, it lacks the additional detail that ORS is a mixture of clean water with modest amounts of salts and sugar, which is specified in the expected output. While the actual output is accurate, it could be more comprehensive by including this detail to fully match the expected response."
Who was responsible for leaks of Sony movie projects?,"Hackers targeted Sony Pictures Entertainment, releasing confidential emails about several film projects.",The correct answer to the question 'Who was responsible for leaks of Sony movie projects?' is: hackers,0.7424907901575117,"The actual output correctly identifies hackers as the responsible party for the leaks, aligning with the core truth of the expected output. However, it provides additional context about the nature of the leaks, which, while relevant, slightly deviates from the simplicity of the expected answer. The response could be more concise to match the expected output's directness."
What was the argument against the deportation of a Tuvaluan family from new Zealand?,"The argument against the deportation was based on ""exceptional circumstances of a humanitarian nature,"" as the family was integrated into New Zealand society.",The correct answer to the question 'What was the argument against the deportation of a Tuvaluan family from new Zealand?' is: climate change refugees,0.5115431316788188,"The actual output provides a valid argument against the deportation, citing 'exceptional circumstances of a humanitarian nature' and the family's integration into New Zealand society. However, it does not directly address the core truth of the expected output, which identifies the argument as 'climate change refugees.' While the actual output is relevant and informative, it lacks a direct connection to the specific phrasing of the expected output, resulting in a partial alignment."
What was the name of the land purchased by BYU in 1904?,Temple Hill.,The correct answer to the question 'What was the name of the land purchased by BYU in 1904?' is: Temple Hill,0.8129796722687643,"The actual output correctly identifies 'Temple Hill' as the name of the land purchased by BYU in 1904, aligning well with the expected output. However, it lacks the additional context provided in the retrieval context that could enhance understanding, such as the significance of the purchase and its implications for BYU's development. Including such details would have strengthened the response further."
What year did the United States finally adopt Daylight Saving Time?,1966,The correct answer to the question 'What year did the United States finally adopt Daylight Saving Time?' is: 1918,0.2112907055228565,"The actual output provides the year 1966, which is relevant to the history of Daylight Saving Time in the U.S., but it does not answer the core question about when the U.S. adopted Daylight Saving Time, which is 1918. The actual output fails to present the expected core truth and lacks the necessary detail to be considered correct."
When did the US Navy invent an electromechanical computer to use on a submarine?,1938,The correct answer to the question 'When did the US Navy invent an electromechanical computer to use on a submarine?' is: 1938,0.7803527010050451,"The actual output provides the correct year, 1938, which aligns with the core truth of the expected output. However, it lacks the contextual framing present in the expected output, which explicitly states the question and provides a complete sentence. While the core truth is present, the response could be improved by including additional context to enhance clarity and comprehensiveness."
What is Google helping NARA with?,Google is helping NARA digitize and offer video online.,The correct answer to the question 'What is Google helping NARA with?' is: digitize and offer NARA video online,0.8072185138696257,"The actual output correctly identifies that Google is helping NARA digitize and offer video online, which aligns with the core truth of the expected output. However, it lacks the explicit phrasing 'The correct answer to the question...' found in the expected output, which would have strengthened its alignment. The additional context from the retrieval does not detract from the core truth and provides relevant background information."
When did Gardezi die?,The provided information does not include any details about Gardezi's death.,The correct answer to the question 'When did Gardezi die?' is: 1150 AD,0.12371088098029162,"The actual output fails to provide the correct answer to the question about Gardezi's death, which is clearly stated in the expected output as '1150 AD'. While it correctly notes the absence of details regarding Gardezi's death, it does not address the core truth of the expected output, resulting in a significant shortcoming. The response lacks any relevant details from the retrieval context that could have contributed to a more informative answer."
What is the highest authority in Protestantism for morals?,The Bible (sola scriptura).,The correct answer to the question 'What is the highest authority in Protestantism for morals?' is: the Bible,0.8446053801982565,"The actual output correctly identifies the Bible as the highest authority in Protestantism for morals, aligning well with the expected output. However, it could have provided a more explicit connection to the question by including the phrase 'for morals' to enhance clarity. The retrieval context supports the answer by explaining the principle of sola scriptura, which adds depth but is not directly reflected in the output."
Which Tigranes successor composed Greek tragedies?,Artavasdes II composed Greek tragedies.,The correct answer to the question 'Which Tigranes successor composed Greek tragedies?' is: Artavasdes II,0.8566660666938422,"The actual output correctly identifies Artavasdes II as the successor of Tigranes who composed Greek tragedies, aligning well with the expected output. However, it lacks the explicit phrasing that directly answers the question posed in the expected output, which could enhance clarity. The additional context about Artavasdes II composing tragedies is relevant and supports the core truth, but the response could be improved by more closely mirroring the expected format."
What is the range of accuracy for the licensed service used by Chinese government and military?,10 cm accuracy for location; 10 ns for clock synchronization.,The correct answer to the question 'What is the range of accuracy for the licensed service used by Chinese government and military?' is: 10 centimetres,0.7175930212036763,"The actual output correctly identifies the accuracy of the licensed service used by the Chinese government and military as 10 cm, which aligns with the core truth of the expected output. However, it includes additional details about clock synchronization (10 ns) that, while relevant, are not part of the expected answer. This extra information does not detract from the core truth but slightly diverges from the simplicity of the expected output."
Why was the change made for the USB device?,"The change was made to improve durability by relocating the most-stressed part of the connector to the cable side, making the plug withstand more wear than the more expensive device.",The correct answer to the question 'Why was the change made for the USB device?' is: so that the connector on the less expensive cable would bear the most wear,0.7891937233048077,"The actual output correctly identifies the reason for the change as improving durability by relocating the most-stressed part of the connector, which aligns with the core truth of the expected output. It also provides additional context about the wear on the plug compared to the more expensive device, enhancing the explanation. However, it could be more concise and directly state that the change was specifically to ensure the less expensive cable bears the most wear, which is the essence of the expected output."
The Gulistan and Turkmenchay treaties between Iran and Russia confirmed what?,"The Gulistan and Turkmenchay treaties confirmed Russian control over modern-day Dagestan, Georgia, Armenia, and Azerbaijan, resulting in Iran losing these territories.",The correct answer to the question 'The Gulistan and Turkmenchay treaties between Iran and Russia confirmed what?' is: Iran irrevocably lost control over its integral territories in the region,0.8357607709165359,"The actual output accurately conveys the core truth that Iran lost control over its territories as a result of the Gulistan and Turkmenchay treaties, aligning well with the expected output. It includes specific details about the territories involved, such as Dagestan, Georgia, Armenia, and Azerbaijan, which enhances understanding. However, it could be more concise and directly state that the loss was irrevocable, as emphasized in the expected output."
"How are people defined as ""black"" or ""white""?","People are defined as ""black"" or ""white"" based on social constructs that vary by country and context, often involving skin color, ancestry, and cultural traits. In the U.S., ""black"" is linked to African American identity and history, while ""white"" depends on fulfilling specific social criteria.","The correct answer to the question 'How are people defined as ""black"" or ""white""?' is: they fulfill the social criteria",0.48326122310991526,"The actual output provides a nuanced explanation of how people are defined as 'black' or 'white', touching on social constructs and context, which aligns with the expected output's focus on social criteria. However, it does not clearly articulate the core truth that fulfilling social criteria is the primary definition, leading to a partial misalignment with the expected output."
How many journals did Queen Victoria write in her lifetime?,Queen Victoria wrote 122 volumes of journals in her lifetime.,The correct answer to the question 'How many journals did Queen Victoria write in her lifetime?' is: 122,0.9364175327148745,"The actual output accurately states that Queen Victoria wrote 122 volumes of journals, which directly answers the question posed in the expected output. The core truth is clearly articulated and matches the expected response. Additionally, the output does not include extraneous information that detracts from the main point, maintaining clarity and focus."
When year did Prince Albert die?,Prince Albert died in 1861.,The correct answer to the question 'When year did Prince Albert die?' is: 1861,0.7432739352304598,"The actual output correctly states the year of Prince Albert's death as 1861, which aligns with the core truth of the expected output. However, it lacks the explicit framing of the answer as a response to the question posed, which diminishes clarity. While the retrieval context provides relevant historical details, they are not utilized in the actual output, which could have enhanced understanding without detracting from the core message."
When did the Lviv regional Memorial Society have its first conference?,"May 27, 1989.","The correct answer to the question 'When did the Lviv regional Memorial Society have its first conference?' is: May 27, 1989",0.9917229155328403,"The actual output correctly identifies the date of the first conference of the Lviv regional Memorial Society as May 27, 1989, which aligns perfectly with the expected output. The core truth is clearly articulated, and the additional context provided in the retrieval context enhances understanding without detracting from the main answer."
What material was used by RCA Victor for special purpose records?,RCA Victor used vinyl-based Victrolac compound for special-purpose records.,The correct answer to the question 'What material was used by RCA Victor for special purpose records?' is: vinyl-based Victrolac compound,0.868795375958738,"The actual output correctly identifies the material used by RCA Victor for special-purpose records as 'vinyl-based Victrolac compound,' which aligns well with the expected output. However, while the core truth is present, the response could have been more explicit in directly addressing the question format used in the expected output. The additional context provided enhances understanding of the material's significance and history, which is a strength, but it slightly diverges from the simplicity of the expected answer."
What was carmine made from?,Carmine was made from the cochineal insect.,The correct answer to the question 'What was carmine made from?' is: the carminic acid in tiny female scale insects,0.5207910318714182,"The actual output identifies that carmine is made from the cochineal insect, which aligns with the core truth of the expected output. However, it lacks the specificity of mentioning carminic acid and the details about the female scale insects, which are crucial for a complete answer. While the actual output is correct, it does not provide the depth or additional context found in the expected output."
"What does the term ""concept material culture"" cover?","Material culture covers the physical expressions of culture, such as technology, architecture, and art.","The correct answer to the question 'What does the term ""concept material culture"" cover?' is: technology, architecture and art",0.8356656882966194,"The actual output accurately identifies the core truth of the expected output by stating that material culture includes technology, architecture, and art. However, it could be more concise and directly aligned with the phrasing of the expected output, which explicitly lists these elements as a direct answer to the question. The additional context provided enhances understanding but slightly detracts from the directness of the response."
What was Detroit's 2010 Hispanic population?,"In 2010, Detroit's Hispanic population was 48,679.","The correct answer to the question 'What was Detroit's 2010 Hispanic population?' is: 48,679",0.9203052834576251,"The actual output correctly identifies the core truth of the expected output by stating the Hispanic population of Detroit in 2010 as 48,679. It accurately represents the information requested without any errors. Additionally, the retrieval context provides relevant historical and demographic details that enhance understanding, although they are not necessary for answering the specific question. The only minor shortcoming is that the expected output explicitly states the answer format, which the actual output does not follow, but this does not detract from the correctness of the information provided."
In which work did Welch express his belief that Mohammad's physical reaction to the revelation was historically accurate? ,Welch expressed his belief in the Encyclopaedia of Islam.,The correct answer to the question 'In which work did Welch express his belief that Mohammad's physical reaction to the revelation was historically accurate? ' is: Encyclopaedia of Islam,0.5339334208343645,"The actual output mentions Welch's belief in the Encyclopaedia of Islam, which aligns with the expected output's core truth regarding the work in which Welch expressed his belief. However, it lacks the specific context of the question about Mohammad's physical reaction to the revelation, which is crucial for full alignment. While the retrieval context provides relevant details about Welch's views, the actual output does not incorporate these additional insights, limiting its effectiveness in enhancing understanding."
What year did Dell's enterprise revenue make up a large chunk of its profit?,"By 1998, Dell's enterprise revenues accounted for 13% of its total intake.",The correct answer to the question 'What year did Dell's enterprise revenue make up a large chunk of its profit?' is: 1998,0.7610460783481742,"The actual output correctly identifies the year 1998 as significant for Dell's enterprise revenues, aligning with the core truth of the expected output. However, it lacks the explicit connection to the question about profit, which could enhance clarity. The additional detail about the percentage of total intake is relevant and supports the core message, but the response could be improved by directly addressing the profit aspect mentioned in the expected output."
What is the CAP?,"CAP refers to capacitors, which store electrical energy and help manage power supply fluctuations in electronic circuits and systems.",The correct answer to the question 'What is the CAP?' is: Central Arizona Project Aqueduct,0.07616352800308028,"The actual output discusses capacitors and their functions, which is unrelated to the expected output about the Central Arizona Project Aqueduct. While it provides accurate information about capacitors, it fails to address the core truth of the expected output, leading to a significant misalignment."
What is Kullu famous for?,Kullu is famous for its shawls with striking patterns and vibrant colors.,The correct answer to the question 'What is Kullu famous for?' is: shawls with striking patterns and vibrant colours,0.8931597576672126,"The actual output correctly identifies that Kullu is famous for its shawls with striking patterns and vibrant colors, which aligns with the core truth of the expected output. It provides a clear answer to the question posed. However, it lacks the explicit phrasing 'The correct answer to the question...' found in the expected output, which slightly diminishes its alignment with the evaluation steps."
What is a result of deleterious mutations?,Genetic disorders.,The correct answer to the question 'What is a result of deleterious mutations?' is: Genetic disorders,0.8364495600998314,"The actual output correctly identifies 'Genetic disorders' as a result of deleterious mutations, aligning with the expected output. However, it lacks the explicit phrasing that connects it to the question, which could enhance clarity. The retrieval context provides additional relevant details about mutations and their effects, which could have been summarized to further enrich the response without detracting from the core truth."
How long did it take for these capabilities to be restored?,"Restoration of telecommunications capabilities took several months. Specific timelines vary, with some elements taking up to twenty-four months or longer.",The correct answer to the question 'How long did it take for these capabilities to be restored?' is: months,0.5459876270476658,"The actual output provides a detailed timeline for the restoration of telecommunications capabilities, indicating that it took several months and can extend to twenty-four months or longer. However, it does not directly answer the core question of how long it took for these capabilities to be restored, which is simply 'months' as stated in the expected output. While the additional details enhance understanding, they detract from the clarity of the core truth that was expected."
A tragedy typically involved what subject matter?,A tragedy typically involved serious themes related to historical or mythological subjects.,The correct answer to the question 'A tragedy typically involved what subject matter?' is: historical or mythological themes,0.65425961464994,"The actual output correctly identifies the core truth by stating that a tragedy typically involves serious themes related to historical or mythological subjects, which aligns with the expected output. However, it lacks the explicit phrasing of 'historical or mythological themes' as stated in the expected output, which would have strengthened the alignment. The additional context about serious themes is relevant and does not detract from the core truth, but the response could be more concise to match the expected output's clarity."
"According to Hodgson, what ancestral people spread the Afro-Asiatic languages?","Ancestral populations carrying the ""Ethio-Somali"" genetic component spread the Afro-Asiatic languages.","The correct answer to the question 'According to Hodgson, what ancestral people spread the Afro-Asiatic languages?' is: Ethio-Somali",0.8194658611170084,"The actual output correctly identifies the 'Ethio-Somali' ancestral population as the group that spread the Afro-Asiatic languages, aligning well with the expected output. However, while it provides additional context about the genetic component and its significance, this extra detail, although informative, slightly diverges from the simplicity of the expected answer. Overall, the core truth is present and accurately represented."
Which writer and artist was behind the Sub-Mariner?,Bill Everett wrote and drew the Sub-Mariner.,The correct answer to the question 'Which writer and artist was behind the Sub-Mariner?' is: Bill Everett,0.8116791049924243,"The actual output correctly identifies Bill Everett as the creator of Sub-Mariner, aligning with the core truth of the expected output. However, it lacks the explicit phrasing of the question and the structured format of the expected answer, which diminishes its clarity. While it provides the essential information, it could be more comprehensive by including the context of the question directly."
Where was Josip Broz born?,"Josip Broz was born in Kumrovec, Croatia.",The correct answer to the question 'Where was Josip Broz born?' is: Kumrovec,0.7908596320329978,"The actual output correctly identifies Kumrovec as the birthplace of Josip Broz, aligning with the core truth of the expected output. However, it lacks the explicit phrasing of the question and answer format present in the expected output, which could enhance clarity. The additional context provided in the retrieval context is relevant and informative, but the actual output could have included more details to enrich the response without detracting from the core truth."
What type of capacitors can generate soft x-rays?,High voltage vacuum capacitors.,The correct answer to the question 'What type of capacitors can generate soft x-rays?' is: High voltage vacuum capacitors,0.8224377443225837,"The actual output correctly identifies 'High voltage vacuum capacitors' as the answer to the question about which type of capacitors can generate soft x-rays, aligning well with the expected output. However, it lacks the introductory phrase present in the expected output, which explicitly states that this is the correct answer to the question. While the core truth is present, the absence of this context slightly detracts from the completeness of the response."
How many Greek citizens were displace due to Nazi retaliations?,"Approximately 1,000,000 Greeks were left homeless during Nazi retaliations.","The correct answer to the question 'How many Greek citizens were displace due to Nazi retaliations?' is: almost 1,000,000",0.8433628838985641,"The actual output accurately conveys the core truth of the expected output by stating that approximately 1,000,000 Greeks were left homeless during Nazi retaliations, which aligns with the question about displacement. However, it lacks the explicit phrasing 'the correct answer to the question' and does not directly reference the term 'displace,' which slightly detracts from its alignment with the expected output. The additional context about the hardships faced by the Greek population during the Nazi occupation enhances understanding without misleading."
In what year was Switzerland last involved in a war internationally?,1815,The correct answer to the question 'In what year was Switzerland last involved in a war internationally?' is: 1815,0.8298257931541142,"The actual output correctly identifies the year 1815, which aligns with the core truth of the expected output regarding Switzerland's last involvement in an international war. However, it lacks the contextual framing provided in the expected output, which explicitly states the question and provides a complete sentence. While the core truth is present, the absence of additional context diminishes the overall clarity and completeness of the response."
What was the Executive Council an alternate name for?,The Executive Council was alternatively known as the Council of Ministers (1946–1978) and the Council of Ministers–Government (1978–1991).,The correct answer to the question 'What was the Executive Council an alternate name for?' is: cabinet,0.3991709810403802,"The actual output provides some historical context about the Executive Council's alternate names, which partially addresses the expected output. However, it fails to directly answer the core question regarding what the Executive Council was an alternate name for, which is 'cabinet.' The response lacks clarity and does not include the expected core truth, leading to a lower score despite some relevant details being present."
Were would one find the sheets where Ottoman's created illuminated decorations?,"In Topkapi Palace, specifically in Nakkashane, the atelier of miniature and illumination artists.",The correct answer to the question 'Were would one find the sheets where Ottoman's created illuminated decorations?' is: muraqqa,0.5300251446727817,"The actual output identifies the location where illuminated decorations were created, which is relevant to the expected output. However, it fails to directly answer the core question by not mentioning 'muraqqa', which is the specific term requested. While it provides additional context about the Topkapi Palace and Nakkashane, it does not fully align with the expected output's focus on the term itself."
How many miles is Guam across?,Guam is 30 miles long and 4 to 12 miles wide.,The correct answer to the question 'How many miles is Guam across?' is: 30 miles,0.7474790781416004,"The actual output correctly identifies that Guam is 30 miles long, which aligns with the core truth of the expected output. However, it includes additional details about the island's width (4 to 12 miles), which, while relevant, diverges slightly from the specific question asked. The response is informative and provides context, but it could be more concise to focus solely on the expected answer."
Who did Chopin play for while she sang?,Chopin accompanied Delfina Potocka while she sang.,The correct answer to the question 'Who did Chopin play for while she sang?' is: Delfina Potocka,0.7929730730874547,"The actual output correctly identifies Delfina Potocka as the person Chopin accompanied while she sang, which aligns with the core truth of the expected output. However, it lacks the explicit framing of the answer as a response to the question posed, which is a minor shortcoming. The additional context about Chopin's performances adds relevant detail without detracting from the core truth."
Bushi formed new associations in what century?,Bushi formed new associations in the tenth century.,The correct answer to the question 'Bushi formed new associations in what century?' is: tenth,0.7199062845871712,"The actual output correctly identifies the core truth that Bushi formed new associations in the tenth century, which aligns with the expected output. However, it lacks the explicit phrasing of the question and answer format present in the expected output, which diminishes clarity. The additional context provided in the retrieval context enhances understanding of the topic but is not directly reflected in the actual output."
who released the album analogue bubblebath?,"The album ""Analogue Bubblebath"" was released by Aphex Twin.",The correct answer to the question 'who released the album analogue bubblebath?' is: Aphex Twin,0.7683286612652983,"The actual output correctly identifies Aphex Twin as the artist who released the album 'Analogue Bubblebath', which aligns with the core truth of the expected output. However, it lacks the explicit phrasing of the expected output, which states, 'The correct answer to the question... is: Aphex Twin.' While the response is accurate, it could be improved by more closely mirroring the expected format."
When did Guam's Cathedral first open?,"Guam's Cathedral Dulce Nombre de Maria formally opened on February 2, 1669.","The correct answer to the question 'When did Guam's Cathedral first open?' is: February 2, 1669",0.7961902218842452,"The actual output correctly states the opening date of Guam's Cathedral, which aligns with the core truth of the expected output. However, it lacks the explicit framing of the answer as a response to the question, which is present in the expected output. While the additional context about the cathedral's opening is relevant, it could be more clearly articulated to enhance understanding without detracting from the core message."
"What American professional baseball team is located on the North side of Chicago, IL?  ",Chicago Cubs,"The correct answer to the question 'What American professional baseball team is located on the North side of Chicago, IL?  ' is: The Chicago Cubs",0.8118833013561868,"The actual output correctly identifies the Chicago Cubs as the American professional baseball team located on the North Side of Chicago, which aligns with the core truth of the expected output. However, it lacks the additional context provided in the expected output, such as the phrasing of the question and the explicit statement that this is the correct answer. While the actual output is accurate, it could be improved by including more detail to match the comprehensiveness of the expected output."
What might wood be used for in a building made from brick or other materials?,"Wood may be used for support structures, interior doors and frames, and exterior cladding.",The correct answer to the question 'What might wood be used for in a building made from brick or other materials?' is: supporting material,0.654469331066641,"The actual output identifies several uses of wood in construction, which aligns with the core truth of the expected output regarding wood as a supporting material. However, it lacks the specificity of the expected output, which directly answers the question with 'supporting material.' While the additional details about interior doors, frames, and cladding are relevant, they do not enhance the core truth as effectively as a more focused response would have."
Who stated that winning the war does not excuse putting US troops into a bad situation?,Army Chief of Staff General William Westmoreland stated that winning the war does not excuse putting US troops into a bad situation.,The correct answer to the question 'Who stated that winning the war does not excuse putting US troops into a bad situation?' is: Major General Floyd L. Parks,0.15970694383252843,"The actual output incorrectly attributes the statement to General William Westmoreland instead of the expected Major General Floyd L. Parks. While the actual output presents a relevant quote, it fails to answer the specific question posed, which diminishes its alignment with the expected output. Additionally, the retrieval context does not support the claim made in the actual output, further detracting from its validity."
When is Armadillo Day held every year?,"Armadillo Day, or Dillo Day, is held every Spring on the weekend after Memorial Day.",The correct answer to the question 'When is Armadillo Day held every year?' is: on the weekend after Memorial Day,0.7647774217265574,"The actual output correctly identifies when Armadillo Day is held, aligning with the core truth of the expected output. It provides the essential detail of the event occurring on the weekend after Memorial Day. However, it could be improved by explicitly stating that this is the answer to the question posed, as the expected output does. The additional context about the event being a day of music and food enhances understanding without detracting from the core message."
Why are the presence of certain enymzes a tell tale sign of a virus?,"Certain enzymes, like RNA replicases or reverse transcriptase, are specific to viral infections and not produced by humans, indicating the presence of a virus.",The correct answer to the question 'Why are the presence of certain enymzes a tell tale sign of a virus?' is: humans can make neither RNA replicases nor reverse transcriptase,0.7049187271839499,"The actual output correctly identifies that certain enzymes, specifically RNA replicases and reverse transcriptase, are not produced by humans and indicates their presence as a sign of a virus. However, it lacks the direct phrasing of the expected output, which explicitly states that humans cannot produce these enzymes. While the actual output provides relevant information, it could be more concise and directly aligned with the expected answer."
Who wanted to put mysticism into the Dominican Order?,"Early members of the Dominican Order sought to imbue it with mysticism, emphasizing a union with the Creator.",The correct answer to the question 'Who wanted to put mysticism into the Dominican Order?' is: Albertus Magnus,0.3290876614880279,"The actual output mentions the early members of the Dominican Order and their emphasis on mysticism, which aligns with the retrieval context. However, it fails to directly answer the question regarding who specifically wanted to put mysticism into the Dominican Order, which is Albertus Magnus as stated in the expected output. The core truth is not present, and while the actual output provides some relevant context, it does not fulfill the primary requirement of identifying the individual in question."
Who had tried to prevent the enactment of the laws that Caesar had proposed?,Marcus Calpurnius Bibulus.,The correct answer to the question 'Who had tried to prevent the enactment of the laws that Caesar had proposed?' is: Bibulus,0.7878135598152258,"The actual output correctly identifies Bibulus as the individual who attempted to obstruct the laws proposed by Caesar, aligning well with the expected output. However, it lacks the explicit context of the question, which could enhance clarity. While it provides the correct name, it does not fully articulate the relationship to the question, which is to prevent the enactment of the laws, thus missing a slight opportunity for additional relevant detail."
What would later become the main Islamic form of wall decoration?,Tile became the main Islamic form of wall decoration.,The correct answer to the question 'What would later become the main Islamic form of wall decoration?' is: tile,0.6472201001343391,"The actual output correctly identifies 'tile' as the main Islamic form of wall decoration, aligning with the core truth of the expected output. However, it lacks the explicit phrasing of the expected output, which clearly states the question and answer format. While the actual output provides relevant context about the significance of tile in Islamic architecture, it does not fully encapsulate the expected format, which diminishes its effectiveness."
What helped insure the safety of crops from wind?,The alternating fields system (daitianfa) created by Zhao Guo during Emperor Wu's reign helped ensure the safety of crops from wind.,The correct answer to the question 'What helped insure the safety of crops from wind?' is: the alternating fields system,0.8059542748507929,"The actual output correctly identifies the alternating fields system as the method that helped ensure the safety of crops from wind, aligning with the core truth of the expected output. It provides additional context about the system's origin and its implementation during Emperor Wu's reign, which enhances the response without deviating from the main point. However, it could be more concise, as the extra details, while relevant, may distract from the straightforward answer expected."
What has the teen timetable questionnaire been used to guage?,It gauges differences in cultural perceptions of adolescent autonomy.,The correct answer to the question 'What has the teen timetable questionnaire been used to guage?' is: differences in cultural perceptions of adolescent autonomy,0.9365553305515192,"The actual output accurately captures the core truth of the expected output by stating that the teen timetable questionnaire gauges differences in cultural perceptions of adolescent autonomy. It aligns closely with the expected output, which also emphasizes this core truth. While the actual output is slightly less detailed than the retrieval context, it remains focused and relevant, effectively answering the core question without unnecessary deviation."
How many fans saw Queen in Knebworth park?,"Over 120,000 fans.","The correct answer to the question 'How many fans saw Queen in Knebworth park?' is: 120,000",0.7888407280650428,"The actual output provides the correct attendance figure of over 120,000 fans, which aligns with the core truth of the expected output. However, it lacks the explicit context of the question regarding Queen's performance at Knebworth Park, which is clearly stated in the expected output. While the actual output is accurate, it could be improved by directly referencing the event to enhance clarity."
American buildings in the Georgian period were frequently constructed of which materials?,Wood with clapboards; occasionally brick or stone in larger cities.,The correct answer to the question 'American buildings in the Georgian period were frequently constructed of which materials?' is: wood with clapboards,0.7674265824434937,"The actual output correctly identifies wood with clapboards as a primary material used in American buildings during the Georgian period, aligning with the core truth of the expected output. However, it also includes additional details about the use of brick or stone in larger cities, which, while relevant, slightly detracts from the focus on the primary material. Overall, the response is comprehensive and informative, addressing the question effectively."
Beyonce self proclaimed alter ego is named what?,Sasha Fierce.,The correct answer to the question 'Beyonce self proclaimed alter ego is named what?' is: Sasha Fierce,0.8164818978134095,"The actual output correctly identifies 'Sasha Fierce' as Beyoncé's self-proclaimed alter ego, which aligns with the core truth of the expected output. However, it lacks the additional context provided in the expected output, such as the phrasing of the question and the explicit statement that this is the correct answer. While the response is accurate, it could be improved by including more detail to enhance clarity and context."
What minimum distance from the sideline does the official place the ball before play starts?,The official places the ball no nearer than 24 yards from the sideline.,The correct answer to the question 'What minimum distance from the sideline does the official place the ball before play starts?' is: 24 yards,0.7243793266409198,"The actual output correctly identifies the minimum distance of 24 yards from the sideline, which aligns with the expected output. However, it lacks the explicit phrasing of the question and the format of the answer as specified in the expected output. While the core truth is present, the response could be improved by directly stating it as an answer to the question posed."
What was the title of the leader of a monastery?,Abbot.,The correct answer to the question 'What was the title of the leader of a monastery?' is: abbot,0.5106840625968726,"The actual output provides the correct title 'Abbot' but lacks the clarity and completeness of the expected output, which explicitly states the question and answer format. While it does convey the core truth, it does not include the context or additional details that could enhance understanding, making it less comprehensive than the expected output."
What reality series was awarded a BAFTA in 2005?,Little Angels.,The correct answer to the question 'What reality series was awarded a BAFTA in 2005?' is: Little Angels,0.8427128218924178,"The actual output correctly identifies 'Little Angels' as the reality series awarded a BAFTA in 2005, aligning well with the core truth of the expected output. However, it lacks the introductory phrase present in the expected output, which could enhance clarity. The retrieval context provides relevant background information about the show, which supports the answer but is not explicitly referenced in the output."
"Though the Plymouth Brethren do not have a denominational name, what name is generally used for them?",The Brethren.,"The correct answer to the question 'Though the Plymouth Brethren do not have a denominational name, what name is generally used for them?' is: The Brethren",0.9705007330757807,"The actual output accurately reflects the expected output by providing the correct answer, 'The Brethren', to the question posed. It clearly articulates the core truth without any ambiguity. Additionally, the retrieval context supports the answer by explaining the historical background of the Plymouth Brethren, enhancing understanding without detracting from the core response."
What countries have expressed interest in Greece's oil and gas exploration?,Norway and the United States have expressed interest in Greece's oil and gas exploration.,The correct answer to the question 'What countries have expressed interest in Greece's oil and gas exploration?' is: Norway and the United States,0.8541151303340027,"The actual output correctly identifies Norway and the United States as the countries interested in Greece's oil and gas exploration, aligning well with the expected output. However, it lacks the explicit phrasing of the expected output, which states the answer as a complete sentence. While the core truth is present, the response could be improved by mirroring the expected format more closely."
In what years did Mali restructure public enterprises?,1988 to 1996.,The correct answer to the question 'In what years did Mali restructure public enterprises?' is: 1988 to 1996,0.8194223742905977,"The actual output correctly identifies the years 1988 to 1996, which aligns with the core truth of the expected output regarding Mali's restructuring of public enterprises. However, it lacks the introductory phrase present in the expected output, which provides context to the answer. While the core truth is present, the absence of additional context slightly detracts from the overall clarity and completeness of the response."
Henry Purcell was buried where?,Henry Purcell was buried in Westminster Abbey.,The correct answer to the question 'Henry Purcell was buried where?' is: in the abbey,0.6592878169062683,"The actual output correctly identifies that Henry Purcell was buried in Westminster Abbey, which aligns with the core truth of the expected output. However, it lacks the specificity of the expected answer, which emphasizes the phrase 'in the abbey' rather than the full name 'Westminster Abbey.' While the actual output is accurate, it does not include additional relevant details from the retrieval context that could enhance the response, such as the significance of Poets' Corner where Purcell is buried."
Why does time have an effect of the amount of available solar energy?,"Time affects available solar energy because solar panels cannot absorb sunlight at night, limiting energy collection to daytime hours.",The correct answer to the question 'Why does time have an effect of the amount of available solar energy?' is: during the nighttime there is little solar radiation on the surface of the Earth for solar panels to absorb,0.7858576375767781,"The actual output correctly identifies that time affects solar energy availability due to the inability of solar panels to absorb sunlight at night, which aligns with the core truth of the expected output. However, while it provides a clear explanation, it lacks the specific phrasing of 'little solar radiation' found in the expected output. The additional context about daytime energy collection enhances the response without detracting from the core truth, making it more comprehensive."
When did the Great Fire of London occur?,The Great Fire of London occurred in 1666.,The correct answer to the question 'When did the Great Fire of London occur?' is: 1666,0.8118011359384443,"The actual output correctly identifies the year of the Great Fire of London as 1666, which aligns with the core truth of the expected output. However, it lacks the explicit phrasing of the expected output, which states the answer in a complete sentence format. While the actual output is accurate and concise, it does not include any additional relevant details from the retrieval context that could enhance the response, such as the significance of the event or its impact on London."
What woman wrote a biography of Queen Victoria in 1964?,Elizabeth Longford.,The correct answer to the question 'What woman wrote a biography of Queen Victoria in 1964?' is: Elizabeth Longford,0.8935463809288929,"The actual output correctly identifies Elizabeth Longford as the author of the biography of Queen Victoria, aligning with the core truth of the expected output. While it lacks the additional context provided in the retrieval context, it succinctly answers the question without unnecessary elaboration. The response could have been slightly more comprehensive by including the year of publication, but it remains accurate and relevant."
Unionists in Northern Ireland want to remain part of which country?,The United Kingdom.,The correct answer to the question 'Unionists in Northern Ireland want to remain part of which country?' is: United Kingdom,0.8333574999777345,"The actual output correctly identifies the core truth by stating 'The United Kingdom', which aligns with the expected output. However, it lacks the additional context provided in the expected output, such as the phrasing of the question and the explicit confirmation that this is the correct answer. While the response is accurate, it could be improved by including more detail to enhance clarity and context."
When did the construction of exuberant houses slow down?,The construction of exuberant houses slowed down after the Great Fire of 1835.,The correct answer to the question 'When did the construction of exuberant houses slow down?' is: the last half of the 18th century,0.20126735075985866,"The actual output incorrectly states that the construction of exuberant houses slowed down after the Great Fire of 1835, while the expected output specifies the last half of the 18th century as the correct timeframe. The core truth is not present in the actual output, and it fails to align with the expected answer, despite providing some context about construction materials post-fire."
Who uses a Valencian standard separate from Catalan?,The Royal Academy of Valencian Culture (RACV) uses a separate Valencian standard.,The correct answer to the question 'Who uses a Valencian standard separate from Catalan?' is: Royal Academy of Valencian Culture,0.7891937237982929,"The actual output correctly identifies the Royal Academy of Valencian Culture (RACV) as using a separate Valencian standard, which aligns with the core truth of the expected output. However, it lacks the explicit phrasing of the question and the complete answer format as presented in the expected output. While it provides relevant information, it could be more comprehensive by including the context of the question directly."
Which statements did these other documents include from the Westminster Standards?,"The other documents included in the Presbyterian Church (U.S.A.)'s Book of Confessions alongside the Westminster Standards are: the Nicene Creed, the Apostles' Creed, the Scots Confession, the Heidelberg Catechism, and the Second Helvetic Confession, as well as 20th-century documents like The Theological Declaration of Barmen, the Confession of 1967, and A Brief Statement of Faith.","The correct answer to the question 'Which statements did these other documents include from the Westminster Standards?' is: the Nicene Creed, the Apostles' Creed",0.38981064069013727,"The actual output provides a comprehensive list of documents included in the Presbyterian Church (U.S.A.)'s Book of Confessions, which is informative but does not directly answer the expected question about which statements these documents included from the Westminster Standards. While it includes relevant details, it fails to articulate the core truth of the expected output, which specifically mentions only the Nicene Creed and the Apostles' Creed."
What motorway crosses the River Test to the North?,The M27 motorway crosses the River Test to the north.,The correct answer to the question 'What motorway crosses the River Test to the North?' is: the M27,0.7961902219293454,"The actual output correctly identifies the M27 motorway as crossing the River Test to the north, which aligns with the core truth of the expected output. However, it lacks the explicit phrasing of the expected output, which states the answer should be presented as a direct response to the question. While the additional detail about the location enhances understanding, it could have been more closely aligned with the expected format."
"How many Grammy awards did ""Crazy in Love"" win?","""Crazy in Love"" won 2 Grammy Awards.","The correct answer to the question 'How many Grammy awards did ""Crazy in Love"" win?' is: two",0.6598763025329538,"The actual output correctly states that 'Crazy in Love' won 2 Grammy Awards, which aligns with the core truth of the expected output. However, it lacks the explicit phrasing of 'the correct answer to the question' and does not convert the numeral '2' into the word 'two' as specified in the expected output. While the information is accurate, the presentation does not fully meet the expected format."
Where did Turkey start the fiscal year?,Turkey started the fiscal year on 1 March.,The correct answer to the question 'Where did Turkey start the fiscal year?' is: 1 March,0.6902912981162477,"The actual output correctly identifies the start date of Turkey's fiscal year as 1 March, which aligns with the core truth of the expected output. However, it lacks the explicit framing of the answer as a response to the question posed, which diminishes clarity. While the output is accurate, it could be improved by directly stating that this is the answer to the question, thus enhancing its alignment with the expected format."
Most African descent in Brazil came from what sort of congress?,Most African descent in Brazil came from relations between white masters and female slaves.,The correct answer to the question 'Most African descent in Brazil came from what sort of congress?' is: relations between white masters and female slaves,0.7711519956762809,"The actual output correctly identifies the core truth of the expected output by stating that most African descent in Brazil came from relations between white masters and female slaves. However, it lacks the explicit framing of the question and answer format present in the expected output, which diminishes clarity. The additional context provided in the retrieval context is relevant and supports the core truth, enhancing the overall understanding of the topic."
The climate of Greece in the Northwest is known as what?,Alpine climate.,The correct answer to the question 'The climate of Greece in the Northwest is known as what?' is: Alpine climate,0.8070269282667416,"The actual output correctly identifies the core truth of the expected output by stating 'Alpine climate', which directly answers the question about the climate of Northwest Greece. However, it lacks the additional context provided in the expected output, such as the phrasing 'The correct answer to the question...' and does not elaborate on the characteristics of the Alpine climate as mentioned in the retrieval context. While it is concise, it could benefit from a bit more detail to enhance clarity and comprehensiveness."
What is Neptune's largest moon?,Triton,The correct answer to the question 'What is Neptune's largest moon?' is: Triton,0.6649810303191492,"The actual output correctly identifies Triton as Neptune's largest moon, aligning with the core truth of the expected output. However, it lacks the additional context provided in the expected output, which explicitly states the question and the phrase 'The correct answer to the question...'. While the core truth is present, the absence of this framing reduces the clarity and completeness of the response."
What seperates the children in secondary school?,"Children in secondary school are typically separated by age, with students aged 11 to 18. Some systems also filter by academic aptitude or tests in selective schools.",The correct answer to the question 'What seperates the children in secondary school?' is: ability and aptitude,0.4082293143575336,"The actual output mentions age separation and academic aptitude in secondary schools, which partially aligns with the expected output's focus on ability and aptitude. However, it lacks a clear articulation of the core truth regarding what specifically separates children in secondary school, leading to a less direct answer. While it provides relevant context about age ranges, it does not enhance understanding of the expected output's core truth effectively."
"How many has ""Dangerously in Love"" sould worldwide since its debut?",11 million copies.,"The correct answer to the question 'How many has ""Dangerously in Love"" sould worldwide since its debut?' is: 11 million",0.9349706624490837,"The actual output clearly states the number of copies sold, which directly answers the question posed in the expected output. It accurately represents the core truth that 'Dangerously in Love' has sold 11 million copies worldwide, aligning perfectly with the expected response. Additionally, the output is concise and does not include extraneous information, maintaining focus on the core question."
Freeman became the leaders of what party in Charleston?,Freedmen became the leaders of the Republican Party in Charleston.,The correct answer to the question 'Freeman became the leaders of what party in Charleston?' is: postwar Republican Party,0.6944876611812212,"The actual output correctly identifies that Freedmen became leaders of the Republican Party in Charleston, which aligns with the core truth of the expected output. However, it lacks the specific term 'postwar Republican Party' mentioned in the expected output, which would have enhanced accuracy. The additional context provided in the retrieval context supports the understanding of the historical significance but does not directly address the expected phrasing."
How many female students were discussed in the al-Daw' al-Iami?,"1,075 female scholars were discussed in al-Daw' al-Iami.","The correct answer to the question 'How many female students were discussed in the al-Daw' al-Iami?' is: 1,075",0.7942312076269323,"The actual output correctly identifies the number of female scholars discussed in al-Daw' al-Iami as 1,075, which aligns with the core truth of the expected output. However, it lacks the explicit phrasing of the question and the phrase 'The correct answer to the question...' that would have made the response more directly aligned with the expected format. The additional context provided does enhance understanding but is not necessary for answering the specific question."
What type of agent is zync useful as against prostate cancer?,Zinc may act as a chemotherapeutic agent against prostate cancer.,The correct answer to the question 'What type of agent is zync useful as against prostate cancer?' is: chemotherapeutic,0.7002599412029851,"The actual output correctly identifies zinc as a chemotherapeutic agent against prostate cancer, aligning with the core truth of the expected output. However, it lacks the explicit phrasing of the expected output, which directly answers the question posed. While the actual output provides relevant context about zinc's potential in cancer treatment, it could be more concise and focused on the specific question asked."
"What state's law mandated that executions occur in """"room or place enclosed from public view""?","New Mexico's former death penalty law mandated that executions occur in a ""room or place enclosed from public view.""","The correct answer to the question 'What state's law mandated that executions occur in """"room or place enclosed from public view""?' is: New Mexico's",0.8274382111617229,"The actual output correctly identifies New Mexico's former death penalty law and its requirement for executions to occur in a 'room or place enclosed from public view,' which aligns with the core truth of the expected output. However, it lacks the explicit phrasing that directly answers the question posed in the expected output, which could enhance clarity. The additional context provided is relevant and informative, supporting the understanding of the topic without detracting from the core truth."
In what year was the Main Building at Notre Dame razed in a fire?,1879,The correct answer to the question 'In what year was the Main Building at Notre Dame razed in a fire?' is: 1879,0.9321066100472482,"The actual output correctly identifies the year 1879 as the answer to the question about when the Main Building at Notre Dame was razed in a fire. It aligns perfectly with the expected output, which also states the same year while providing context. The core truth is clearly articulated, and the additional details in the retrieval context enhance understanding without detracting from the main answer."
When was the early Heian?,The early Heian period began in 794 AD.,The correct answer to the question 'When was the early Heian?' is: the late 8th and early 9th centuries,0.4409415868771339,"The actual output correctly identifies the start of the early Heian period as 794 AD, which aligns with the expected output's timeframe of the late 8th and early 9th centuries. However, it lacks the broader context and detail provided in the expected output, which emphasizes the period's cultural significance and the transition from the Nara period. While it partially addresses the core truth, it does not fully capture the expected answer's comprehensive nature."
Which Indianised kingdom was based in eastern java?,The Majapahit Empire.,The correct answer to the question 'Which Indianised kingdom was based in eastern java?' is: The Majapahit Empire,0.7703771581806496,"The actual output correctly identifies the Majapahit Empire as the answer to the question about the Indianised kingdom based in eastern Java, aligning with the core truth of the expected output. However, it lacks the explicit phrasing found in the expected output that clearly states it as the answer to the question, which slightly diminishes its clarity. The retrieval context provides relevant historical details about the Majapahit Empire, enhancing understanding, but the actual output could have included a more direct connection to the question format."
The Chinese government established what city in this disputed area?,The Chinese government established Nanjing in the disputed area.,The correct answer to the question 'The Chinese government established what city in this disputed area?' is: Sansha,0.2218540026245599,"The actual output mentions Nanjing, which is related to the context, but it fails to provide the correct answer, Sansha, as specified in the expected output. The core truth of the expected output is not present, and while the actual output includes a relevant city, it does not answer the question correctly. Therefore, it lacks alignment with the evaluation steps."
Who played Severine in the previous Bond film?,Bérénice Lim Marlohe.,The correct answer to the question 'Who played Severine in the previous Bond film?' is: Bérénice Lim Marlohe,0.6621322980391223,"The actual output correctly identifies Bérénice Lim Marlohe as the actress who played Sévérine, which aligns with the core truth of the expected output. However, it lacks the context of the question and the phrasing that explicitly states it as the answer to 'Who played Severine in the previous Bond film?'. While it is accurate, it could be more comprehensive by including the full context of the question."
How was the store most often presented to the public? ,"The store was presented as a place for pleasurable shopping, featuring accessible goods, elegant restaurants, and promotional marketing.",The correct answer to the question 'How was the store most often presented to the public? ' is: paid advertising,0.30953541828111686,"The actual output describes the store's presentation as a pleasurable shopping experience with accessible goods and restaurants, but it fails to directly address the expected output of 'paid advertising.' While it provides some context about the store's marketing approach, it does not clearly articulate the core truth of how the store was presented to the public, which is the essence of the expected answer."
Why do mountains between 19N and 19S tend to have snow?,"Mountains between 19°N and 19°S tend to have snow due to higher precipitation levels and elevations usually above 5,000 m (16,400 ft).",The correct answer to the question 'Why do mountains between 19N and 19S tend to have snow?' is: precipitation is higher,0.727592577874684,"The actual output correctly identifies that higher precipitation levels contribute to snow on mountains between 19°N and 19°S, aligning with the core truth of the expected output. However, it provides additional details about elevation and precipitation levels, which, while relevant, may detract from the simplicity of the expected answer. Overall, it is comprehensive but slightly more detailed than necessary."
What are academics in China encouraged to use that their American counterparts are not?,"Academics in China are encouraged to use racial categories, while American counterparts are discouraged from doing so.",The correct answer to the question 'What are academics in China encouraged to use that their American counterparts are not?' is: racial categories,0.7875730981699955,"The actual output correctly identifies the core truth that academics in China are encouraged to use racial categories, while their American counterparts are discouraged from doing so. This aligns well with the expected output, which specifically asks for what Chinese academics are encouraged to use. However, the actual output could have been more concise and directly stated the core truth without additional context, which slightly detracts from its clarity."
What percentage of articles in 1996 employed a bio-race paradigm?,28% of articles in 1996 employed a bio-race paradigm.,The correct answer to the question 'What percentage of articles in 1996 employed a bio-race paradigm?' is: 28 percent,0.8733043593513022,"The actual output correctly identifies the percentage of articles in 1996 that employed a bio-race paradigm, aligning with the core truth of the expected output. However, it uses '28%' instead of '28 percent', which slightly deviates from the expected phrasing. The output is clear and directly answers the question, and while it could have included the phrase 'The correct answer is...' for full alignment, it does not detract significantly from the overall accuracy."
The addition of Rr and Rloss equals what?,Rr + Rloss = Rr (remains unchanged).,The correct answer to the question 'The addition of Rr and Rloss equals what?' is: resistance,0.22545638968692833,"The actual output does not address the question posed in the expected output, which is about the addition of Rr and Rloss equating to resistance. Instead, it presents a mathematical expression that lacks clarity and relevance to the core truth of the expected output. While it attempts to convey a relationship, it fails to provide the correct answer or context, leading to confusion rather than enhancing understanding."
Who created Graphite? ,The information provided does not specify who created graphite.,The correct answer to the question 'Who created Graphite? ' is: SIL International,0.05943448803825994,"The actual output fails to provide the correct answer to the question about who created graphite, which is explicitly stated in the expected output as 'SIL International.' Instead, it incorrectly states that the information does not specify the creator, thus not aligning with the core truth of the expected output. Additionally, the retrieval context does not support the actual output's claim, as it includes relevant information about graphite's use in the Manhattan Project but does not address its creation."
Where did the first federal council of Rus take place in 1097?,"Near Chernihiv, in the city of Liubech.",The correct answer to the question 'Where did the first federal council of Rus take place in 1097?' is: city of Liubech,0.8101863831814822,"The actual output correctly identifies the location of the first federal council of Rus as the city of Liubech, which aligns with the core truth of the expected output. However, it includes additional context by specifying 'near Chernihiv,' which, while relevant, is not part of the expected output. This extra detail does not detract from the core answer but slightly diverges from the simplicity of the expected response."
"Over how many hours had Jehovah's Witnesses spent preaching and in ""Bible study"" activity in 2015?",Over 1.93 billion hours.,"The correct answer to the question 'Over how many hours had Jehovah's Witnesses spent preaching and in ""Bible study"" activity in 2015?' is: 1.93 billion",0.6642510374164414,"The actual output provides the core truth of the expected output by stating 'Over 1.93 billion hours', which aligns with the question about the hours spent by Jehovah's Witnesses in 2015. However, it lacks the clarity and completeness of the expected output, which explicitly states the answer in a more direct manner. While the actual output is factually correct, it does not fully articulate the context of the question, missing the opportunity to enhance understanding with additional relevant details from the retrieval context."
What cultures' visual representations are included in visual anthropology?,"Visual anthropology includes visual representations from all cultures, such as sandpaintings, tattoos, sculptures, reliefs, cave paintings, scrimshaw, jewelry, hieroglyphics, paintings, and photographs.",The correct answer to the question 'What cultures' visual representations are included in visual anthropology?' is: all,0.6440229018639176,"The actual output correctly identifies that visual anthropology includes representations from all cultures, which aligns with the core truth of the expected output. However, it provides excessive detail about specific types of visual representations, which, while relevant, detracts from the simplicity of the expected answer that simply states 'all'. This additional information could confuse the reader rather than enhance understanding."
Of what state was Toney Anaya governor?,New Mexico.,The correct answer to the question 'Of what state was Toney Anaya governor?' is: New Mexico,0.8420480357567062,"The actual output correctly identifies New Mexico as the state where Toney Anaya was governor, aligning with the core truth of the expected output. However, it lacks the additional context provided in the expected output, which explicitly states the question and the phrase 'The correct answer to the question...'. While the response is accurate, it could be improved by including a more complete articulation of the answer format."
Beyoncé was the first female singer to headline what at the 2011 Glastonbury Festival?,Beyoncé was the first solo female artist to headline the main Pyramid stage.,The correct answer to the question 'Beyoncé was the first female singer to headline what at the 2011 Glastonbury Festival?' is: Pyramid stage,0.788368793950678,"The actual output correctly identifies that Beyoncé was the first solo female artist to headline the main Pyramid stage, which aligns with the core truth of the expected output. However, it does not explicitly mention the 2011 Glastonbury Festival, which is a key detail in the expected output. While the actual output provides additional context about her significance, it could have been more precise in directly answering the question posed."
When did Mahmud Ghanznavi conquer Kangara?,Mahmud Ghaznavi conquered Kangra in the early 10th century.,The correct answer to the question 'When did Mahmud Ghanznavi conquer Kangara?' is: 10th century,0.7652959064724467,"The actual output correctly identifies the time period of Mahmud Ghaznavi's conquest of Kangra as the 10th century, which aligns with the expected output. However, it provides a more specific detail by stating 'early 10th century,' which, while not detracting from the core truth, adds a slight enhancement. The response could have been improved by explicitly stating that it answers the question posed in the expected output format."
Which singer did Chopin become fascinated with?,"Chopin was fascinated with the singing style of vocalists, which influenced his melodic lines.",The correct answer to the question 'Which singer did Chopin become fascinated with?' is: Konstancja Gładkowska,0.23441618424281135,"The actual output mentions Chopin's fascination with vocalists and how it influenced his melodic lines, which is somewhat related to the expected output. However, it fails to directly answer the question about which singer Chopin became fascinated with, specifically omitting the name Konstancja Gładkowska. While it provides some context about Chopin's influences, it does not align with the core truth of the expected output."
What does each band base their costume presentation on?,Each band bases their costume presentation on a particular theme.,The correct answer to the question 'What does each band base their costume presentation on?' is: theme,0.8016282485522537,"The actual output correctly identifies that each band bases their costume presentation on a theme, which aligns with the core truth of the expected output. However, it lacks the explicit phrasing of 'theme' as the answer to the question, which slightly detracts from its alignment with the expected output. The additional context about costume presentations enhances understanding but is not necessary for answering the core question."
What was Neptune before Pluto was discovered? ,Neptune was the farthest known planet.,The correct answer to the question 'What was Neptune before Pluto was discovered? ' is: farthest known planet,0.7707665878172704,"The actual output correctly identifies Neptune as the farthest known planet, which aligns with the core truth of the expected output. However, it lacks the explicit context of the question regarding Neptune's status before Pluto was discovered, which is crucial for full alignment. While the statement is accurate, it could benefit from a clearer connection to the question posed."
To what republic was the Karachay Autonomous Oblast transferred in 1957?,Russian SFSR.,The correct answer to the question 'To what republic was the Karachay Autonomous Oblast transferred in 1957?' is: the Russian SFSR,0.8374808187441983,"The actual output correctly identifies the Russian SFSR as the answer to the question regarding the transfer of the Karachay Autonomous Oblast in 1957, aligning well with the expected output. However, it lacks the additional context provided in the expected output, which explicitly states the question and the phrase 'the correct answer to the question'. While the core truth is present, the response could be improved by including more context or details from the retrieval context to enhance clarity and comprehensiveness."
What was the term given to the personal idealism of Howison?,California Personalism.,The correct answer to the question 'What was the term given to the personal idealism of Howison?' is: California Personalism,0.8370919432466094,"The actual output correctly identifies 'California Personalism' as the term associated with Howison's personal idealism, which aligns with the core truth of the expected output. However, it lacks the introductory context that explicitly states it is the answer to the question posed, which slightly detracts from its completeness. The retrieval context provides additional relevant details about Howison's philosophy, but these are not reflected in the actual output, which could have enhanced its comprehensiveness."
What is movement by ripples called?,Ripple current.,The correct answer to the question 'What is movement by ripples called?' is: peristalsis,0.12510734855258548,"The actual output 'Ripple current' does not address the question about the movement by ripples, which is specifically answered by 'peristalsis' in the expected output. The core truth of the expected output is not present, and the retrieval context does not provide relevant information that connects to the expected answer, further detracting from the alignment."
"When designing a capacitor, what is an important rating to consider?",An important rating to consider when designing a capacitor is the maximum ripple current.,"The correct answer to the question 'When designing a capacitor, what is an important rating to consider?' is: Reversal ratings",0.3181389511279903,"The actual output mentions an important rating, maximum ripple current, which is relevant to capacitor design but does not address the core truth of the expected output, which is reversal ratings. While it provides some context about ripple current, it fails to directly answer the question posed in the expected output, leading to a significant misalignment."
What type of ground could be found in the central Italian peninsula?,"The central Italian peninsula features mountainous terrain, particularly calcareous mountains.",The correct answer to the question 'What type of ground could be found in the central Italian peninsula?' is: hilly terrain,0.44482510284384896,"The actual output mentions 'mountainous terrain' which is related to the expected output of 'hilly terrain', but it does not directly answer the question posed. While it provides some relevant geographical context, it lacks the clarity and directness of the expected answer, which diminishes its effectiveness."
When was Conservative Presbyterian Church formed?,The Conservative Presbyterian Church was formed in 1977.,The correct answer to the question 'When was Conservative Presbyterian Church formed?' is: 1940,0.056872459212537786,"The actual output states that the Conservative Presbyterian Church was formed in 1977, which is incorrect compared to the expected output that states it was formed in 1940. The core truth of the expected output is not present in the actual output, leading to a complete misalignment with the evaluation steps."
Which quote by Feynman is often used by string theory opponents?,"""I don't like that they're not calculating anything.""","The correct answer to the question 'Which quote by Feynman is often used by string theory opponents?' is: 'Well, it still might be true.'""",0.19852567207137645,"The actual output does reference a quote by Feynman, but it does not provide the expected quote that is specifically used by string theory opponents. Instead, it offers a personal opinion from Feynman that lacks the clarity and directness of the expected output. The core truth of the expected output is not clearly articulated, leading to a significant misalignment with the evaluation steps."
What is the acronym used to describe resistant TB?,MDR-TB (multidrug-resistant tuberculosis).,The correct answer to the question 'What is the acronym used to describe resistant TB?' is: MDR-TB,0.9177794142816408,"The actual output 'MDR-TB (multidrug-resistant tuberculosis)' directly answers the question posed in the expected output, confirming the acronym used to describe resistant TB. It includes the full form of the acronym, which enhances understanding without deviating from the core truth. The response is clear and concise, aligning perfectly with the evaluation steps."
What is Oklahoma's rank among states producing crude oil?,Oklahoma ranks fifth in crude oil production.,The correct answer to the question 'What is Oklahoma's rank among states producing crude oil?' is: fifth,0.8141423636995239,"The actual output correctly identifies Oklahoma's rank in crude oil production as fifth, which aligns with the core truth of the expected output. However, it lacks the explicit phrasing of the expected output, which states the answer in a more formal manner. While the actual output is accurate and includes relevant information, it could be improved by incorporating the structure of the expected output for clarity."
What historic landmark is located on the Pier?,The Santa Monica Looff Hippodrome (carousel) is located on the Pier.,The correct answer to the question 'What historic landmark is located on the Pier?' is: Looff Hippodrome,0.7784234777721204,"The actual output correctly identifies the Looff Hippodrome as a historic landmark located on the Pier, which aligns with the core truth of the expected output. However, it provides additional context about the carousel's significance and its location, which, while informative, slightly diverges from the simplicity of the expected answer. Overall, it effectively answers the core question while offering extra relevant details."
Where did the San Diego River once flow to?,The San Diego River once flowed into San Diego Bay.,The correct answer to the question 'Where did the San Diego River once flow to?' is: San Diego Bay,0.7213852346738461,"The actual output correctly identifies that the San Diego River once flowed into San Diego Bay, which aligns with the core truth of the expected output. However, it lacks the explicit phrasing of the question and the structured format of the expected answer, which diminishes clarity. While the retrieval context provides additional relevant historical information, the actual output could have been more comprehensive by incorporating a direct reference to the question asked."
What was one philosophy book that Avicenna was taught from?,Porphyry's Introduction (Isagoge).,The correct answer to the question 'What was one philosophy book that Avicenna was taught from?' is: Euclid's Elements,0.22049583842119586,"The actual output mentions 'Porphyry's Introduction (Isagoge)', which is related to philosophy but does not answer the specific question about Avicenna's teachings. The expected output clearly states 'Euclid's Elements' as the correct answer, which is missing in the actual output. While the retrieval context provides relevant information about Avicenna's education, the actual output fails to convey the core truth of the expected answer."
What is needed to reject a cabinet's policy?,An absolute majority of deputies in the Assembly is needed to reject a cabinet's policy.,The correct answer to the question 'What is needed to reject a cabinet's policy?' is: an absolute majority of deputies,0.8251692014858198,"The actual output correctly identifies that an absolute majority of deputies is needed to reject a cabinet's policy, which aligns with the core truth of the expected output. However, it could be more concise by omitting the phrase 'in the Assembly' since the context implies this. Overall, the response is clear and directly answers the question, demonstrating a strong understanding of the requirement."
"After her fall down the stairs, what health issue was Victoria plaged with thereafter?","After her fall down the stairs, Victoria was plagued with rheumatism in her legs.","The correct answer to the question 'After her fall down the stairs, what health issue was Victoria plaged with thereafter?' is: rheumatism thereafter",0.7521908071746128,"The actual output correctly identifies rheumatism as the health issue Victoria faced after her fall, aligning with the core truth of the expected output. However, it lacks the explicit phrasing 'rheumatism thereafter' as stated in the expected output. The additional context about her condition being 'plagued with rheumatism in her legs' adds relevant detail, enhancing the response's comprehensiveness while still addressing the core question."
Who bought the Expo line from Southern Pacific?,Los Angeles Metropolitan Transportation Authority.,The correct answer to the question 'Who bought the Expo line from Southern Pacific?' is: Southern Pacific by Los Angeles Metropolitan Transportation Authority,0.5437296184219899,"The actual output identifies the Los Angeles Metropolitan Transportation Authority, which is part of the expected answer. However, it lacks the complete context of the question regarding who bought the Expo line from Southern Pacific, which is essential for full alignment with the expected output. The actual output does not explicitly mention Southern Pacific, which is a critical component of the core truth."
What is Atkin's Hall?,"Atkins Hall is a residential housing complex in Cork, converted from Our Lady's Psychiatric Hospital.",The correct answer to the question 'What is Atkin's Hall?' is: a residential housing complex,0.7957839185612549,"The actual output correctly identifies Atkins Hall as a residential housing complex, which aligns with the core truth of the expected output. It provides additional context by mentioning its conversion from Our Lady's Psychiatric Hospital, enhancing the detail without deviating from the main answer. However, the response could be slightly more concise to match the simplicity of the expected output."
Who blinked in the confrontation between Nasser and Amer?,Nasser blinked in the confrontation with Amer.,The correct answer to the question 'Who blinked in the confrontation between Nasser and Amer?' is: Nasser,0.7256373510827625,"The actual output correctly identifies Nasser as the one who blinked in the confrontation with Amer, which aligns with the core truth of the expected output. However, it lacks the explicit phrasing of the expected output, which directly answers the question posed. While the additional context provided in the retrieval context is relevant, it does not enhance the clarity of the core answer, which could have been more directly stated."
In what borough did the Occupy Wall Street protests take place?,Manhattan.,The correct answer to the question 'In what borough did the Occupy Wall Street protests take place?' is: Manhattan,0.941887348996833,"The actual output correctly identifies Manhattan as the borough where the Occupy Wall Street protests took place, which aligns perfectly with the expected output. The core truth is clearly articulated, and the response is concise. Additionally, the retrieval context provides relevant background information about the protests, enhancing understanding without detracting from the main answer."
What is a well capitalized ratio?,A well-capitalized ratio is a minimum of 10% risk-based capital ratio.,The correct answer to the question 'What is a well capitalized ratio?' is: minimum 10% risk-based,0.8116747494876039,"The actual output correctly identifies the core truth of the expected output by stating that a well-capitalized ratio is a minimum of 10% risk-based capital ratio. It aligns well with the expected output, which also emphasizes the minimum 10% requirement. However, the actual output could be seen as slightly more detailed, as it explicitly states 'risk-based capital ratio,' which adds clarity but is not strictly necessary for answering the core question. Overall, it effectively conveys the essential information while maintaining relevance to the context."
Who describes Delphi and Dodona as frenzied women?,Plato describes the priestesses of Delphi and Dodona as frenzied women.,The correct answer to the question 'Who describes Delphi and Dodona as frenzied women?' is: Plato,0.7918686338186252,"The actual output correctly identifies Plato as the source describing the priestesses of Delphi and Dodona as frenzied women, which aligns with the expected output. However, while it provides additional context about the term 'mania' and its connections, it slightly deviates from the simplicity of the expected answer by introducing more detail than necessary. Overall, it effectively conveys the core truth but could be more concise."
A possible rebuttal to Gray's argument appears in Popper's reply to which philosopher?,Imre Lakatos.,The correct answer to the question 'A possible rebuttal to Gray's argument appears in Popper's reply to which philosopher?' is: Imre Lakatos,0.8070269277843248,"The actual output correctly identifies Imre Lakatos as the answer to the question posed, aligning with the core truth of the expected output. However, it lacks the additional context provided in the expected output, which explicitly states the question and the format of the answer. While the core truth is present, the response could be improved by including the question for clarity and completeness."
Which countries' scholars developed the contemporary police concept?,The contemporary police concept was developed by scholars from Germany and France.,The correct answer to the question 'Which countries' scholars developed the contemporary police concept?' is: German and French,0.7079473730441767,"The actual output correctly identifies the countries (Germany and France) associated with the development of the contemporary police concept, aligning with the core truth of the expected output. However, it lacks the concise format of the expected answer and does not explicitly state that these countries' scholars developed the concept, which slightly detracts from clarity. The additional context provided in the retrieval context is relevant but not fully utilized in the actual output, which could have enhanced the comprehensiveness of the response."
How can bacteria obtain raw materials from the environment?,"Bacteria obtain raw materials by diffusion or through molecular channels in cell membranes, primarily in the form of small molecules.",The correct answer to the question 'How can bacteria obtain raw materials from the environment?' is: in the form of relatively small molecules,0.8031083989190957,"The actual output correctly identifies that bacteria obtain raw materials primarily in the form of small molecules and mentions the mechanisms of diffusion and molecular channels, which aligns well with the expected output. However, it provides additional context about the process, which, while relevant, slightly deviates from the simplicity of the expected answer. Overall, it effectively conveys the core truth while offering more detail."
When was the Premier League originally formed?,"The Premier League was formed on May 27, 1992.",The correct answer to the question 'When was the Premier League originally formed?' is: 20 February 1992,0.21833300410331832,"The actual output states that the Premier League was formed on May 27, 1992, which is incorrect as the expected output specifies the original formation date as February 20, 1992. While the actual output provides some context about the formation of the league, it fails to accurately represent the core truth of the expected output, leading to a significant misalignment."
Soft and bendable steel is caused by what?,"Slow cooling during heat treatment allows carbon to precipitate out of solution, resulting in soft and bendable steel.",The correct answer to the question 'Soft and bendable steel is caused by what?' is: If the steel is cooled slowly,0.7681647274420024,"The actual output correctly identifies the process of slow cooling during heat treatment as the cause of soft and bendable steel, aligning well with the expected output. It provides a more detailed explanation of the underlying mechanism, including the precipitation of carbon, which enhances understanding. However, it slightly deviates from the simplicity of the expected output by introducing additional technical details that, while relevant, may not be necessary for a straightforward answer."
What started about 4000 years after copper smelting was discovered?,Alloying copper with tin to make bronze.,The correct answer to the question 'What started about 4000 years after copper smelting was discovered?' is: Alloying copper with tin to make bronze,0.8218678837380095,"The actual output correctly identifies the process of alloying copper with tin to make bronze, which aligns with the core truth of the expected output. However, it lacks the explicit framing of the answer as a response to the specific question posed, which diminishes its clarity. While it captures the essential information, it could benefit from a more direct connection to the question asked."
Where were most of the authors in the JSAC edition?,Most authors in the JSAC edition were active in the MPEG-1 Audio committee.,The correct answer to the question 'Where were most of the authors in the JSAC edition?' is: MPEG-1 Audio committee,0.7087694350292064,"The actual output correctly identifies that most authors in the JSAC edition were active in the MPEG-1 Audio committee, which aligns with the core truth of the expected output. However, it lacks the explicit phrasing of the question and the direct answer format found in the expected output, which diminishes clarity. While the additional context about the authors' involvement is relevant, it does not enhance understanding as effectively as a more direct response would."
"If Neptune was formed from instabilities within the original protoplanetary disc, what was it not formed by?",Core accretion.,"The correct answer to the question 'If Neptune was formed from instabilities within the original protoplanetary disc, what was it not formed by?' is: core accretion",0.8590516773688144,"The actual output correctly identifies 'core accretion' as the method Neptune was not formed by, which aligns with the expected output. However, it lacks the context and clarity provided in the expected output, which explicitly states the question and the answer format. While the core truth is present, the response could benefit from a more complete articulation of the question to enhance understanding."
Who are Kautilya and Vishnugupta usually grouped with?,They are usually grouped with Chāṇakya.,The correct answer to the question 'Who are Kautilya and Vishnugupta usually grouped with?' is: Chāṇakya,0.6951886588621464,"The actual output correctly identifies Chāṇakya as the figure with whom Kautilya and Vishnugupta are usually grouped, aligning with the core truth of the expected output. However, it lacks the explicit phrasing of the question and the complete structure of the expected answer, which diminishes its clarity and completeness. While it does not deviate from the core truth, it could have been more comprehensive by including the context of the question directly."
"How many judges and prosecutors does Portugal have per 100,000 inhabitants?","Portugal has over 30 judges and prosecutors per 100,000 inhabitants.","The correct answer to the question 'How many judges and prosecutors does Portugal have per 100,000 inhabitants?' is: over 30",0.8052075530069134,"The actual output correctly identifies the core truth regarding the number of judges and prosecutors in Portugal, stating 'over 30 per 100,000 inhabitants,' which aligns with the expected output. It also provides additional context by mentioning the total number of judges and prosecutors, enhancing the response's comprehensiveness. However, it could be slightly more concise to match the expected output's directness."
When did Jews originate as a national and religious group in the Middle East?,During the second millennium BCE.,"The correct answer to the question 'When did Jews originate as a national and religious group in the Middle East?' is: during the second millennium BCE, in the part of the Levant known as the Land of Israel",0.6374284765497981,"The actual output correctly identifies the time period of the Jews' origin as 'during the second millennium BCE,' which aligns with the expected output. However, it lacks the additional context provided in the expected output regarding the specific location, 'the Land of Israel,' which is a significant detail that enhances understanding of the core truth. While the response is accurate, it could be improved by including this geographical context."
Who was recorded as using gunpowder in 1304?,The English used gunpowder against the Scots in 1304.,The correct answer to the question 'Who was recorded as using gunpowder in 1304?' is: the English,0.7858576375767781,"The actual output correctly identifies the English as the users of gunpowder in 1304, aligning with the core truth of the expected output. It provides a concise answer to the question, although it lacks the explicit phrasing of 'the correct answer to the question' found in the expected output. Additionally, the output does not include the context that gunpowder was used merely as an explosive, which could have added relevant detail without deviating from the core truth."
What Marvel movie featured Star-Lord and Gamora?,Guardians of the Galaxy.,The correct answer to the question 'What Marvel movie featured Star-Lord and Gamora?' is: Guardians of the Galaxy,0.8964792957099972,"The actual output correctly identifies 'Guardians of the Galaxy' as the Marvel movie featuring Star-Lord and Gamora, aligning well with the expected output. While the expected output provides a more detailed context by explicitly stating it is the answer to a specific question, the actual output succinctly conveys the core truth. The retrieval context, while rich in additional information about Marvel, does not detract from the core answer provided."
What was one thing the Ottoman legal system lacked?,An appellate structure.,The correct answer to the question 'What was one thing the Ottoman legal system lacked?' is: an appellate structure,0.8543031848368547,"The actual output correctly identifies the core truth of the expected output by stating that the Ottoman legal system lacked an appellate structure. However, it lacks the introductory context that the expected output provides, which explicitly states that this is the answer to the question posed. While the actual output is concise, it could benefit from a clearer connection to the question being answered."
Dogs have some social skills that parallel what?,Dogs have social-cognitive skills that parallel those of human children.,The correct answer to the question 'Dogs have some social skills that parallel what?' is: human children,0.6990749502181585,"The actual output correctly identifies that dogs have social-cognitive skills that parallel those of human children, which aligns with the core truth of the expected output. However, it lacks the explicit phrasing of the expected output, which directly answers the question posed. While the actual output provides relevant information, it does not fully encapsulate the simplicity and directness of the expected answer."
Where in Thuringia are there fewer industrial companies?,"In the northern and eastern parts of Thuringia, there are fewer industrial companies.",The correct answer to the question 'Where in Thuringia are there fewer industrial companies?' is: the northern and eastern parts of the Land.,0.8048412993353035,"The actual output correctly identifies the northern and eastern parts of Thuringia as areas with fewer industrial companies, aligning well with the expected output. However, it lacks the explicit phrasing 'the correct answer to the question' and does not fully encapsulate the formal structure of the expected response. While it conveys the core truth effectively, it could benefit from a more structured presentation to enhance clarity."
What caused the HMS Jasper to get stuck in shallow water?,The HMS Jasper grounded near Taganrog due to a fisherman moving buoys into shallow water.,The correct answer to the question 'What caused the HMS Jasper to get stuck in shallow water?' is: a fisherman who moved buoys,0.9957912272835332,"The actual output accurately captures the core truth of the expected output by clearly stating that the HMS Jasper grounded due to a fisherman moving buoys into shallow water. It directly answers the question posed in the expected output and provides the necessary detail without detracting from the main point. The additional context from the retrieval supports the answer, confirming the event's occurrence and enhancing understanding."
Who noted that cranes traveled from Scythia to the Nile?,Aristotle noted that cranes traveled from Scythia to the Nile.,The correct answer to the question 'Who noted that cranes traveled from Scythia to the Nile?' is: Aristotle,0.6864130133534619,"The actual output correctly identifies Aristotle as the source of the observation about cranes traveling from Scythia to the Nile, which aligns with the core truth of the expected output. However, it lacks the explicit phrasing of the question and answer format present in the expected output, which diminishes clarity. Additionally, while the output provides relevant context about Aristotle's observations, it could be more concise to better match the expected output's directness."
Who starred in The Phantom of the Opera?,Claude Rains and Nelson Eddy starred in the 1943 remake of The Phantom of the Opera.,The correct answer to the question 'Who starred in The Phantom of the Opera?' is: Lon Chaney,0.22867314319573112,"The actual output mentions Claude Rains and Nelson Eddy as stars of the 1943 remake, which is incorrect as the expected output identifies Lon Chaney as the star of the original 1925 film. While the actual output provides some relevant context about the remake, it fails to address the core truth of the expected output, which is specifically about the original film's star."
What was the title of Buckcherry's 2007 hit single?,"""Sorry""","The correct answer to the question 'What was the title of Buckcherry's 2007 hit single?' is: ""Sorry""",0.7397504875902043,"The actual output correctly identifies the title of Buckcherry's 2007 hit single as 'Sorry', which aligns with the core truth of the expected output. However, it lacks the additional context and structure provided in the expected output, which explicitly states the question and presents the answer in a complete sentence. While the core truth is present, the response could be improved by including more detail or context to enhance clarity."
Do teens smoke marijuana or cigarettes more commonly?,Teens smoke marijuana (15.2%) more commonly than cigarettes (11.7%).,The correct answer to the question 'Do teens smoke marijuana or cigarettes more commonly?' is: marijuana,0.7972017001651609,"The actual output correctly identifies that teens smoke marijuana more commonly than cigarettes, aligning with the core truth of the expected output. It provides specific percentages (15.2% for marijuana and 11.7% for cigarettes), which adds relevant detail from the retrieval context. However, while it answers the question, it could be more concise and directly state 'marijuana' as the answer, as the expected output does."
An insect's body is divided into what kind of units?,"An insect's body is divided into three units: head, thorax, and abdomen.",The correct answer to the question 'An insect's body is divided into what kind of units?' is: interconnected,0.25400278639663226,"The actual output correctly identifies the three units of an insect's body (head, thorax, abdomen), but it fails to address the core truth of the expected output, which states that the answer should be 'interconnected.' The actual output does not mention the interconnected nature of these units, which is a key aspect of the expected response. Additionally, while the actual output provides accurate information, it does not include any additional relevant details from the retrieval context that would enhance the answer without deviating from the core truth."
"What is the Premier League's ""Basic Award Fund"" for?","The Premier League's ""Basic Award Fund"" provides a guaranteed sum to clubs competing in the Premier League.","The correct answer to the question 'What is the Premier League's ""Basic Award Fund"" for?' is: competing in the Premier League",0.7781527287198069,"The actual output correctly identifies that the Premier League's 'Basic Award Fund' provides a guaranteed sum to clubs competing in the Premier League, which aligns with the core truth of the expected output. However, while it includes relevant details about the fund's purpose, it could be more concise by directly stating that the fund is for 'competing in the Premier League' as the expected output does. Overall, it provides a comprehensive understanding of the fund's role, but slightly deviates from the succinctness of the expected answer."
When was the Kingdom of Pontus founded?,291 BC,The correct answer to the question 'When was the Kingdom of Pontus founded?' is: 291 BC,0.7821105001675183,"The actual output provides the correct founding year of the Kingdom of Pontus, which aligns with the expected output. However, it lacks the explicit phrasing that identifies it as the answer to the question, which diminishes clarity. While the core truth is present, the absence of a complete sentence format in the actual output means it does not fully meet the expectations for articulation."
What was the first title published in that joint line of comics?,"The first title published in that joint line of comics was ""Marvel Mystery Comics"" #55 (May 1944).","The correct answer to the question 'What was the first title published in that joint line of comics?' is: ""Seekers of the Weird""",0.16989040907771333,"The actual output provides a title, 'Marvel Mystery Comics' #55, which is not the correct answer to the question about the first title published in the joint line of comics. While it does mention a comic title, it fails to address the expected output of 'Seekers of the Weird.' The response lacks alignment with the core truth of the expected output and does not include relevant details from the retrieval context that would support the correct answer."
How big would an antenna be used to with with one m wavelengths?,An antenna for a 1 m wavelength would be approximately 0.25 m (25 cm) long for a quarter-wave monopole.,The correct answer to the question 'How big would an antenna be used to with with one m wavelengths?' is: 50 cm,0.38881149020750444,"The actual output provides a calculation for a quarter-wave monopole antenna, stating it would be approximately 0.25 m long for a 1 m wavelength. However, this contradicts the expected output, which states the antenna should be 50 cm long. While the actual output includes relevant details about monopole antennas, it fails to align with the core truth of the expected output, leading to a significant discrepancy in the answer."
"Are British and American English regarded as distinct languages, or dialects of a single language?",British and American English are regarded as dialects of a single language.,"The correct answer to the question 'Are British and American English regarded as distinct languages, or dialects of a single language?' is: dialects of a single language",0.8123282365028259,"The actual output correctly identifies British and American English as dialects of a single language, which aligns with the core truth of the expected output. However, it lacks the explicit phrasing of the expected output, which could enhance clarity. While the response is accurate, it could benefit from a more direct connection to the question posed, as well as incorporating additional context from the retrieval context to provide a richer understanding of the classification debate."
Which person in the Joint Forces Command supports the Chief of the Defence Staff?,The Vice Chief of the Defence Staff supports the Chief of the Defence Staff.,The correct answer to the question 'Which person in the Joint Forces Command supports the Chief of the Defence Staff?' is: the Commander,0.44519997627958025,"The actual output identifies the Vice Chief of the Defence Staff as a supporter of the Chief of the Defence Staff, which is relevant but does not directly answer the expected question about who supports the Chief in the Joint Forces Command. While it provides some accurate information, it lacks the specificity of naming the Commander, which is the core truth of the expected output. Additionally, it does not include further relevant details from the retrieval context that could enhance the response."
What is The Hub's nickname?,"""The Broadway of the Bronx.""","The correct answer to the question 'What is The Hub's nickname?' is: ""the Broadway of the Bronx""",0.8386260204506847,"The actual output correctly identifies The Hub's nickname as 'the Broadway of the Bronx', which aligns with the core truth of the expected output. However, it lacks the additional context provided in the expected output, such as explicitly stating that this is the answer to the question posed. While the response is accurate, it could be improved by including a more comprehensive framing that directly addresses the question."
After the team moved to what city were the cannon left off the crest?,Highbury (1913).,The correct answer to the question 'After the team moved to what city were the cannon left off the crest?' is: Highbury,0.7927283878382644,"The actual output correctly identifies 'Highbury' as the answer to the question, aligning with the core truth of the expected output. However, it lacks the explicit context of the question and the phrase 'the correct answer to the question' found in the expected output. While it provides a concise answer, it could benefit from a more comprehensive presentation that includes the context of the question to enhance clarity."
The Big Bang model is solidly established in what?,The Big Bang model is solidly established in cosmology.,The correct answer to the question 'The Big Bang model is solidly established in what?' is: cosmology,0.6219379742968655,"The actual output correctly identifies that the Big Bang model is established in cosmology, which aligns with the core truth of the expected output. However, it lacks the explicit phrasing of the question and answer format present in the expected output. While the retrieval context provides additional relevant details about the Big Bang and its implications, the actual output does not fully encapsulate the expected response's clarity and structure."
In what year did the concept of red and blue states become relatively fixed?,2000,The correct answer to the question 'In what year did the concept of red and blue states become relatively fixed?' is: 2000,0.8149365280167082,"The actual output provides the correct year, 2000, which aligns with the core truth of the expected output. However, it lacks the additional context and clarity present in the expected output, which explicitly states the question and provides a complete sentence. While the core truth is present, the response could be improved by including more detail from the retrieval context to enhance understanding."
What type of community is it?,"The community described is diverse, with a mix of religious groups (predominantly Roman Catholic, Jews, Black Baptists, and Pentecostals), and it includes various nonprofit organizations serving both members and the broader community.",The correct answer to the question 'What type of community is it?' is: fastest growing,0.2790452685059239,"The actual output provides a description of the community's diversity and religious groups, which is somewhat relevant but does not address the core truth of the expected output, which states that the community is the 'fastest growing.' While it includes additional details about nonprofit organizations, it fails to answer the specific question posed, leading to a significant misalignment with the evaluation steps."
What does .org on a URL mean?,".org indicates a non-commercial organization that doesn't fit into other specific TLD categories, as per RFC 1591.",The correct answer to the question 'What does .org on a URL mean?' is: organizations that didn't fit anywhere else,0.739317485792673,"The actual output correctly identifies that .org is for non-commercial organizations and aligns with the core truth of the expected output. However, it provides additional context from RFC 1591, which, while informative, slightly diverges from the simplicity of the expected answer. The core truth is present, but the added details may detract from the clarity of the response."
What are the two examples give for justifications and values for occupational choices?,Workplace satisfaction and overall quality of life.,The correct answer to the question 'What are the two examples give for justifications and values for occupational choices?' is: workplace satisfaction and overall quality of life,0.8457391332655382,"The actual output correctly identifies 'workplace satisfaction and overall quality of life' as the two examples for justifications and values for occupational choices, which aligns with the expected output. However, it lacks the introductory context that explicitly states it is answering the question posed, which slightly diminishes its clarity and completeness."
What was the occupation of Yvonne Fletcher?,The information provided does not mention Yvonne Fletcher or her occupation.,The correct answer to the question 'What was the occupation of Yvonne Fletcher?' is: policewoman,0.031952091427545945,"The actual output fails to address the core truth of the expected output, which is to identify Yvonne Fletcher's occupation as a policewoman. Instead, it incorrectly states that the information does not mention her or her occupation, which does not provide any relevant details or enhance understanding of the question."
What maritime advantage did the Kalingans have?,"The Kalingans, under Khārabēḷa, had a formidable maritime reach with extensive trade routes connecting them to regions like Sri Lanka, Myanmar, Thailand, Vietnam, Cambodia, Malaysia, Borneo, Bali, Sumatra, and Java.",The correct answer to the question 'What maritime advantage did the Kalingans have?' is: trade routes,0.7654571253723071,"The actual output effectively identifies the Kalingans' maritime advantage by highlighting their extensive trade routes, which aligns with the expected output. However, while it provides a wealth of additional context about the regions connected by these routes, it could be seen as slightly verbose, potentially detracting from the simplicity of the core truth that the advantage lies in 'trade routes.' Overall, the response is informative and relevant, enhancing understanding without misleading."
What king's charter recognized Southampton as its own county?,King Charles I's charter recognized Southampton as its own county.,The correct answer to the question 'What king's charter recognized Southampton as its own county?' is: Charles I,0.7257502914212541,"The actual output correctly identifies King Charles I's charter as the source that recognized Southampton as its own county, which aligns with the core truth of the expected output. However, it lacks the explicit phrasing of the expected output, which directly answers the question by stating 'Charles I'. While the additional context about the charter's details is relevant, it could detract from the clarity of the core answer."
The Emerald necklace is a string of what?,Parks designed by Frederick Law Olmsted.,The correct answer to the question 'The Emerald necklace is a string of what?' is: parks,0.6530979035709159,"The actual output identifies the parks designed by Frederick Law Olmsted, which aligns with the core truth of the expected output regarding the Emerald Necklace being a string of parks. However, it lacks the explicit connection to the question posed in the expected output, which directly states that the answer is 'parks.' While the actual output provides relevant context about Olmsted's design, it does not clearly affirm the answer to the question, which slightly diminishes its effectiveness."
Where was the water brought from by the friars' supply system?,The water was brought from Conduit Head.,The correct answer to the question 'Where was the water brought from by the friars' supply system?' is: Conduit Head,0.8038097780706546,"The actual output correctly identifies 'Conduit Head' as the source of the water, aligning with the core truth of the expected output. However, it lacks the explicit phrasing of the question and the structured format of the expected answer, which diminishes its clarity. While it provides a direct answer, it does not include the additional context or details from the retrieval context that could enhance understanding, such as the historical significance of the water supply system."
How are the words bitumen and asphalt frequently used?,"Bitumen and asphalt are often used interchangeably to refer to both natural and manufactured forms of the substance. In American English, asphalt refers to the refined product from crude oil, while outside the U.S., it's typically called bitumen.",The correct answer to the question 'How are the words bitumen and asphalt frequently used?' is: interchangeably,0.5885956768510833,"The actual output correctly identifies that bitumen and asphalt are often used interchangeably, which aligns with the core truth of the expected output. However, it provides excessive detail about the differences in terminology and usage in various English dialects, which, while informative, detracts from the simplicity of the expected answer. The additional context does not enhance understanding of the core message but rather complicates it."
What is wrestling sometimes called?,Pro wrestling.,"The correct answer to the question 'What is wrestling sometimes called?' is: ""soap opera for males""",0.22868065737604054,"The actual output 'Pro wrestling' does not address the core truth of the expected output, which is to provide a specific phrase describing wrestling as 'soap opera for males.' While the actual output mentions pro wrestling, it lacks the necessary detail and context to enhance understanding or provide a comprehensive answer to the question posed."
What was issued to halt the use of higher currency denomations?,"The Han dynasty issued a lighter bronze coin in 182 BC, which caused inflation, leading to the reinstatement of private coin minting in 175 BC.",The correct answer to the question 'What was issued to halt the use of higher currency denomations?' is: an executive order,0.2663835037851171,"The actual output provides historical context about the Han dynasty's coinage and inflation, but it fails to address the core truth of the expected output, which specifically states that an executive order was issued to halt the use of higher currency denominations. While the actual output contains relevant details, it does not answer the question posed in the expected output, leading to a significant misalignment."
Israel withdrew from where?,Israel withdrew from the Sinai Peninsula.,The correct answer to the question 'Israel withdrew from where?' is: Sinai Peninsula,0.8098861219478073,"The actual output correctly identifies the location from which Israel withdrew, aligning with the expected output. However, it lacks the explicit phrasing of the question and answer format present in the expected output, which could enhance clarity. The additional context provided in the retrieval context is relevant and informative, but the core truth is adequately represented in the actual output."
What denomination do the Brethren originate from?,The Brethren originate from Anglicanism.,The correct answer to the question 'What denomination do the Brethren originate from?' is: Anglicanism,0.7838906193749181,"The actual output correctly identifies that the Brethren originate from Anglicanism, which aligns with the core truth of the expected output. However, it lacks the explicit phrasing of the expected output, which states the answer in a more formal manner. While the actual output is accurate, it could benefit from additional context or detail from the retrieval context to enhance its comprehensiveness."
What literary events were believed to be a fact of truth ?,"Examples of misconceptions include the belief that medieval people thought the Earth was flat, that the Church prohibited autopsies, and that Christianity suppressed ancient science.",The correct answer to the question 'What literary events were believed to be a fact of truth ?' is: The Homeric Epics (i.e. Iliad and Odyssey) were especially and generally accepted as part of the Greek past,0.16062881405199603,"The actual output does not address the core truth of the expected output, which specifically relates to literary events and the acceptance of the Homeric Epics as part of Greek history. Instead, it discusses misconceptions about medieval beliefs, which is unrelated to the question posed. While the actual output is informative, it fails to connect with the expected answer, leading to a low score."
How much was the financial cost of the damages of the 2007 natural disaster in Burma ?,The financial cost of the damages from Cyclone Nargis in 2008 was 10 billion US Dollars.,The correct answer to the question 'How much was the financial cost of the damages of the 2007 natural disaster in Burma ?' is: 10 billion US Dollars,0.7422245640816393,"The actual output correctly identifies the financial cost of the damages from Cyclone Nargis as 10 billion US Dollars, which aligns with the core truth of the expected output. However, it lacks the explicit context of the question regarding the 2007 natural disaster in Burma, which could lead to confusion about the timing of the event. While the output is factually accurate, it does not fully articulate the connection to the question, slightly diminishing its effectiveness."
What type of offense was the harm of a tribute treated as?,The harm of a tribute was treated as murder committed for magical purposes.,The correct answer to the question 'What type of offense was the harm of a tribute treated as?' is: capital offense,0.38355352627154066,"The actual output identifies the harm of a tribute as murder for magical purposes, which is related to the expected output's classification of it as a capital offense. However, it does not directly answer the question posed in the expected output, which specifically asks for the type of offense. While it provides some relevant context, it lacks clarity and does not fully align with the core truth of the expected output."
What North Carolina City hosts the Merlefest?,Wilkesboro,The correct answer to the question 'What North Carolina City hosts the Merlefest?' is: Wilkesboro,0.7715555758310506,"The actual output correctly identifies Wilkesboro as the city hosting Merlefest, aligning with the core truth of the expected output. However, it lacks the additional context provided in the expected output, which explicitly states the question and the answer format. While the actual output is concise, it could benefit from a more comprehensive presentation that includes the question for clarity."
What harmed the music industry in the 20th century according to Shawn Vancour?,The commercialization of classical music harmed the music industry through inadequate representation.,The correct answer to the question 'What harmed the music industry in the 20th century according to Shawn Vancour?' is: the commercialization of classical music,0.694361625986154,"The actual output correctly identifies the commercialization of classical music as a harmful factor for the music industry, aligning with the core truth of the expected output. However, it introduces the phrase 'through inadequate representation,' which, while relevant, slightly diverges from the straightforward answer expected. The additional detail does not detract from the core truth but could be seen as unnecessary for a direct response to the question posed."
In what year did Strasbourg declare itself a free republic? ,Strasbourg declared itself a free republic in 1918.,The correct answer to the question 'In what year did Strasbourg declare itself a free republic? ' is: 1332,0.1360187430616688,"The actual output provides an incorrect year (1918) for Strasbourg declaring itself a free republic, while the expected output states the year as 1332. The core truth of the expected output is not present in the actual output, leading to a significant misalignment. Additionally, the actual output does not include relevant details from the retrieval context that could have clarified the historical significance of the correct year."
Where do brushes get their power?,Brushes get their power from an external electric power source connected to the rotating armature through the commutator.,The correct answer to the question 'Where do brushes get their power?' is: external,0.7401807976368286,"The actual output correctly identifies that brushes get their power from an external electric power source, which aligns with the core truth of the expected output. However, it provides additional context about the role of the commutator and the flow of current, which, while informative, slightly diverges from the simplicity of the expected answer. The response is comprehensive and enhances understanding, but it could be more concise to match the expected output's directness."
What is the rating for the hardness of Hyderabad's water?,The hardness of Hyderabad's water can be up to 1000 ppm.,The correct answer to the question 'What is the rating for the hardness of Hyderabad's water?' is: 1000 ppm,0.800603183175894,"The actual output correctly identifies the hardness of Hyderabad's water as 1000 ppm, which aligns with the expected output. However, it lacks the explicit phrasing of the question and the phrase 'the correct answer to the question' that would enhance clarity and directly connect to the expected output. While the core truth is present, the response could be improved by including more context or phrasing that reinforces the answer's relevance to the question asked."
What country's ships did some witnesses say were involved in the Baarawe attack?,French.,The correct answer to the question 'What country's ships did some witnesses say were involved in the Baarawe attack?' is: French,0.8314001223055248,"The actual output correctly identifies 'French' as the answer to the question regarding the ships involved in the Baarawe attack, aligning well with the expected output. However, it lacks the additional context provided in the retrieval context that could enhance understanding, such as the details about the operation and the witnesses' claims. Including this context would have strengthened the response without detracting from the core truth."
What were the names given to the various dialects predating the 19th century?,"The dialects predating the 19th century included:

1. Old English (Mercian, Northumbrian, Kentish, West Saxon)
2. Old Dutch (Frisian, Saxon, Franconian)
3. Anglo-Frisian dialects (Angles, Saxons, Jutes)","The correct answer to the question 'What were the names given to the various dialects predating the 19th century?' is: ""Illyric"", ""Slavic"", ""Slavonian"", ""Bosnian"", ""Dalmatian"", ""Serbian"" or ""Croatian""",0.18499789156479815,"The actual output lists dialects predating the 19th century, but it does not align with the expected output, which specifies different dialects. While the actual output provides some relevant historical context, it fails to address the core truth of the expected output, resulting in a significant misalignment."
What is the economical magazine in Namibia?,The weekly Namibia Economist.,The correct answer to the question 'What is the economical magazine in Namibia?' is: Namibia Economist,0.7440570851738656,"The actual output correctly identifies 'Namibia Economist' as the economical magazine in Namibia, aligning well with the expected output. However, it lacks the explicit phrasing of the question and the introductory context provided in the expected output, which diminishes clarity. The retrieval context offers additional relevant information about other publications and the media landscape in Namibia, which enhances understanding but is not directly necessary for answering the core question."
In what season does the part of the growth-ring with smaller vessels form in ring-porous species?,Summer.,The correct answer to the question 'In what season does the part of the growth-ring with smaller vessels form in ring-porous species?' is: summer,0.7470649224748328,"The actual output 'Summer.' correctly identifies the core truth of the expected output, which is that summer is the season when the part of the growth-ring with smaller vessels forms in ring-porous species. However, it lacks the additional context provided in the expected output that clarifies the answer's relevance to the specific question asked. While the response is accurate, it could be improved by including a more complete articulation of the answer as seen in the expected output."
Where was the The Maratha Empire centralized?,"The Maratha Empire was centralized in southwestern India, primarily in present-day Maharashtra.",The correct answer to the question 'Where was the The Maratha Empire centralized?' is: south west of present-day India,0.7894527569120561,"The actual output correctly identifies the Maratha Empire's centralization in southwestern India, aligning with the expected output's core truth. It provides a more specific location (present-day Maharashtra) and additional context about the empire's significance and expansion, which enhances the response without deviating from the main question. However, it could have more closely mirrored the phrasing of the expected output for a perfect score."
What are free ISPs similar to? ,Free ISPs are similar to commercial television in that they sell users' attention to advertisers.,The correct answer to the question 'What are free ISPs similar to? ' is: commercial television,0.6390297893486466,"The actual output identifies that free ISPs are similar to commercial television, which aligns with the expected output's core truth. However, it does not explicitly state that commercial television is the answer to the question posed, which slightly detracts from clarity. The additional detail about selling users' attention enhances understanding but could be seen as somewhat tangential to the core message."
What case is the grammatical object of a verb?,Accusative case.,The correct answer to the question 'What case is the grammatical object of a verb?' is: accusative,0.6636472809744501,"The actual output correctly identifies the accusative case, which aligns with the core truth of the expected output. However, it lacks the additional context provided in the expected output, such as the specific question it answers. While the response is accurate, it could be more comprehensive by including the phrasing of the question and a clearer connection to the grammatical role of the accusative case as the object of a verb."
In what year did the Ocean Stars first compete in the Olympics?,1972,The correct answer to the question 'In what year did the Ocean Stars first compete in the Olympics?' is: 1972,0.8438655046593247,"The actual output provides the correct year, 1972, which aligns with the expected output. However, it lacks the explanatory context present in the expected output, which explicitly states the question being answered. While the core truth is maintained, the response could have included additional details from the retrieval context to enhance understanding, such as mentioning the Ocean Stars' participation in the Olympics, which would have made the answer more comprehensive."
Is DDT 100% guaranteed to work?,"No, DDT is not 100% guaranteed to work; resistance was noted as early as 1955, and by 1972, nineteen mosquito species were resistant.",The correct answer to the question 'Is DDT 100% guaranteed to work?' is: DDT use is not always effective,0.7727679651101208,"The actual output correctly identifies that DDT is not 100% guaranteed to work, aligning with the core truth of the expected output. It provides additional context about the history of resistance to DDT, which enhances understanding. However, it could have more closely mirrored the phrasing of the expected output by explicitly stating that DDT use is not always effective, which would have strengthened the alignment further."
WHo would pay for expenses during travels or the royal courts?,The king and the court would pay for all expenses during travels.,The correct answer to the question 'WHo would pay for expenses during travels or the royal courts?' is: the king and the court,0.7926991037354432,"The actual output correctly identifies that 'the king and the court' would pay for expenses during travels, which aligns with the core truth of the expected output. However, it lacks the explicit framing of the question and the phrase 'the correct answer to the question', which diminishes its clarity. The additional detail about expenses being covered during travels is relevant and enhances the response without detracting from the core truth."
What was established in the city of Paldiski?,The provided information does not mention anything about Paldiski.,The correct answer to the question 'What was established in the city of Paldiski?' is: A notable closed military installation,0.16407142260118696,"The actual output fails to address the core truth of the expected output, which states that a notable closed military installation was established in Paldiski. Instead, it only notes the absence of information about Paldiski, which does not provide any relevant answer to the question posed. While it is clear and concise, it does not fulfill the requirement of accurately representing the expected output."
How many total groups of indigenous peoples are in Bolivia?,Bolivia recognizes 50 indigenous peoples.,The correct answer to the question 'How many total groups of indigenous peoples are in Bolivia?' is: fifty,0.7165989577424048,"The actual output correctly identifies that Bolivia recognizes 50 indigenous peoples, which aligns with the core truth of the expected output. However, it lacks the explicit phrasing of 'fifty' as requested in the expected output, which diminishes its alignment slightly. The additional context provided in the retrieval context supports the answer, enhancing its relevance and detail."
Which war was the cannon used in prior to this event?,First Balkan War (1912).,The correct answer to the question 'Which war was the cannon used in prior to this event?' is: First Balkan War in 1912,0.648208366303952,"The actual output correctly identifies the First Balkan War in 1912, which aligns with the core truth of the expected output. However, it lacks the explicit phrasing of the question and the complete structure of the expected answer, which diminishes clarity. While it provides the correct information, it does not fully articulate the answer as required, missing the context of the question posed."
"Aside from Plymouth High School for Girls and Devonport High School for Boys, what state grammar school is present in Plymouth?",Devonport High School for Girls.,"The correct answer to the question 'Aside from Plymouth High School for Girls and Devonport High School for Boys, what state grammar school is present in Plymouth?' is: Devonport High School for Girls",0.7935860403916516,"The actual output correctly identifies 'Devonport High School for Girls' as the answer to the question, aligning with the core truth of the expected output. However, it lacks the introductory context provided in the expected output, which explicitly states the question and the answer format. While it is concise, it could benefit from a more comprehensive presentation that includes the question for clarity."
What is New Jersey's largest daily paper?,New Jersey's largest daily newspaper is the Star-Ledger.,The correct answer to the question 'What is New Jersey's largest daily paper?' is: the Star-Ledger,0.8611939759679819,"The actual output correctly identifies the Star-Ledger as New Jersey's largest daily newspaper, aligning with the core truth of the expected output. However, it lacks the explicit phrasing of the expected output, which includes the question context. While it provides the correct answer, it could have been more comprehensive by incorporating the question format to enhance clarity."
What type of bridge is replacing the old Q Bridge?,An extradosed bridge.,The correct answer to the question 'What type of bridge is replacing the old Q Bridge?' is: an extradosed bridge,0.8323658225270499,"The actual output correctly identifies the type of bridge replacing the old Q Bridge as an 'extradosed bridge,' which aligns with the expected output. However, it lacks the introductory context that explicitly states it is the answer to the question posed, which would enhance clarity. While the retrieval context provides relevant information about the bridge's construction, the actual output could have included a brief mention of the Q Bridge to strengthen its connection to the question."
Where did Dell move its call centers?,Dell moved its call centers offshore to cut costs.,The correct answer to the question 'Where did Dell move its call centers?' is: offshore,0.6589869942325934,"The actual output correctly identifies that Dell moved its call centers offshore, which aligns with the core truth of the expected output. However, it lacks the explicit mention of the answer to the question 'Where did Dell move its call centers?' as simply 'offshore,' which is the expected format. While the additional context about cost-cutting is relevant, it does not enhance the clarity of the core message as effectively as a direct answer would."
Who did Torii Mototada serve?,Tokugawa Ieyasu.,The correct answer to the question 'Who did Torii Mototada serve?' is: Tokugawa Ieyasu,0.8652058877299819,"The actual output correctly identifies Tokugawa Ieyasu as the answer to the question about who Torii Mototada served, aligning with the expected output. However, it lacks the explicit phrasing found in the expected output, which states the answer in a complete sentence. While the core truth is present, the absence of additional context or detail from the retrieval context limits the depth of understanding provided in the response."
"Compared to the rates of cell division in eukaryotes, with what speed does binary fission occur?",Binary fission occurs much faster than eukaryotic cell division.,"The correct answer to the question 'Compared to the rates of cell division in eukaryotes, with what speed does binary fission occur?' is: extremely fast",0.7,"The actual output correctly identifies that binary fission occurs much faster than eukaryotic cell division, which aligns with the core truth of the expected output. However, it lacks the specific phrasing 'extremely fast' and does not explicitly answer the question posed in the expected output. While it provides relevant context about the speed of binary fission, it could be more concise and directly address the expected answer."
Who has disagreed with this connotation of the word?,"Critics of the War on Terror have disagreed with the connotation of ""war,"" arguing it's inappropriate due to the lack of an identifiable enemy. Additionally, some leading critical theorists, including Bruno Latour, have questioned the implications of social construction arguments they previously supported.",The correct answer to the question 'Who has disagreed with this connotation of the word?' is: Gellius,0.20662211400014371,"The actual output mentions critics of the War on Terror and their disagreement with the connotation of 'war,' but it fails to identify Gellius as the specific individual who disagreed, which is the core truth of the expected output. While it provides some relevant context about the criticisms, it does not enhance understanding of the expected answer and ultimately misrepresents the focus of the question."
"In New Zealand, what were important browsers, as the kereru and kokako are today?",The moas were important browsers in New Zealand.,"The correct answer to the question 'In New Zealand, what were important browsers, as the kereru and kokako are today?' is: moas",0.729220106261763,"The actual output correctly identifies moas as important browsers in New Zealand, aligning with the core truth of the expected output. However, it lacks the explicit connection to the question posed, which diminishes its clarity. While the retrieval context provides relevant ecological information about moas, the actual output could have better integrated this context to enhance understanding."
Which mineral found in Galicia were the Romans interested in?,Gold.,The correct answer to the question 'Which mineral found in Galicia were the Romans interested in?' is: gold,0.8430822481111372,"The actual output correctly identifies 'gold' as the mineral of interest to the Romans in Galicia, aligning well with the expected output. However, it lacks the additional context provided in the expected output, such as the phrasing and the explicit mention of the question. While it is concise, it could benefit from a more comprehensive articulation that includes the context of the question."
What does Triangle Transit offer?,"Triangle Transit offers scheduled regional and commuter bus service between Raleigh and nearby cities, airport connections, and a vanpool/rideshare program.","The correct answer to the question 'What does Triangle Transit offer?' is: scheduled, fixed-route regional and commuter bus service",0.6761171580821831,"The actual output correctly identifies that Triangle Transit offers scheduled regional and commuter bus service, which aligns with the core truth of the expected output. However, it includes additional details about airport connections and a vanpool/rideshare program that, while relevant, detract from the focus on the core service of fixed-route bus service. This additional information could confuse the reader regarding the primary offering."
When did youtube become available on Apple products?,YouTube became available on Apple products in June 2007.,The correct answer to the question 'When did youtube become available on Apple products?' is: June 2007,0.8364266545203117,"The actual output correctly identifies the core truth that YouTube became available on Apple products in June 2007, which aligns with the expected output. However, it lacks the explicit framing of the answer as a response to the question posed, which is a minor shortcoming. The additional context provided in the retrieval context enhances understanding but is not directly referenced in the output."
What did John do during the truce of 1206-1208?,"During the truce of 1206-1208, John focused on building his financial and military resources for a future attempt to recapture Normandy.",The correct answer to the question 'What did John do during the truce of 1206-1208?' is: focused on building up his financial and military resources,0.8609085379293948,"The actual output accurately captures the core truth of the expected output by stating that John focused on building his financial and military resources during the truce of 1206-1208. It aligns closely with the expected response, which emphasizes the same focus. Additionally, the retrieval context provides relevant details that enhance understanding, such as John's preparations for future military campaigns and alliances, although the actual output could have briefly mentioned these aspects for a more comprehensive response."
Where was Adolf Hitler born?,"Adolf Hitler was born in Braunau am Inn, Austria.",The correct answer to the question 'Where was Adolf Hitler born?' is: Austrian,0.4234810546553921,"The actual output correctly identifies the birthplace of Adolf Hitler as Braunau am Inn, Austria, which aligns with the expected output's core truth that he was born in Austria. However, it fails to explicitly state 'Austrian' as the answer to the question posed, which is a key detail in the expected output. While the additional context about Hitler's life is informative, it does not enhance the core truth needed for a complete answer."
Who was it that claimed Hayek's The Constitution of Liberty to be an thorough example of neoliberal philosophy?,Samuel Brittan claimed that Hayek's The Constitution of Liberty is a comprehensive statement of neoliberal philosophy.,The correct answer to the question 'Who was it that claimed Hayek's The Constitution of Liberty to be an thorough example of neoliberal philosophy?' is: Samuel Brittan,0.73181373220861,"The actual output correctly identifies Samuel Brittan as the individual who claimed that Hayek's The Constitution of Liberty is a comprehensive statement of neoliberal philosophy, aligning with the core truth of the expected output. However, it lacks the explicit phrasing of the question and the direct answer format requested in the expected output, which diminishes its clarity and alignment with the evaluation steps."
What constraints kept HDTV from being widely adopted in the 90's?,"Technical and economic constraints, including limited bandwidth for analog HDTV, hindered widespread adoption in the 1990s.",The correct answer to the question 'What constraints kept HDTV from being widely adopted in the 90's?' is: technical and economic,0.7155062115512197,"The actual output correctly identifies the core truth regarding the constraints on HDTV adoption in the 1990s, specifically mentioning 'technical and economic constraints.' However, it provides additional context about limited bandwidth, which, while relevant, diverges slightly from the simplicity of the expected output. The core answer is present, but the extra detail may detract from the clarity of the response."
What percentage of New Yorkers are Christians?,57% of New Yorkers identified themselves as Christians in 2014.,The correct answer to the question 'What percentage of New Yorkers are Christians?' is: 59%,0.42403563620533113,"The actual output states that 57% of New Yorkers identified as Christians in 2014, which is incorrect compared to the expected output of 59%. While the actual output provides a specific percentage, it does not align with the expected answer, failing to accurately represent the core truth. Additionally, the retrieval context supports the expected output but is not reflected in the actual output, which lacks relevant details that could enhance understanding."
Who was defeated at the Battle of Sellasia?,Cleomenes III of Sparta was defeated at the Battle of Sellasia.,The correct answer to the question 'Who was defeated at the Battle of Sellasia?' is: Sparta,0.44115823951910144,"The actual output identifies Cleomenes III of Sparta as the individual defeated at the Battle of Sellasia, which aligns with the core truth of the expected output. However, it fails to directly answer the question posed in the expected output, which specifically asks for 'who' was defeated, instead providing a more general statement about Sparta. While the context provides relevant historical details, the actual output does not fully meet the clarity and specificity required by the evaluation steps."
In what year did John Charles Thring come up with rules that were influential?,John Charles Thring developed influential rules in 1885.,The correct answer to the question 'In what year did John Charles Thring come up with rules that were influential?' is: 1862,0.08350462401146377,"The actual output states that John Charles Thring developed influential rules in 1885, which is incorrect and does not align with the expected output that specifies the year as 1862. The core truth of the expected output is not present in the actual output, leading to a complete misalignment."
What was the design for low cost data encryption named?,The text provided does not specify a design for low-cost data encryption.,The correct answer to the question 'What was the design for low cost data encryption named?' is: Secure Blue,0.07055357413073851,"The actual output fails to address the core truth of the expected output, which is the name of the design for low-cost data encryption, 'Secure Blue.' Instead, it states that the text does not specify a design, which does not provide any relevant information or context related to the question. There is no alignment with the expected answer, and the response does not enhance understanding of the topic."
What does midho mean in English?,"The provided information does not define ""midho."" Please clarify or provide additional context.",The correct answer to the question 'What does midho mean in English?' is: lyricists,0.19362486746700988,"The actual output fails to provide the core truth of the expected output, which is the meaning of 'midho' as 'lyricists.' Instead, it requests clarification, indicating a lack of understanding or information. While it acknowledges the need for more context, it does not address the question directly, resulting in a significant shortcoming in alignment with the evaluation steps."
"What are typically regarded as ""runways at sea""?","Aircraft carriers are typically regarded as ""runways at sea.""","The correct answer to the question 'What are typically regarded as ""runways at sea""?' is: aircraft carriers",0.6078392179519493,"The actual output correctly identifies aircraft carriers as 'runways at sea,' which aligns with the core truth of the expected output. However, it lacks the explicit phrasing of the expected answer format, which directly states that aircraft carriers are the answer to the question posed. While the additional details about the functionality and characteristics of aircraft carriers enhance understanding, they could distract from the simplicity of the expected response."
Which of the four TB-causing bacteria do scientists think might be more common than we know?,M. microti might be more common than we know.,The correct answer to the question 'Which of the four TB-causing bacteria do scientists think might be more common than we know?' is: M. microti,0.584787944773949,"The actual output identifies M. microti as potentially more common, which aligns with the core truth of the expected output. However, it lacks the explicit phrasing of the question and the structured answer format found in the expected output. While it does provide a relevant insight, it does not fully encapsulate the clarity and completeness of the expected response."
How do many U.S. states handle wrestling?,"Many U.S. states regulate professional wrestling like other competitive sports, despite its predetermined nature.",The correct answer to the question 'How do many U.S. states handle wrestling?' is: many U.S. states still regulate professional wrestling as they do other professional competitive sports,0.8437823499114202,"The actual output accurately conveys the core truth that many U.S. states regulate professional wrestling similarly to other competitive sports, which aligns well with the expected output. However, it lacks the explicit phrasing of the question and the phrase 'the correct answer to the question,' which would have strengthened its alignment with the expected format. The additional context about the nature of professional wrestling is relevant but not necessary for answering the core question."
"Because the schedule in Israel was always changing, what did Microsoft do with the release of Windows 98?","Microsoft marked Israel as not having DST in Windows 98, requiring users to manually adjust clocks.","The correct answer to the question 'Because the schedule in Israel was always changing, what did Microsoft do with the release of Windows 98?' is: marked Israel as not having DST",0.8225925873128939,"The actual output correctly identifies that Microsoft marked Israel as not having DST in Windows 98, which aligns with the core truth of the expected output. It also provides additional context about the implications for users needing to manually adjust clocks, enhancing the detail of the response. However, while it remains focused on the core question, the additional context could be seen as slightly diverging from the simplicity of the expected output."
Where are Whitehead's works primarily studied in English-speaking countries?,Primarily at Claremont and select liberal graduate-level theology and philosophy programs.,The correct answer to the question 'Where are Whitehead's works primarily studied in English-speaking countries?' is: Claremont and a select number of liberal graduate-level theology and philosophy programs,0.8733043593513022,"The actual output correctly identifies Claremont and select liberal graduate-level theology and philosophy programs as the primary locations for studying Whitehead's works, aligning well with the expected output. However, it lacks the explicit phrasing of the question, which could enhance clarity and context. While it does not include misleading information, it could benefit from a slight elaboration to fully match the expected output's structure."
What event occured that automatically ranked Bermuda as the oldest remaining British Overseas Territory?,Newfoundland became part of Canada in 1949.,The correct answer to the question 'What event occured that automatically ranked Bermuda as the oldest remaining British Overseas Territory?' is: Newfoundland became part of Canada,0.577694088254915,"The actual output correctly identifies that Newfoundland became part of Canada, which is a key aspect of the expected output. However, it fails to directly address the question regarding Bermuda's status as the oldest remaining British Overseas Territory, which is central to the expected output. While the actual output is factually correct, it lacks the contextual connection to Bermuda that the expected output provides, resulting in a partial alignment with the evaluation steps."
How many moons does Neptune have?,Neptune has 14 known moons.,The correct answer to the question 'How many moons does Neptune have?' is: 14,0.8279950681560824,"The actual output correctly identifies that Neptune has 14 known moons, which aligns with the core truth of the expected output. However, it lacks the explicit phrasing of the expected output that states 'The correct answer to the question... is: 14', which would have enhanced clarity. The additional context provided in the retrieval context is relevant and informative, but the response could have been slightly more aligned with the expected format."
Repression of political opponants and police brutality are forms of political what?,Repression of political opponents and police brutality are forms of political violence.,The correct answer to the question 'Repression of political opponants and police brutality are forms of political what?' is: corruption,0.26712330711651233,"The actual output identifies political violence correctly but fails to address the expected output's core truth, which is corruption. It does not include relevant details from the retrieval context that could enhance the answer, nor does it provide a comprehensive explanation of the relationship between political violence and corruption."
In what year was Gregg v. Georgia decided?,1976.,The correct answer to the question 'In what year was Gregg v. Georgia decided?' is: 1976,0.7117967690191074,"The actual output correctly identifies the year 1976 as the decision year for Gregg v. Georgia, which aligns with the core truth of the expected output. However, it lacks the additional context provided in the expected output, such as the phrasing 'The correct answer to the question...' which adds clarity and formality. While the actual output is accurate, it could benefit from a more comprehensive presentation that includes the context of the question."
What two specific points of data do systems need to figure out to get local time?,Systems need the UTC time and the time zone information.,The correct answer to the question 'What two specific points of data do systems need to figure out to get local time?' is: date/time,0.5490190123064566,"The actual output identifies the need for UTC time and time zone information, which aligns with the core truth of the expected output regarding the data required to determine local time. However, it does not explicitly mention 'date/time' as the expected answer, which is a key detail. While the actual output provides relevant information, it lacks the specificity of the expected output, resulting in a moderate score."
What part of Catalonia did Spain give to France?,Northern Catalonia.,The correct answer to the question 'What part of Catalonia did Spain give to France?' is: northern part,0.7419879946780552,"The actual output correctly identifies 'Northern Catalonia' as the part of Catalonia ceded to France, which aligns with the core truth of the expected output. However, it lacks the explicit phrasing 'northern part' found in the expected output, which slightly diminishes its alignment. The response is concise and directly answers the question, but it could have included more context or details from the retrieval context to enhance its comprehensiveness."
What kind of clock have genetic functions?,Molecular circadian clocks have genetic functions.,The correct answer to the question 'What kind of clock have genetic functions?' is: biological clock,0.35,"The actual output mentions 'molecular circadian clocks' having genetic functions, which is related to the expected output about 'biological clock.' However, it does not directly answer the question posed in the expected output, which specifically asks for the type of clock with genetic functions. The response lacks clarity and does not fully capture the core truth of the expected output."
Who supposedly suffers no detrimental effects from classroom diversity?,Caucasian students.,The correct answer to the question 'Who supposedly suffers no detrimental effects from classroom diversity?' is: Caucasian students,0.751255197239187,"The actual output correctly identifies 'Caucasian students' as the group that supposedly suffers no detrimental effects from classroom diversity, aligning with the core truth of the expected output. However, it lacks the introductory phrase present in the expected output, which provides context for the answer. While the actual output is concise, it could benefit from a more comprehensive presentation that includes the question it answers, enhancing clarity and completeness."
Among which class did de Melo's reforms gain him the most enemies?,The high nobility.,The correct answer to the question 'Among which class did de Melo's reforms gain him the most enemies?' is: especially among the high nobility,0.5840374577473052,"The actual output correctly identifies the high nobility as the class among which de Melo's reforms gained him the most enemies, aligning with the core truth of the expected output. However, it lacks the additional context provided in the expected output, which specifies 'especially among the high nobility,' making it less comprehensive. While the response is accurate, it could have included more detail to enhance understanding, such as the reasons for the animosity from the high nobility."
What are the main exports of the island?,"The main exports of Saint Barthélemy include vegetables, cotton, pineapples, bananas, and fish.",The correct answer to the question 'What are the main exports of the island?' is: fish and coffee,0.3287824391158177,"The actual output identifies some exports of Saint Barthélemy, but it fails to mention coffee, which is a key part of the expected output. While it provides additional details about various exports, it does not align with the core truth of the expected answer, which specifically highlights fish and coffee as the main exports."
What was the military partnership between countries aligned with the Soviet Union called?,The military partnership was called the Warsaw Pact.,The correct answer to the question 'What was the military partnership between countries aligned with the Soviet Union called?' is: the Warsaw Pact,0.7942312072790332,"The actual output correctly identifies the Warsaw Pact as the military partnership in question, aligning with the core truth of the expected output. However, it lacks the explicit framing of the answer as a response to the posed question, which diminishes its clarity. While it does not include additional relevant details from the retrieval context, it remains focused on the core answer, which is acceptable. Overall, the response is accurate but could be improved by explicitly stating it as the answer to the question."
What kind of aircraft is utilized by the USAF in Full Scale Aerial Targets?,The USAF uses QF-4 Phantom II and QF-16 aircraft as Full Scale Aerial Targets.,The correct answer to the question 'What kind of aircraft is utilized by the USAF in Full Scale Aerial Targets?' is: F-4 Phantom II,0.7270081685306443,"The actual output correctly identifies both the QF-4 Phantom II and QF-16 as aircraft used by the USAF for Full Scale Aerial Targets, which aligns with the core truth of the expected output. However, it introduces additional details about the QF-16 that, while relevant, may detract from the simplicity of the expected answer, which specifically mentions only the F-4 Phantom II. The response is comprehensive but could be seen as overly detailed for the straightforward question posed."
What is of major importance in Africa?,Trophy hunting is of major importance to conservation in Africa.,The correct answer to the question 'What is of major importance in Africa?' is: trophy hunting,0.7580258144466856,"The actual output correctly identifies trophy hunting as being of major importance to conservation in Africa, which aligns with the core truth of the expected output. However, it does not explicitly state that the correct answer to the question is 'trophy hunting', which is a key detail in the expected output. The additional context about the economic incentives of trophy hunting enhances the response but slightly deviates from the simplicity of the expected answer."
What type of poetry debuted in the Hellenistic period?,"New Comedy debuted in the Hellenistic period, characterized by domestic plots and colloquial language.",The correct answer to the question 'What type of poetry debuted in the Hellenistic period?' is: Alexandrian poetry,0.2120667606195718,"The actual output discusses New Comedy in the Hellenistic period, which is not relevant to the expected output about Alexandrian poetry. While it provides some historical context, it fails to address the core question regarding the type of poetry that debuted during this period, leading to a significant misalignment with the expected output."
What is the main component of drying the paper?,"The main component of drying paper is heat, typically from steam-heated can dryers.",The correct answer to the question 'What is the main component of drying the paper?' is: air,0.27728682736122945,"The actual output identifies heat as the main component of drying paper, which contradicts the expected output stating that air is the main component. While the actual output provides relevant details about drying mechanisms, it fails to align with the core truth of the expected output, leading to a significant misalignment."
What is a less systematic example?,"A less systematic example could be a narrative that employs nonlinear storytelling without a clear structure, surprising the reader with unexpected shifts in perspective or timeline.",The correct answer to the question 'What is a less systematic example?' is: túshūguǎn,0.08740926440342905,"The actual output does not address the expected output at all, which specifically states that the answer to 'What is a less systematic example?' is 'túshūguǎn'. Instead, it provides a description of nonlinear storytelling, which is unrelated to the expected answer. There is no alignment with the core truth defined in the evaluation steps."
What did France sign instead of joining the Commonwealth?,France signed the Treaty of Rome in 1957 instead of joining the Commonwealth.,The correct answer to the question 'What did France sign instead of joining the Commonwealth?' is: Treaty of Rome,0.7180128891838696,"The actual output correctly identifies the Treaty of Rome as the document France signed instead of joining the Commonwealth, aligning with the core truth of the expected output. However, it includes additional context about the discussions regarding the Commonwealth and the significance of the Treaty of Rome, which, while informative, slightly detracts from the simplicity of the expected answer. Overall, it provides a comprehensive response that answers the question correctly."
In what year was the Order of St. George founded?,1325,The correct answer to the question 'In what year was the Order of St. George founded?' is: 1325,0.7982859211018962,"The actual output provides the correct year, 1325, which aligns with the expected output's core truth regarding the founding of the Order of St. George. However, it lacks the additional context and clarity present in the expected output, which explicitly states the question and the answer format. While the core truth is present, the absence of a complete sentence diminishes the overall clarity and context for the reader."
From what census is this information from?,2000 and 2010 United States Census.,The correct answer to the question 'From what census is this information from?' is: 2012 census,0.12089544405298276,"The actual output mentions the 2000 and 2010 United States Census, but it fails to provide the correct answer to the question about the 2012 census, which is the expected output. The core truth of the expected output is not present, leading to a significant misalignment. While the actual output includes relevant census years, it does not address the specific question asked."
Who wrote 'The History of Armenia'?,Moses of Chorene.,The correct answer to the question 'Who wrote 'The History of Armenia'?' is: Moses of Chorene,0.7861814226587182,"The actual output correctly identifies Moses of Chorene as the author of 'The History of Armenia', aligning with the core truth of the expected output. However, it lacks the additional context provided in the expected output, which explicitly states the question being answered. While the retrieval context offers relevant historical details about Moses of Chorene and Armenian literature, the actual output could have been more comprehensive by incorporating a brief mention of the question for clarity."
When was secretprojectrevolution released?,"September 24, 2013.","The correct answer to the question 'When was secretprojectrevolution released?' is: September 24, 2013",0.853166680115226,"The actual output correctly identifies the release date of 'secretprojectrevolution' as September 24, 2013, which aligns with the core truth of the expected output. However, it lacks the explicit phrasing that connects it directly to the question asked, which diminishes clarity. While the output is accurate, it could benefit from a more direct articulation of the answer in relation to the question posed."
In what year was salt water taffy conceived?,1883,The correct answer to the question 'In what year was salt water taffy conceived?' is: 1883,0.8758721029345704,"The actual output provides the correct year, 1883, which aligns with the core truth of the expected output. However, it lacks the contextual framing present in the expected output, which explicitly states the question and provides a complete sentence. While the actual output is accurate, it could benefit from additional context to enhance clarity and completeness."
Schwarzenegger shows up as the President of the United States in what 2007 animated movie?,"Schwarzenegger appears as the President in the 2007 animated movie ""The Governator.""",The correct answer to the question 'Schwarzenegger shows up as the President of the United States in what 2007 animated movie?' is: The Simpsons Movie,0.1150955193571652,"The actual output incorrectly identifies the animated movie featuring Schwarzenegger as the President, stating 'The Governator' instead of the expected 'The Simpsons Movie.' While it mentions Schwarzenegger's role, it fails to address the core truth of the expected output, which is the correct title of the movie. The retrieval context does not provide relevant details that could enhance the understanding of the expected output, further detracting from the overall alignment."
What route made Oklahoma city a major stop?,Route 66.,The correct answer to the question 'What route made Oklahoma city a major stop?' is: Route 66,0.786340876297732,"The actual output correctly identifies Route 66 as the answer to the question about Oklahoma City, aligning well with the expected output. However, it lacks the additional context provided in the retrieval context that could enhance understanding, such as the historical significance of Route 66 and its cultural references. Including such details would have strengthened the response without detracting from the core truth."
How many regional MPs have argued for the importance of Plymouth's train service?,Three MPs.,The correct answer to the question 'How many regional MPs have argued for the importance of Plymouth's train service?' is: three,0.8127913290303811,"The actual output correctly identifies the number of MPs as 'three', which aligns with the expected output. However, it lacks the explicit context of the question regarding the importance of Plymouth's train service, which is mentioned in the retrieval context. While the core truth is present, the response could be improved by explicitly connecting the answer to the question asked."
What song did she perform at the MTV Awards?,"""Open Your Heart""",The correct answer to the question 'What song did she perform at the MTV Awards?' is: Love on Top,0.029673281346490388,"The actual output states 'Open Your Heart', which is incorrect as it does not match the expected output of 'Love on Top'. The core truth of the expected answer is not present in the actual output, leading to a complete misalignment with the evaluation steps."
Some thought that King Edward VII's redecoration choices were at odds with whose prior work?,Nash's original work.,The correct answer to the question 'Some thought that King Edward VII's redecoration choices were at odds with whose prior work?' is: Nash's,0.7979307881664416,"The actual output correctly identifies Nash's work, which aligns with the core truth of the expected output. However, it lacks the context of the question and the phrasing that explicitly states it as the answer to the question posed. While it is concise, it does not provide the additional detail that the expected output includes, which could enhance clarity and completeness."
Is there anyone automatically eligible? ,"Yes, clubs in the top four levels of the English football league system (Premier League and three divisions of the Football League) are automatically eligible.",The correct answer to the question 'Is there anyone automatically eligible? ' is: . All clubs in the top four levels (the Premier League and the three divisions of the Football League) are automatically eligible,0.808608119668515,"The actual output correctly identifies that clubs in the top four levels of the English football league system are automatically eligible, which aligns with the core truth of the expected output. However, it lacks the explicit phrasing of the question and the complete structure of the expected answer, which diminishes its clarity. The retrieval context provides relevant details about eligibility but is not fully utilized in the actual output."
How many airlines operate out of Richmond International?,Nine airlines operate out of Richmond International Airport.,The correct answer to the question 'How many airlines operate out of Richmond International?' is: nine,0.8694018202012712,"The actual output correctly identifies that nine airlines operate out of Richmond International Airport, which aligns with the core truth of the expected output. However, it lacks the explicit phrasing of the expected output, which states the answer in a more formal manner. While the actual output is accurate and provides the necessary information, it could enhance clarity by mirroring the expected format more closely."
What German philosopher inspired Schopenhauer and Nietzsche?,Immanuel Kant.,The correct answer to the question 'What German philosopher inspired Schopenhauer and Nietzsche?' is: Kant,0.7929730718940639,"The actual output correctly identifies Immanuel Kant as the German philosopher who inspired Schopenhauer and Nietzsche, aligning with the core truth of the expected output. However, it lacks the additional context provided in the expected output, such as the phrasing of the question and the explicit confirmation of Kant as the correct answer. While the response is accurate, it could be more comprehensive by including these details."
What is the largest inland port for China?,Port of Nanjing.,The correct answer to the question 'What is the largest inland port for China?' is: Port of Nanjing,0.9537826557736857,"The actual output correctly identifies 'Port of Nanjing' as the largest inland port in China, which aligns perfectly with the expected output. The core truth is clearly articulated, and the additional details in the retrieval context enhance understanding of the port's significance without detracting from the main answer."
What is flying past their destinations called?,Spring overshoot.,The correct answer to the question 'What is flying past their destinations called?' is: spring overshoot,0.8217945269128272,"The actual output 'Spring overshoot' captures the core truth of the expected output, which is the definition of the term in relation to birds flying past their destinations. However, it lacks the explicit context provided in the expected output that clarifies it as the answer to the specific question posed. While it is accurate, it could benefit from a more complete articulation to enhance understanding."
Which century did the Greek alphabet acquire its quadrilinear form?,8th century.,The correct answer to the question 'Which century did the Greek alphabet acquire its quadrilinear form?' is: 8th,0.767051590492674,"The actual output correctly identifies the 8th century as the answer to the question about when the Greek alphabet acquired its quadrilinear form, aligning with the core truth of the expected output. However, it lacks the additional context and phrasing present in the expected output, which explicitly states the question and provides a complete sentence. While the core truth is present, the response could be improved by including more detail to enhance clarity and comprehensiveness."
The neurostransmitter that usually excites targets is called what?,Glutamate.,"The correct answer to the question 'The neurostransmitter that usually excites targets is called what?' is: glutamate,",0.8034453376436911,"The actual output correctly identifies 'glutamate' as the neurotransmitter that excites targets, aligning with the core truth of the expected output. However, it lacks the additional context and phrasing present in the expected output, which explicitly states the question and provides a complete sentence. While the core answer is correct, the response could be improved by including more detail or context from the retrieval context."
How many passenger trips were made by tram in Melbourne between 2013-2014?,176.9 million passenger trips.,The correct answer to the question 'How many passenger trips were made by tram in Melbourne between 2013-2014?' is: 176.9 million,0.9345467135746297,"The actual output accurately states the number of passenger trips made by tram in Melbourne between 2013-2014, which aligns perfectly with the expected output. It presents the core truth clearly and concisely without any extraneous information, fulfilling the evaluation criteria effectively."
What renowned publishing company partners with Schwarzenegger in Fitness Publications?,Simon & Schuster,The correct answer to the question 'What renowned publishing company partners with Schwarzenegger in Fitness Publications?' is: Simon & Schuster,0.9234382173417129,"The actual output correctly identifies Simon & Schuster as the renowned publishing company that partners with Schwarzenegger in Fitness Publications, which aligns perfectly with the expected output. Additionally, the response is concise and directly answers the core question without unnecessary details, maintaining focus on the essential information."
"In 2007, which music professor said he believes this criticism does involve race as well?",Emmett Price.,"The correct answer to the question 'In 2007, which music professor said he believes this criticism does involve race as well?' is: Emmett Price",0.8689422707286028,"The actual output correctly identifies Emmett Price as the answer to the question posed, aligning well with the expected output. It succinctly provides the name without additional context, which is acceptable as the core truth is maintained. However, it lacks the explicit framing of the answer as a response to the question, which is present in the expected output, preventing a perfect score."
What is the biological interaction where a predator feeds on its prey called?,Predation.,The correct answer to the question 'What is the biological interaction where a predator feeds on its prey called?' is: Predation,0.8064627993624184,"The actual output correctly identifies 'Predation' as the answer to the question about the biological interaction between predator and prey, aligning with the core truth of the expected output. However, it lacks the additional context and explanation provided in the expected output, which elaborates on the definition and nuances of predation. While the response is accurate, it could be improved by including more detail from the retrieval context to enhance comprehension."
When did Beyonce start becoming popular?,Beyoncé rose to fame in the late 1990s as the lead singer of Destiny's Child.,The correct answer to the question 'When did Beyonce start becoming popular?' is: in the late 1990s,0.763546541859397,"The actual output correctly identifies that Beyoncé rose to fame in the late 1990s, which aligns with the core truth of the expected output. However, it lacks the explicit phrasing of the expected answer format, which states 'the correct answer to the question...' and does not directly address the question format. While it provides relevant context about her role in Destiny's Child, it could have been more concise and directly aligned with the expected output's structure."
What is New Zealand made up of?,New Zealand consists of the North and South Islands.,The correct answer to the question 'What is New Zealand made up of?' is: islands,0.5161820110376214,"The actual output identifies that New Zealand consists of the North and South Islands, which aligns with the core truth of the expected output that New Zealand is made up of islands. However, it does not explicitly state 'islands' as the answer, which is the key term in the expected output. While the actual output provides additional detail about the specific islands, it lacks the succinctness and directness of the expected response."
Hunt was a significant contributor to what?,Hunt was a significant contributor to the human food supply.,The correct answer to the question 'Hunt was a significant contributor to what?' is: human food supply,0.7951587005489347,"The actual output correctly identifies that hunting was a significant contributor to the human food supply, which aligns with the core truth of the expected output. However, it lacks the explicit phrasing of the question and answer format present in the expected output, which diminishes its clarity. The response could have also included additional relevant details from the retrieval context to enhance its comprehensiveness without detracting from the core truth."
What is the largest criticism leveled by consumers against Comcast,"The largest criticism against Comcast is its poor customer satisfaction, often ranking among the lowest in the cable industry.",The correct answer to the question 'What is the largest criticism leveled by consumers against Comcast' is: customer satisfaction,0.7660945002133126,"The actual output correctly identifies customer satisfaction as the largest criticism against Comcast, aligning with the core truth of the expected output. However, it provides additional context about Comcast's poor customer satisfaction ratings, which enhances the response but slightly diverges from the simplicity of the expected answer. Overall, it effectively answers the question while offering relevant details from the retrieval context."
What famous chain of music-themed restaurants opened its first establishment in London?,Hard Rock Cafe.,The correct answer to the question 'What famous chain of music-themed restaurants opened its first establishment in London?' is: Hard Rock Cafe,0.7839676604273664,"The actual output correctly identifies 'Hard Rock Cafe' as the answer to the question about the famous chain of music-themed restaurants, aligning with the core truth of the expected output. However, it lacks the additional context provided in the expected output, which explicitly states the question and includes a more formal presentation of the answer. While the core truth is present, the response could be improved by incorporating the question for clarity."
Who gave the teacher the new job ?,His father helped him set up his private practice.,The correct answer to the question 'Who gave the teacher the new job ?' is: Pope Pius IX,0.02033778633550291,"The actual output does not address the question posed in the expected output, which asks for the individual who gave the teacher a new job. Instead, it provides information about a father helping set up a private practice, which is unrelated to the core truth of the expected output. There is no alignment with the expected answer, and the actual output fails to include any relevant details from the retrieval context that would connect to the question asked."
The Iranian Parliament does not demand environmental impact studies before approving what projects?,Large national development projects.,The correct answer to the question 'The Iranian Parliament does not demand environmental impact studies before approving what projects?' is: large national development projects,0.8304893639539201,"The actual output correctly identifies 'large national development projects' as the answer to the question posed, aligning well with the expected output. However, it lacks the introductory context that explicitly states it is the answer to the specific question, which slightly detracts from clarity. The retrieval context provides relevant details about the Iranian Parliament's actions, reinforcing the core truth, but the actual output could have benefited from a more explicit connection to the question asked."
"When a boy is summoned to the Head Master, what is the experience called?","The experience is called the ""Bill.""","The correct answer to the question 'When a boy is summoned to the Head Master, what is the experience called?' is: the ""Bill""",0.8302628104482132,"The actual output correctly identifies the experience as 'the Bill,' which aligns with the expected output's core truth. However, it lacks the explicit context of the question being answered, which is important for clarity. While it does not deviate from the core truth, it could have included a brief mention of the question to enhance comprehensiveness."
Where were textile factories located?,"Textile factories were located in Nanjing, China; Thuringia, Germany; and cotton-exporting economies in Central America, such as Nicaragua.",The correct answer to the question 'Where were textile factories located?' is: Jiangnan region,0.29544765560280484,"The actual output provides specific locations of textile factories, such as Nanjing and Thuringia, which are relevant but do not directly answer the core question about the Jiangnan region. While it includes additional context about textile production, it fails to align with the expected output's focus on the Jiangnan region as the primary answer."
What is the danger to humans in regards to the spread of avian flu to humans ?,"Humans are at risk of avian influenza infection primarily through contact with live poultry, especially in areas where the virus is endemic, like Southeast Asia. The virus could potentially mutate to become highly infectious in humans, posing a pandemic threat.",The correct answer to the question 'What is the danger to humans in regards to the spread of avian flu to humans ?' is: The virus possibly could mutate to become highly virulent and infectious in humans and cause an influenza pandemic.,0.8217334108105312,"The actual output captures the core truth of the expected output by stating that the virus could mutate to become highly infectious in humans, which aligns with the expected concern about a potential pandemic. However, it includes additional context about the risk from live poultry and endemic areas, which enhances understanding but slightly diverges from the direct question asked. Overall, it effectively communicates the main danger while providing relevant details."
How much money has been generated due to the Duck Stamp act?,"Since 1934, the Duck Stamp Act has generated $670 million.",The correct answer to the question 'How much money has been generated due to the Duck Stamp act?' is: $670 million,0.7872024532708364,"The actual output correctly identifies the amount generated by the Duck Stamp Act as $670 million, which aligns with the core truth of the expected output. However, it lacks the explicit framing of the answer as a response to the specific question posed, which diminishes its clarity. While it provides relevant context about the Duck Stamp Act, it could have been more concise to focus solely on the question asked."
Insects with fine scale spatial orientation live in colonies and where else?,Insects with fine-scale spatial orientation also live in nests.,The correct answer to the question 'Insects with fine scale spatial orientation live in colonies and where else?' is: nests,0.4364816201238869,"The actual output mentions that insects with fine-scale spatial orientation live in nests, which aligns with the expected output that specifies nests as a location. However, it fails to explicitly state that nests are an answer to the question posed, which diminishes clarity. Additionally, the output does not incorporate relevant details from the retrieval context that could enhance understanding, such as the relationship between spatial orientation and living in colonies, which is crucial for a comprehensive answer."
When was the first Port of Plymouth Regatta?,The first Port of Plymouth Regatta was in 1823.,The correct answer to the question 'When was the first Port of Plymouth Regatta?' is: 1823,0.8024127691754506,"The actual output correctly identifies the year of the first Port of Plymouth Regatta as 1823, which aligns with the core truth of the expected output. However, it lacks the explicit framing of the answer as a response to the question, which is present in the expected output. While the actual output is accurate, it could be improved by incorporating the question context more clearly."
How much money did Merk make in 1995?,Merck made over US$1 billion in 1995 from Zocor and Mevacor.,The correct answer to the question 'How much money did Merk make in 1995?' is: over US$1 billion,0.8425046421628674,"The actual output correctly states that Merck made over US$1 billion in 1995, which aligns with the core truth of the expected output. However, while it provides the necessary information, it lacks the explicit phrasing of the question and answer format found in the expected output. The additional context about Zocor and Mevacor enhances understanding but could be seen as slightly extraneous since it does not directly answer the question posed."
When will a new international school open in Brasilia?,August 2016.,The correct answer to the question 'When will a new international school open in Brasilia?' is: August 2016,0.9610089729934785,"The actual output correctly identifies the opening date of the new international school in Brasilia as August 2016, which aligns perfectly with the expected output. It succinctly answers the core question without any extraneous information, maintaining focus on the essential detail required."
What do some police departments make detectives go back to periodically?,Patrol duties.,The correct answer to the question 'What do some police departments make detectives go back to periodically?' is: patrol duties,0.7588077318491466,"The actual output correctly identifies 'patrol duties' as the answer to the question posed in the expected output, thus capturing the core truth. However, it lacks the contextual framing provided in the expected output, which explicitly states the question and clarifies that this is the correct answer. While the core truth is present, the absence of additional context diminishes the clarity and completeness of the response."
In what state is armed robbery a capital crime?,Armed robbery is a capital crime in Georgia.,The correct answer to the question 'In what state is armed robbery a capital crime?' is: Georgia,0.7643997080143266,"The actual output correctly identifies Georgia as the state where armed robbery is a capital crime, aligning with the core truth of the expected output. However, it lacks the explicit phrasing of the expected output, which states the answer in the context of the question. While the response is accurate, it could be improved by directly addressing the question format, which would enhance clarity and completeness."
Where did the 2013 Open World Taekwondo Challenge Cup take place?,Tongeren,The correct answer to the question 'Where did the 2013 Open World Taekwondo Challenge Cup take place?' is: Tongeren,0.8348111140656906,"The actual output correctly identifies Tongeren as the location of the 2013 Open World Taekwondo Challenge Cup, which aligns with the core truth of the expected output. However, it lacks the additional context provided in the expected output that explicitly states the question being answered, which could enhance clarity. Despite this, the core question is answered correctly, and the output is concise."
What professions made up the buld on middle class under Nasser?,"Doctors, engineers, teachers, lawyers, and journalists.","The correct answer to the question 'What professions made up the buld on middle class under Nasser?' is: Doctors, engineers, teachers, lawyers, journalists",0.9380088293196167,"The actual output accurately lists the professions that made up the middle class under Nasser, aligning closely with the expected output. While the expected output includes a phrase indicating it is the answer to a specific question, the core truth is still present in the actual output. The retrieval context provides additional relevant details about Nasser's policies and their impact on social mobility, which enhances understanding without detracting from the core answer."
What disease plagued Europe during the Late Middle Ages?,The Black Death.,The correct answer to the question 'What disease plagued Europe during the Late Middle Ages?' is: the Black Death,0.5716755221202539,"The actual output identifies the Black Death, which is the correct disease that plagued Europe during the Late Middle Ages. However, it lacks the clarity and completeness of the expected output, which explicitly states the question and provides a full sentence answer. The retrieval context offers relevant historical details about the Black Death, but these are not utilized in the actual output, limiting its depth and informative value."
How long did the armistice talks last?,The armistice talks lasted for approximately two years.,The correct answer to the question 'How long did the armistice talks last?' is: two years,0.7680291377562383,"The actual output correctly identifies the duration of the armistice talks as approximately two years, which aligns with the core truth of the expected output. However, it lacks the explicit phrasing of the expected output, which states the answer in a more direct manner. While the actual output is accurate and provides relevant information, it could be improved by incorporating the question format from the expected output for clarity."
Where did Centro open it's first store of 2014?,Centro opened its first store in Medan in 2014.,The correct answer to the question 'Where did Centro open it's first store of 2014?' is: Medan,0.6382495405977442,"The actual output correctly identifies Medan as the location where Centro opened its first store in 2014, which aligns with the core truth of the expected output. However, it lacks the explicit phrasing of the question and the format of the expected output, which diminishes clarity. While it provides relevant information, it could enhance understanding by including the context of the year and the brand's significance."
What are the implications for third world countries with regards to child labour?,"Child labour in third world countries perpetuates poverty, reduces adult wages, limits economic growth, and hinders human capital development. It often arises due to inadequate schooling and is a necessary survival strategy for families amid lack of opportunities. Poor conditions can lead to exploitation and more severe outcomes for children.",The correct answer to the question 'What are the implications for third world countries with regards to child labour?' is: low-skill jobs only capable of producing poor quality cheap exports,0.4758459816340359,"The actual output addresses the implications of child labour in third world countries, highlighting issues like poverty and economic growth, which are relevant to the expected output. However, it fails to directly mention the specific outcome of 'low-skill jobs' and 'poor quality cheap exports' as stated in the expected output, which is a critical aspect of the core truth. While it provides additional context about the causes and consequences of child labour, it does not align closely enough with the expected answer."
What was the French view about the dismemberment of Prussia?,"The French viewed the dismemberment of Prussia as essential to destabilizing the region and preventing the unification of Germany, as a strong Prussia threatened French interests and influence in Europe.",The correct answer to the question 'What was the French view about the dismemberment of Prussia?' is: saw the complete dismemberment of Prussia as unacceptable to the stability of Central Europe.,0.5758666790358554,"The actual output captures the essence of the French perspective on the dismemberment of Prussia, emphasizing its importance for regional stability and French interests. However, it does not directly address the expected output's assertion that the French viewed the complete dismemberment as 'unacceptable,' which is a key aspect of the expected response. While the actual output provides relevant context about the threat posed by a strong Prussia, it lacks the specific phrasing and clarity of the expected answer."
Food goes in to the midgut after leaving where?,Food goes into the midgut after leaving the crop.,The correct answer to the question 'Food goes in to the midgut after leaving where?' is: the crop,0.7197853317006783,"The actual output correctly identifies that food goes into the midgut after leaving the crop, which aligns with the core truth of the expected output. However, it lacks the explicit phrasing of the question and answer format present in the expected output, which diminishes clarity. While the response is accurate, it could benefit from a more structured presentation that mirrors the expected output's format."
What grounds the distinction between sequences?,"The distinction between sequences is grounded in temporal order (chronological order) and causality, where cause precedes effect.",The correct answer to the question 'What grounds the distinction between sequences?' is: asymmetry,0.34853895482391895,"The actual output discusses the concepts of temporal order and causality, which are related to the distinction between sequences, but it fails to directly address the expected output's core truth of 'asymmetry.' While it provides relevant context about sequences, it does not enhance understanding of the specific answer required, leading to a lack of alignment with the evaluation steps."
What was the second american territory the English attempted to colonize?,Roanoke Island.,The correct answer to the question 'What was the second american territory the English attempted to colonize?' is: North Carolina,0.22704328652954472,"The actual output identifies Roanoke Island, which is related to the topic but does not answer the question about the second American territory the English attempted to colonize. The expected output clearly states 'North Carolina' as the answer, which is missing in the actual output. While the retrieval context provides relevant historical details, the actual output fails to convey the core truth of the expected answer."
"What is the most important part of ""Wealth""?","The most important part of ""Wealth of Nations"" is the concept of the ""invisible hand,"" which suggests that individual self-interest can lead to economic benefits for society, highlighting the importance of division of labor and competition in driving wealth creation.","The correct answer to the question 'What is the most important part of ""Wealth""?' is: the division of labour",0.42215542983628884,"The actual output identifies the 'invisible hand' as a key concept in 'Wealth of Nations,' which is relevant but does not directly answer the question about the most important part, which is the division of labor. While it provides some context about economic benefits and competition, it fails to clearly articulate the core truth of the expected output, leading to a lack of alignment."
Why was Crystal Bowersox in the hospital during the week of the top 20 on American Idol?,Crystal Bowersox was hospitalized due to diabetic ketoacidosis.,The correct answer to the question 'Why was Crystal Bowersox in the hospital during the week of the top 20 on American Idol?' is: diabetic ketoacidosis,0.8374310352106612,"The actual output correctly identifies the reason for Crystal Bowersox's hospitalization as diabetic ketoacidosis, which aligns with the core truth of the expected output. However, it lacks the explicit context of the timing related to the American Idol performance week, which is mentioned in the expected output. While the core truth is present, the response could be improved by incorporating additional relevant details from the retrieval context to enhance comprehensiveness."
Who was the only female sultana to be enthroned in a Indo-Islamic empire?,Razia Sultana.,The correct answer to the question 'Who was the only female sultana to be enthroned in a Indo-Islamic empire?' is: Razia Sultana,0.7946547720211462,"The actual output correctly identifies Razia Sultana as the only female sultana in an Indo-Islamic empire, aligning with the core truth of the expected output. However, it lacks the additional context provided in the expected output, which explicitly states the question and the format of the answer. While the response is accurate, it could be improved by including a more complete presentation that mirrors the expected output's structure."
What was the first commercial solar concentrating system?,"The first commercial solar concentrating system was the Solar Total Energy Project (STEP) in Shenandoah, Georgia, USA.","The correct answer to the question 'What was the first commercial solar concentrating system?' is: Solar Total Energy Project (STEP) in Shenandoah, Georgia, USA",0.8935463809288932,"The actual output correctly identifies the first commercial solar concentrating system as the Solar Total Energy Project (STEP) in Shenandoah, Georgia, USA, which aligns with the expected output. It presents the core truth clearly and accurately. However, it lacks the introductory phrase from the expected output that explicitly states it as the answer to the question, which slightly detracts from its completeness."
Guinea-Bissau has a history of what since independence?,Political instability.,The correct answer to the question 'Guinea-Bissau has a history of what since independence?' is: political instability,0.7923810076364937,"The actual output correctly identifies 'political instability' as the core truth related to Guinea-Bissau's history since independence, aligning well with the expected output. However, it lacks the explicit context of the question and the phrasing of the expected answer, which could enhance clarity. While it captures the essential information, it does not include additional relevant details from the retrieval context that could provide a deeper understanding of the situation."
What 1925 cartoon made speech bubbles popular?,Zig et Puce.,The correct answer to the question 'What 1925 cartoon made speech bubbles popular?' is: Zig et Puce,0.875872101658455,"The actual output correctly identifies 'Zig et Puce' as the answer to the question about the 1925 cartoon that popularized speech bubbles, aligning well with the expected output. However, it lacks the introductory phrase present in the expected output, which could enhance clarity and context. The retrieval context provides relevant background information that supports the answer, but this additional detail is not reflected in the actual output."
Where is the Baha'i national office located in Nepal?,"The Baha'i national office is located in Shantinagar, Baneshwor, Kathmandu.","The correct answer to the question 'Where is the Baha'i national office located in Nepal?' is: Shantinagar, Baneshwor",0.8525209218583996,"The actual output correctly identifies the location of the Baha'i national office in Shantinagar, Baneshwor, which aligns with the core truth of the expected output. However, it lacks the explicit phrasing of the question and the phrase 'the correct answer to the question', which would have strengthened its alignment with the expected output. The additional context about the Baha'i community in Kathmandu enhances the response without detracting from the core truth."
What NBA team hails from Oklahoma City?,Oklahoma City Thunder.,The correct answer to the question 'What NBA team hails from Oklahoma City?' is: Thunder,0.890626207340832,"The actual output correctly identifies the Oklahoma City Thunder as the NBA team from Oklahoma City, aligning well with the expected output. While the expected output includes a more explicit phrasing, the core truth is present and accurately represented. The additional context provided in the retrieval context enhances understanding of the team's history and significance, which does not detract from the core answer."
"Along with a chemical process, what type of process is used by night vision devices to convert infrared into visible light?",An electrical process.,"The correct answer to the question 'Along with a chemical process, what type of process is used by night vision devices to convert infrared into visible light?' is: electrical",0.5976188920469048,"The actual output identifies the process as 'An electrical process,' which aligns with the core truth of the expected output that specifies 'electrical' as part of the answer. However, it lacks the context of the question and does not explicitly mention the conversion of infrared into visible light, which is crucial for full alignment. While it is concise, it does not provide the comprehensive detail found in the expected output."
What genre of book is To Kill a Mockingbird?,Southern Gothic and Bildungsroman.,The correct answer to the question 'What genre of book is To Kill a Mockingbird?' is: Southern Gothic novel,0.5882184733660655,"The actual output identifies two genres, 'Southern Gothic' and 'Bildungsroman', which aligns with the expected output's mention of 'Southern Gothic novel'. However, it lacks the specificity of the expected output, which clearly states the genre as 'Southern Gothic novel'. While the actual output is partially correct, it does not fully encapsulate the core truth of the expected output, leading to a lower score."
Who did Johan Cruyff name his son after?,Johan Cruyff named his son Jordi after the local Catalan Saint George.,The correct answer to the question 'Who did Johan Cruyff name his son after?' is: Catalan Saint George,0.8144686325893258,"The actual output correctly identifies that Johan Cruyff named his son Jordi after the local Catalan Saint George, which aligns with the core truth of the expected output. However, while it provides additional context about Cruyff's choice and his significance to Barcelona, it could be more concise. The expected output is more direct, but the actual output does not detract from the core truth and adds relevant details."
Which department's faculty can be associated with university hospitals?,The faculty of medicine can be associated with university hospitals.,The correct answer to the question 'Which department's faculty can be associated with university hospitals?' is: medicine,0.5846490419897012,"The actual output identifies the faculty of medicine's association with university hospitals, which aligns with the core truth of the expected output. However, it lacks the directness and clarity of the expected answer, which explicitly states 'medicine' as the answer to the question. While it provides relevant context, it does not fully encapsulate the expected output's succinctness."
Who describes the many reasons for Sweden's heavy involvement in a cappella?,Richard Sparks describes the many reasons for Sweden's heavy involvement in a cappella.,The correct answer to the question 'Who describes the many reasons for Sweden's heavy involvement in a cappella?' is: Richard Sparks,0.7011390317531964,"The actual output correctly identifies Richard Sparks as the person describing Sweden's involvement in a cappella, aligning with the core truth of the expected output. However, it lacks the explicit phrasing of the question and answer format found in the expected output, which diminishes clarity. While the additional context about Sweden's a cappella tradition enhances understanding, it could potentially distract from the main answer if not carefully integrated."
List the artists who were featured in the Salon d'Automne? ,"The artists featured in the Salon d'Automne included Georges Braque, Pablo Picasso, Jean Metzinger, Albert Gleizes, Robert Delaunay, Henri Le Fauconnier, Fernand Léger, Juan Gris, André Lhote, Marcel Duchamp, Jacques Villon, Roger de La Fresnaye, André Dunoyer de Segonzac, and František Kupka.","The correct answer to the question 'List the artists who were featured in the Salon d'Automne? ' is: André Lhote, Marcel Duchamp, Jacques Villon, Roger de La Fresnaye, André Dunoyer de Segonzac and František Kupka",0.7626336907864224,"The actual output lists all the artists featured in the Salon d'Automne, including those mentioned in the expected output, thus capturing the core truth. However, it includes additional artists not present in the expected output, which, while relevant, makes it less aligned with the specific request. The comprehensive nature of the actual output is a strength, but it slightly deviates from the expected brevity."
What epidemic did the FAA have to handle in the 1960s?,The FAA handled the hijacking epidemic in the 1960s.,The correct answer to the question 'What epidemic did the FAA have to handle in the 1960s?' is: hijacking,0.7212104464559268,"The actual output correctly identifies the hijacking epidemic as the focus of the FAA's actions in the 1960s, aligning with the core truth of the expected output. However, it lacks the explicit phrasing of the question and the concise format of the expected answer, which diminishes its clarity. While it provides relevant context about the FAA's involvement, it does not directly answer the question in the same succinct manner as the expected output."
What dynasty controlled Germany in the early High Middle Ages?,The Ottonian dynasty.,The correct answer to the question 'What dynasty controlled Germany in the early High Middle Ages?' is: Ottonian,0.802665172919754,"The actual output correctly identifies the Ottonian dynasty as the ruling dynasty in Germany during the early High Middle Ages, which aligns with the expected output. However, it lacks the explicit phrasing of the question and the phrase 'the correct answer to the question' found in the expected output. While the core truth is present, the response could be improved by directly addressing the question format to enhance clarity."
During which years did Nikolai Durkin visit Alaska?,Nikolai Daurkin visited Alaska in 1764–1765.,The correct answer to the question 'During which years did Nikolai Durkin visit Alaska?' is: 1764–1765,0.8034453370585538,"The actual output correctly identifies the years Nikolai Daurkin visited Alaska, which aligns with the core truth of the expected output. However, it lacks the explicit framing of the answer as a response to the question, which is present in the expected output. While the actual output is accurate, it could be improved by including a more direct reference to the question asked."
Which town was the site of General von Steinmetz's grave error?,The town was Spicheren.,The correct answer to the question 'Which town was the site of General von Steinmetz's grave error?' is: Spicheren,0.7805492945843653,"The actual output correctly identifies the town of Spicheren, which aligns with the core truth of the expected output. However, it lacks the additional context provided in the expected output that specifies the question regarding General von Steinmetz's grave error. While the answer is accurate, it could be improved by explicitly stating the question it answers, which would enhance clarity and understanding."
What allows unhindered light and thermal radiation?,"Thermal radiation can propagate through a vacuum, allowing light and thermal radiation to travel without obstacles.",The correct answer to the question 'What allows unhindered light and thermal radiation?' is: dissolution of clouds,0.18697084830334423,"The actual output discusses thermal radiation's ability to propagate through a vacuum, which is somewhat related to the concept of unhindered light and thermal radiation. However, it fails to address the expected output directly, which specifies that the dissolution of clouds allows for this unhindered propagation. The core truth of the expected output is not clearly articulated or represented in the actual output, leading to a low score."
Who is the person that started the religion that separated itself from the Catholic Church in the 17th century ?,The person who started the separation from the Catholic Church in the 17th century is John Calvin.,The correct answer to the question 'Who is the person that started the religion that separated itself from the Catholic Church in the 17th century ?' is: Martin Luther,0.12642783020388204,"The actual output incorrectly identifies John Calvin as the person who started the separation from the Catholic Church in the 17th century, while the expected output correctly states Martin Luther. This fundamental error in identifying the key figure undermines the core truth of the expected output, resulting in a low score. Although the output is clear, it fails to address the question accurately."
Who is the President of Nigeria?,"As of now, the President of Nigeria is Muhammadu Buhari.",The correct answer to the question 'Who is the President of Nigeria?' is: Goodluck Jonathan,0.04247896089114066,"The actual output incorrectly states that Muhammadu Buhari is the current President of Nigeria, while the expected output identifies Goodluck Jonathan as the correct answer. This fundamental discrepancy indicates that the core truth of the expected output is not present in the actual output, leading to a complete misalignment with the evaluation steps."
What event is more relevant to Espanyol supporters than to Barcelona fans?,The derby between Espanyol and Barcelona is more relevant to Espanyol supporters.,The correct answer to the question 'What event is more relevant to Espanyol supporters than to Barcelona fans?' is: derbi,0.7051532655792674,"The actual output correctly identifies the derby as more relevant to Espanyol supporters, aligning with the core truth of the expected output. However, it lacks the specific term 'derbi' that was explicitly requested in the expected output, which diminishes its precision. The additional context provided in the retrieval context is relevant and supports the statement, but the response could have been more comprehensive by directly addressing the expected output's phrasing."
"Where is the ""Lotte Shopping Avenue"" located? ",Lotte Shopping Avenue is located inside the Ciputra World Jakarta complex.,"The correct answer to the question 'Where is the ""Lotte Shopping Avenue"" located? ' is: Ciputra World Jakarta complex",0.7990058596148231,"The actual output correctly identifies the location of Lotte Shopping Avenue as being inside the Ciputra World Jakarta complex, which aligns with the core truth of the expected output. However, it could have been more concise by directly stating 'Ciputra World Jakarta complex' as the answer without the additional context of 'Lotte Shopping Avenue is located inside.' This additional detail, while relevant, slightly detracts from the clarity of the response."
What will IBM use to analyze weather and make predictions?,IBM will use Watson for weather analytics and predictions.,The correct answer to the question 'What will IBM use to analyze weather and make predictions?' is: Watson,0.7940457252231906,"The actual output correctly identifies Watson as the tool IBM will use for weather analytics and predictions, which aligns with the core truth of the expected output. However, it lacks the explicit phrasing of the question and the format of the expected output, which diminishes its clarity slightly. The response could have included more context from the retrieval context to enhance its comprehensiveness, but it still effectively answers the core question."
What was the major cause of the separation between the Luftwaffe and the other military structure?,"The major cause of the separation between the Luftwaffe and the other military structure was Hermann Göring's jealousy and defense of his ""empire,"" alongside Hitler's insistence on an undivided Luftwaffe, which hindered integration with the Kriegsmarine and overall military strategy.",The correct answer to the question 'What was the major cause of the separation between the Luftwaffe and the other military structure?' is: communications gap,0.30458914988811986,"The actual output identifies Hermann Göring's jealousy and Hitler's insistence on an undivided Luftwaffe as causes for the separation, which partially aligns with the expected output's core truth of a 'communications gap.' However, it fails to explicitly mention the 'communications gap' itself, which is the key element of the expected answer. While the additional context about Göring's actions provides relevant background, it does not enhance the understanding of the core truth as required."
Currently window glass is made as what?,"Currently, window glass is made as float glass, very uniform in thickness.",The correct answer to the question 'Currently window glass is made as what?' is: float glass,0.7697371895517866,"The actual output correctly identifies that window glass is made as float glass, which aligns with the core truth of the expected output. However, it lacks the explicit phrasing of the expected output, which states the answer should be presented as 'The correct answer to the question...'. While the additional context about float glass being uniform in thickness enhances understanding, it slightly diverges from the simplicity of the expected response."
"At what location was the ""Flying Chair"" installed in 1845?",Royal Palace of Caserta.,"The correct answer to the question 'At what location was the ""Flying Chair"" installed in 1845?' is: Royal Palace of Caserta",0.8263704766953113,"The actual output correctly identifies the location of the 'Flying Chair' as the Royal Palace of Caserta, which aligns with the core truth of the expected output. However, it lacks the additional context provided in the expected output, such as the phrasing of the question and the detailed description of the 'Flying Chair'. While the core answer is correct, the response could be improved by including more context to enhance clarity and comprehensiveness."
What policies did a State Department official accuse UNFPA of helping China carry out?,A State Department official accused UNFPA of helping China carry out coercive abortion and involuntary sterilization programs.,The correct answer to the question 'What policies did a State Department official accuse UNFPA of helping China carry out?' is: population control policies,0.6853449455149693,"The actual output identifies the accusations made by a State Department official against UNFPA, specifically mentioning coercive abortion and involuntary sterilization programs. However, it does not directly articulate the core truth of the expected output, which is the broader term 'population control policies.' While the actual output provides relevant details, it lacks the concise alignment with the expected answer, which could enhance clarity and understanding."
What regional ITV station serves Plymouth?,Meridian.,The correct answer to the question 'What regional ITV station serves Plymouth?' is: ITV West Country,0.1911382512918795,"The actual output 'Meridian' does not address the expected output, which specifies 'ITV West Country' as the correct answer. While 'Meridian' is mentioned in the retrieval context, it is not relevant to the question about the regional ITV station serving Plymouth. The response lacks clarity and fails to convey the core truth of the expected output."
What does OMOV stand for?,The provided information does not specify what OMOV stands for.,"The correct answer to the question 'What does OMOV stand for?' is: one member, one vote",0.18806028221576296,"The actual output fails to provide the definition of OMOV, which is the core truth of the expected output. While it correctly notes the absence of information, it does not address the question directly or provide any relevant details from the retrieval context that could enhance understanding. The expected output clearly states what OMOV stands for, which is completely missing in the actual output."
What is the average winter daytime temperature in the Piedmont?,Upper 40s to lower 50s °F (8–12 °C).,The correct answer to the question 'What is the average winter daytime temperature in the Piedmont?' is: upper 40s–lower 50s °F,0.8663866659191598,"The actual output accurately conveys the average winter daytime temperature in the Piedmont, aligning closely with the expected output. It includes the temperature range in both Fahrenheit and Celsius, which adds clarity without detracting from the core truth. The response could be slightly improved by explicitly stating that it answers the question posed, but overall, it is comprehensive and detailed."
"To pay off the people they owed, Greece had to accept what?",Greece had to accept the imposition of an International Financial Control authority.,"The correct answer to the question 'To pay off the people they owed, Greece had to accept what?' is: International Financial Control authority",0.794114101570899,"The actual output correctly identifies the core truth by stating that Greece had to accept the imposition of an International Financial Control authority, which aligns with the expected output. However, it lacks the explicit phrasing of the question and the answer format provided in the expected output. While it does not detract from the core truth, it could have been more comprehensive by including the context of the question directly."
What does the term Länder date back to?,The term Länder dates back to the Weimar Constitution of 1919.,The correct answer to the question 'What does the term Länder date back to?' is: the Weimar Constitution of 1919,0.8041083313917454,"The actual output correctly identifies that the term Länder dates back to the Weimar Constitution of 1919, which aligns with the core truth of the expected output. However, it lacks the explicit phrasing of the expected output, which would enhance clarity. While the additional context about the term's usage and historical background is relevant, it could potentially distract from the core answer if not carefully integrated."
"In all reference frames, how is the the speed of light?",The speed of light is constant and the same in all inertial reference frames.,"The correct answer to the question 'In all reference frames, how is the the speed of light?' is: the same",0.7652425977321211,"The actual output correctly identifies the core truth that the speed of light is constant in all inertial reference frames, which aligns with the expected output's assertion that it is the same in all reference frames. However, while the actual output provides additional context about the implications of this constancy, it could be seen as slightly more detailed than necessary, which may detract from the simplicity of the expected answer. Overall, it effectively conveys the essential information while adding relevant details from the retrieval context."
On what island did the Dutch set up a settlement to trade furs?,Governors Island.,The correct answer to the question 'On what island did the Dutch set up a settlement to trade furs?' is: Governors Island,0.8196968395190659,"The actual output correctly identifies 'Governors Island' as the answer to the question about where the Dutch set up a settlement to trade furs, aligning with the core truth of the expected output. However, it lacks the additional context provided in the expected output, which explicitly states the question and the phrase 'The correct answer is:'. While the actual output is concise, it could benefit from a more comprehensive presentation that includes the question for clarity."
What tour did Elizabeth take in 1953?,"In 1953, Elizabeth embarked on a seven-month round-the-world tour, visiting 13 countries.",The correct answer to the question 'What tour did Elizabeth take in 1953?' is: round-the-world tour,0.7970637546084647,"The actual output correctly identifies the core truth of the expected output by stating that Elizabeth embarked on a 'seven-month round-the-world tour' in 1953. However, while it provides additional context about the tour, such as the number of countries visited and the distance covered, this extra information, although relevant, slightly detracts from the simplicity of the expected answer. The core message is present, but the additional details could be seen as overwhelming for someone seeking a straightforward response."
What year is Hebron projected to start producing oil in St. John's?,2017,The correct answer to the question 'What year is Hebron projected to start producing oil in St. John's?' is: 2017,0.8854038600274121,"The actual output correctly identifies the year 2017 as the projected start of oil production for Hebron, which aligns with the core truth of the expected output. While the expected output provides a more detailed phrasing, the actual output succinctly conveys the essential information. The retrieval context supports this by confirming the 2017 projection, although it does not detract from the core truth. Overall, the response is accurate and relevant, with only minor shortcomings in detail compared to the expected output."
What are some names of derivatives?,"Lagrangian, Hamiltonian, allomorphs.","The correct answer to the question 'What are some names of derivatives?' is: credit default swaps, collateralized debt obligations and synthetic CDOs",0.0306330950048928,"The actual output does not address the expected output regarding derivatives, instead mentioning unrelated concepts like Lagrangian and Hamiltonian. There is no alignment with the core truth of the expected output, which specifically lists financial derivatives. Additionally, the actual output fails to include any relevant details from the retrieval context that would support the expected answer."
What is the only professional sports team in North Carolina?,The Carolina Hurricanes.,The correct answer to the question 'What is the only professional sports team in North Carolina?' is: National Hockey League's Carolina Hurricanes,0.46459575515689344,"The actual output identifies the Carolina Hurricanes as the only professional sports team in North Carolina, which aligns with the core truth of the expected output. However, it lacks the additional context that specifies the team is part of the National Hockey League and does not mention its championship win, which are important details that enhance understanding. Thus, while the core truth is present, the response could be improved by including these relevant details."
How does a US NPO apply for tax exempt status?,"A US NPO applies for tax exempt status by submitting an application to the Internal Revenue Service (IRS) to ensure it meets specific conditions, after which the IRS may issue an authorization letter granting tax exempt status.",The correct answer to the question 'How does a US NPO apply for tax exempt status?' is: applying to the Internal Revenue Service (IRS),0.759598516235739,"The actual output accurately describes the process of applying for tax-exempt status by mentioning the submission of an application to the IRS, which aligns with the core truth of the expected output. It provides additional relevant details about the conditions for tax exemption and the IRS's role in issuing an authorization letter, enhancing the comprehensiveness of the response. However, it could be more concise, as the expected output is more direct and succinct."
Who was depicted with the Empress Zoe on a panel in the gallery of the Hagia Sophia?,Christ was depicted with Empress Zoe on a panel in the gallery of the Hagia Sophia.,The correct answer to the question 'Who was depicted with the Empress Zoe on a panel in the gallery of the Hagia Sophia?' is: Constantine Monomachos,0.28494530679634844,"The actual output mentions Christ being depicted with Empress Zoe, which is partially correct but fails to identify the expected figure, Constantine Monomachos, who is crucial to the expected output. While the retrieval context provides relevant details about the mosaics, the actual output does not accurately represent the core truth of the expected answer, leading to a significant misalignment."
Who won the last election at Reichstag?,The Social Democrats won the last election at the Reichstag in Strasbourg.,The correct answer to the question 'Who won the last election at Reichstag?' is: Social Democrats,0.6833950096675252,"The actual output correctly identifies the Social Democrats as the winners of the last election at the Reichstag, aligning with the core truth of the expected output. However, it lacks the explicit phrasing of the expected output, which states 'The correct answer to the question... is: Social Democrats.' While the additional context about the election provides relevant background, it could be seen as somewhat extraneous and does not enhance the clarity of the core truth."
What is the name of the war monument located at the peak of East Rock?,Soldiers and Sailors war monument.,The correct answer to the question 'What is the name of the war monument located at the peak of East Rock?' is: Soldiers and Sailors,0.6245686916998722,"The actual output identifies the 'Soldiers and Sailors war monument,' which aligns with the core truth of the expected output. However, it lacks the full context of the question and does not explicitly mention that this monument is located at the peak of East Rock, which is crucial for clarity. While it provides the name of the monument, it does not enhance understanding with additional relevant details from the retrieval context, such as its significance or location specifics."
How many Greeks do they believe would be an accurate number for census numbers ?,"Estimates of Greeks living outside Greece and Cyprus range from 3 million to 7 million, with a suggested figure of just below 5 million being proposed by some sources.",The correct answer to the question 'How many Greeks do they believe would be an accurate number for census numbers ?' is: World Council of Hellenes Abroad put the figure at around 7 million worldwide,0.6367623772871082,"The actual output provides a range of estimates for the Greek population outside Greece and Cyprus, which includes the figure of around 7 million from the World Council of Hellenes Abroad, aligning with the expected output. However, it also introduces additional estimates and context that, while relevant, may distract from the core question about the census numbers. The response could be more focused on directly answering the specific question posed in the expected output."
What was the earthquake named?,Wenchuan earthquake.,The correct answer to the question 'What was the earthquake named?' is: the Great Sichuan earthquake,0.3593782086425811,"The actual output identifies the earthquake as the Wenchuan earthquake, which is a correct name but does not fully align with the expected output that specifies it as the Great Sichuan earthquake. While the core truth is partially present, the response lacks the comprehensive detail required to match the expected output, which explicitly names the earthquake in a more formal context."
Which was the third party?,The third party was the Independent Labour Party (ILP).,The correct answer to the question 'Which was the third party?' is: The military,0.03292986517708531,"The actual output incorrectly identifies the third party as the Independent Labour Party (ILP), while the expected output states it is 'The military.' This shows a complete misalignment with the core truth of the expected output, as the actual response does not address the question correctly."
When was the Ottoman empire founded?,The Ottoman Empire was founded in 1299.,The correct answer to the question 'When was the Ottoman empire founded?' is: 1299,0.8452981480528301,"The actual output correctly identifies the founding year of the Ottoman Empire as 1299, which aligns with the core truth of the expected output. However, it lacks the explicit phrasing that directly answers the question posed in the expected output, which could enhance clarity. The additional context provided in the retrieval context is not utilized, but the core question is answered accurately."
What countries joined Britain as allies?,"The allies of Britain included the United States, Republic of China, Australia, Canada, New Zealand, the Commonwealth of the Philippines, Mexico, Free France, the Netherlands, and other British colonies.",The correct answer to the question 'What countries joined Britain as allies?' is: lacking any substantial ally,0.21757745527254838,"The actual output lists several countries that were allies of Britain, which directly contradicts the expected output stating that Britain was lacking any substantial ally. While the actual output provides detailed information, it fails to address the core truth of the expected output, leading to a significant misalignment."
Why did SIgmund believe all humans are born bisexual?,"Freud believed all humans are born bisexual because he viewed this as inherent in both anatomy and psychology, incorporating aspects of both sexes.","The correct answer to the question 'Why did SIgmund believe all humans are born bisexual?' is: this was true anatomically and therefore also psychologically, with sexual attraction to both sexes being one part of this psychological bisexuality",0.7913918807579384,"The actual output accurately captures Freud's belief that humans are born bisexual, emphasizing both anatomical and psychological aspects. It aligns well with the expected output's core truth, though it lacks the explicit mention of sexual attraction to both sexes as a part of psychological bisexuality, which is a key detail in the expected response. Overall, the response is clear and relevant, enhancing understanding without detracting from the main point."
"In hopes of not repeating another mistake, which show did PepsiCo sponsor?",PepsiCo sponsored The X Factor.,"The correct answer to the question 'In hopes of not repeating another mistake, which show did PepsiCo sponsor?' is: The X Factor",0.7863174376037967,"The actual output correctly identifies that PepsiCo sponsored The X Factor, which aligns with the core truth of the expected output. However, it lacks the explicit framing of the answer as a response to the specific question posed, which diminishes its clarity. While it provides the correct information, it does not fully mirror the structure of the expected output, which includes a clear statement of the question and answer format."
The Germans developed the Lorenz into what system?,The Germans developed the Lorenz system into the Knickebein aid.,The correct answer to the question 'The Germans developed the Lorenz into what system?' is: Knickebein,0.7863822171050711,"The actual output correctly identifies the Knickebein system as the development of the Lorenz system, which aligns with the core truth of the expected output. However, while it provides additional context about the Knickebein aid, it lacks the explicit phrasing of the expected output, which directly states the question and answer format. This diminishes its clarity slightly, but the essential information is present."
Where did the chartered flight from Taiwan land?,Chengdu Shuangliu International Airport.,The correct answer to the question 'Where did the chartered flight from Taiwan land?' is: Chengdu,0.6916511778265905,"The actual output identifies the airport where the flight landed, which aligns with the expected output's core truth. However, it lacks the explicit mention of the chartered flight from Taiwan, which is crucial for full context. While the airport name is relevant, it does not fully encapsulate the answer to the question posed, which specifically asks for the landing location in relation to the flight from Taiwan."
In what type of settlement did most Jews live?,Most Jews lived in urban areas.,The correct answer to the question 'In what type of settlement did most Jews live?' is: cities,0.6475044007598251,"The actual output correctly identifies that most Jews lived in urban areas, which aligns with the core truth of the expected output that states they lived in cities. However, it lacks the explicit phrasing of 'cities' as in the expected output, which slightly diminishes clarity. The response does not include additional relevant details from the retrieval context that could enhance understanding, such as historical context or demographic data, which could have provided a richer answer."
How are DBMSs classified?,"DBMSs are classified by the database model they support, such as relational, hierarchical, or network.",The correct answer to the question 'How are DBMSs classified?' is: according to the database model that they support,0.670585565636239,"The actual output correctly identifies that DBMSs are classified by the database model they support, which aligns with the core truth of the expected output. However, it lacks the explicit phrasing found in the expected output, which directly states the classification criterion. While the additional context about different database models is relevant, it could be seen as slightly detracting from the core message by introducing more detail than necessary."
In what year did Francesco Mario Pagano publish Saggi Politici?,Francesco Mario Pagano published Saggi Politici in 1783.,The correct answer to the question 'In what year did Francesco Mario Pagano publish Saggi Politici?' is: 1783,0.840794807843524,"The actual output correctly identifies the year Francesco Mario Pagano published Saggi Politici as 1783, which aligns with the core truth of the expected output. However, it lacks the explicit phrasing that directly answers the question posed in the expected output, which could enhance clarity. The additional context about Pagano's significance in the Enlightenment is relevant and adds depth, but the response could be improved by more closely mirroring the expected format."
Why did millions of youth migrate to the urban areas of Iran in the mid 1970s?,Millions of youth migrated to urban areas in the mid-1970s seeking construction jobs during the economic boom from the 1973 oil price spike.,The correct answer to the question 'Why did millions of youth migrate to the urban areas of Iran in the mid 1970s?' is: construction jobs,0.8123282354364907,"The actual output accurately identifies the core truth of the expected output by stating that millions of youth migrated to urban areas seeking construction jobs due to the economic boom from the 1973 oil price spike. This aligns well with the expected output, which succinctly states 'construction jobs' as the reason for migration. However, while the additional context about the economic conditions enhances understanding, it slightly diverges from the simplicity of the expected output."
What year was the Legend of Zelda:Twilight Princess originally planned for release?,2005,The correct answer to the question 'What year was the Legend of Zelda:Twilight Princess originally planned for release?' is: 2005,0.75668216369078,"The actual output provides the correct year, 2005, which aligns with the core truth of the expected output. However, it lacks the additional context and clarity present in the expected output, which explicitly states the question and provides a complete sentence. While the core truth is present, the response could be improved by including more context to enhance clarity."
Who spoke against Victoria at the rally in Trafalgar Square?,Radical MPs spoke against Victoria at the rally in Trafalgar Square.,The correct answer to the question 'Who spoke against Victoria at the rally in Trafalgar Square?' is: Radical MPs,0.7629251823363996,"The actual output correctly identifies that Radical MPs spoke against Victoria at the rally in Trafalgar Square, which aligns with the core truth of the expected output. However, it lacks the explicit phrasing of the question and the structured format of the expected answer, which diminishes its clarity. While it provides relevant context about the event, it could be more comprehensive by directly addressing the question format used in the expected output."
Greece's climate is affected by what range?,The Pindus mountain range.,The correct answer to the question 'Greece's climate is affected by what range?' is: Pindus mountain range,0.7752386045940476,"The actual output correctly identifies the Pindus mountain range, which is the core truth of the expected output. However, it lacks the explicit phrasing that connects it to the question about Greece's climate, which is present in the expected output. While the actual output is accurate, it could be more comprehensive by including the context of how the Pindus mountain range affects the climate, as mentioned in the retrieval context."
The setting the mandolin was used in until the 1930's was? ,"The mandolin was used in concert halls, street performances, folk music, and later in country, bluegrass, and old-time music until the 1930s.",The correct answer to the question 'The setting the mandolin was used in until the 1930's was? ' is: ensemble setting,0.33199603401018773,"The actual output provides a detailed historical context of the mandolin's use, mentioning various settings like concert halls and street performances. However, it fails to directly address the expected output, which specifies 'ensemble setting' as the core truth. While the additional details enhance understanding, they do not align with the specific answer required by the expected output."
What would the first scientists have been considered?,The first scientists would have been considered natural philosophers.,The correct answer to the question 'What would the first scientists have been considered?' is: natural philosophers,0.7913918813976183,"The actual output correctly identifies that the first scientists would have been considered natural philosophers, which aligns well with the expected output. However, it lacks the explicit phrasing of the question and the phrase 'The correct answer to the question...' that is present in the expected output. While the core truth is present, the response could be improved by incorporating the context of the question more directly."
What is the prognosis for asthma? ,"The prognosis for asthma is generally good, especially in children with mild disease. Mortality has decreased due to improved care, and half of childhood cases may resolve after a decade.",The correct answer to the question 'What is the prognosis for asthma? ' is: generally good,0.8148047196152218,"The actual output accurately addresses the core truth of the expected output by stating that the prognosis for asthma is generally good. It also provides additional relevant details, such as the improvement in mortality rates and the potential resolution of cases in children, which enhances the comprehensiveness of the response without deviating from the main point. However, the response could be slightly more concise to align better with the expected output's brevity."
when was the Kinkaid Act brought about? ,The Kinkaid Act was enacted in 1904.,The correct answer to the question 'when was the Kinkaid Act brought about? ' is: 1904,0.8882729039173174,"The actual output correctly identifies the year the Kinkaid Act was enacted, which aligns with the core truth of the expected output. However, it lacks the explicit phrasing of the question and the format of the expected output, which could enhance clarity. The response is accurate and directly answers the question, but it could be improved by including the context of the question more explicitly."
What withdrew the political boundaries of West Asia?,The partitioning of the Ottoman Empire withdrew the political boundaries of West Asia.,The correct answer to the question 'What withdrew the political boundaries of West Asia?' is: partitioning of the Ottoman Empire,0.791868633818625,"The actual output correctly identifies the core truth by stating that the partitioning of the Ottoman Empire withdrew the political boundaries of West Asia, which aligns with the expected output. However, it lacks the explicit phrasing of the question and the format of the expected answer, which could enhance clarity. The output does not deviate from the core truth and provides relevant context about the partitioning, making it more comprehensive than the expected output."
Who undermined  The League Of Nations?,"Nazi Germany, Imperial Japan, the Soviet Union, and Mussolini's Italy undermined the League of Nations.","The correct answer to the question 'Who undermined  The League Of Nations?' is: bellicosity of Nazi Germany, Imperial Japan, the Soviet Union, and Mussolini's Italy, and by the non-participation of the United States",0.6250375522759813,"The actual output identifies the key nations that undermined the League of Nations, which aligns with the core truth of the expected output. However, it fails to mention the non-participation of the United States, which is a crucial part of the expected answer. While the actual output is relevant, it lacks the completeness and additional context provided in the expected output, which diminishes its overall effectiveness."
Who had Kerry considered running against in 1970?,Kerry considered running against hawkish Democrat Philip J. Philbin.,The correct answer to the question 'Who had Kerry considered running against in 1970?' is: Democrat Philip J. Philbin,0.9174163098865546,"The actual output correctly identifies that Kerry considered running against Democrat Philip J. Philbin in 1970, which aligns with the core truth of the expected output. It provides the necessary context and details about the situation, enhancing understanding without detracting from the main answer. The only minor shortcoming is that it does not explicitly state 'the correct answer to the question' as the expected output does, but it still conveys the essential information accurately."
What does MYS stand for?,MYS stands for Mean years of schooling.,The correct answer to the question 'What does MYS stand for?' is: Mean years of schooling,0.857509209417311,"The actual output correctly identifies that MYS stands for 'Mean years of schooling', which aligns with the core truth of the expected output. However, it lacks the introductory phrase present in the expected output, which explicitly states it as the answer to the question. While the actual output is clear and accurate, it could be slightly more comprehensive by mirroring the structure of the expected output."
Octaves in linear pitch are what size?,Size 12.,The correct answer to the question 'Octaves in linear pitch are what size?' is: 12,0.8703819788637958,"The actual output correctly identifies the size of octaves as 12, which aligns with the expected output. However, it lacks the contextual explanation that enhances understanding, such as the relationship between pitch and frequency or the significance of the size in musical terms. While it conveys the core truth, it could benefit from additional relevant details to provide a fuller context."
Upright meisporangia allowed what to be dispersed to new habitats?,Spores.,The correct answer to the question 'Upright meisporangia allowed what to be dispersed to new habitats?' is: spores,0.9625572341026846,"The actual output 'Spores.' accurately captures the core truth of the expected output, which is that spores are the answer to the question about what upright meisporangia allowed to be dispersed to new habitats. The response is concise and directly addresses the question without introducing any irrelevant details, aligning perfectly with the evaluation steps."
"Aside from bombers, what aid did Eisenhower provide to the French?",Eisenhower provided non-combat personnel and additional aircraft to drop napalm.,"The correct answer to the question 'Aside from bombers, what aid did Eisenhower provide to the French?' is: non-combat personnel",0.6750971789878528,"The actual output correctly identifies non-combat personnel as part of the aid Eisenhower provided, which aligns with the core truth of the expected output. However, it includes additional details about aircraft and napalm, which, while relevant, detract from the simplicity of the expected answer. The response is somewhat comprehensive but could be more focused on the specific question asked."
Who declared the annexation of the Golan Heights and East Jerusalem?,"The UN Security Council declared the annexation of the Golan Heights and East Jerusalem to be ""null and void.""",The correct answer to the question 'Who declared the annexation of the Golan Heights and East Jerusalem?' is: UN Security Council,0.8328674894771927,"The actual output correctly identifies the UN Security Council as the entity that declared the annexation of the Golan Heights and East Jerusalem to be 'null and void,' which aligns with the expected output. However, while the core truth is present, the actual output could be more concise to directly answer the question posed in the expected output without the additional context about the declaration's implications."
The Hanseatic League was what type of institution?,The Hanseatic League was a commercial confederation of city-states.,The correct answer to the question 'The Hanseatic League was what type of institution?' is: financial,0.39176964485652205,"The actual output correctly identifies the Hanseatic League as a commercial confederation of city-states, which aligns with the core truth of the expected output. However, it fails to explicitly mention that the League is a financial institution, which is the key detail in the expected output. While the response provides some relevant context about trade and the League's role, it lacks the necessary focus on the financial aspect, resulting in a lower score."
"In terms of finance, when being ruled by the English, where did Burma stand ?","Under British rule, Burma was the second-wealthiest country in Southeast Asia and the world's largest rice exporter, but wealth was concentrated in European hands.","The correct answer to the question 'In terms of finance, when being ruled by the English, where did Burma stand ?' is: Under British administration, Myanmar was the second-wealthiest country in South-East Asia.",0.7424907910078659,"The actual output correctly identifies that Burma was the second-wealthiest country in Southeast Asia under British rule, aligning with the core truth of the expected output. However, it includes additional details about wealth concentration and rice exportation, which, while relevant, detract slightly from the succinctness of the expected answer. Overall, it provides a more comprehensive view but could be more focused on the core question."
What general received the surrender of Richmond?,General Godfrey Weitzel accepted the surrender of Richmond.,The correct answer to the question 'What general received the surrender of Richmond?' is: Godfrey Weitzel,0.814346628773954,"The actual output correctly identifies General Godfrey Weitzel as the one who accepted the surrender of Richmond, which aligns with the core truth of the expected output. However, it lacks the explicit phrasing of the expected output, which states 'The correct answer to the question... is: Godfrey Weitzel.' While the response is accurate and provides relevant context, it could be improved by directly addressing the question format presented in the expected output."
When was McVeigh executed?,"Timothy McVeigh was executed on June 11, 2001.","The correct answer to the question 'When was McVeigh executed?' is: June 11, 2001",0.8424018056446523,"The actual output correctly states the date of Timothy McVeigh's execution, which aligns with the core truth of the expected output. However, it lacks the explicit framing of the answer as a response to the question posed, which would enhance clarity. While the output is accurate, it could benefit from a more structured presentation that directly addresses the question asked."
How old were Nasser's brothers when they died?,Nasser's brothers died in their fifties.,The correct answer to the question 'How old were Nasser's brothers when they died?' is: in their fifties,0.8758721029345704,"The actual output correctly identifies that Nasser's brothers died in their fifties, which aligns with the expected output's core truth. However, while it provides the necessary information, it lacks the explicit phrasing 'in their fifties' as stated in the expected output. The additional context about the cause of death adds relevant detail but is not essential to answering the question directly."
Were EditDroid discs single or multi-sided?,Single-sided.,The correct answer to the question 'Were EditDroid discs single or multi-sided?' is: single-sided,0.9228680621728461,"The actual output correctly identifies the discs as 'single-sided,' which aligns with the expected output. It succinctly answers the core question without unnecessary elaboration. While the retrieval context provides additional relevant details about EditDroid and its technology, the actual output remains focused on the specific question asked, enhancing understanding without detracting from the core truth."
Who received new and special protections in the new constitution?,"Former slaves received new and special protections through the Fourteenth Amendment, which includes due process and equal protection clauses.",The correct answer to the question 'Who received new and special protections in the new constitution?' is: women,0.21013328096310674,"The actual output incorrectly identifies former slaves as the recipients of new protections, while the expected output states that women received these protections. Although the actual output provides relevant details about the Fourteenth Amendment, it does not address the core truth of the expected output, which specifically names women. This misalignment with the expected answer significantly impacts the score."
What type of visual character is achieved by using the pointed arch?,The pointed arch achieves a vertical visual character in Gothic architecture.,The correct answer to the question 'What type of visual character is achieved by using the pointed arch?' is: more vertical visual character,0.7309861056039113,"The actual output correctly identifies that the pointed arch achieves a vertical visual character in Gothic architecture, which aligns with the core truth of the expected output. However, it lacks the specific phrasing 'more vertical visual character' from the expected output, which slightly diminishes its alignment. The additional context about the pointed arch's role in Gothic architecture enhances understanding but could be more directly tied to the question asked."
How many geostationary orbit satellites will the BeiDou-2 system have?,The BeiDou-2 system will have 5 geostationary orbit satellites.,The correct answer to the question 'How many geostationary orbit satellites will the BeiDou-2 system have?' is: 5,0.811801135829359,"The actual output correctly identifies the number of geostationary orbit satellites for the BeiDou-2 system as 5, which aligns with the core truth of the expected output. However, it lacks the explicit phrasing of the expected output, which states the answer in a complete sentence format. While the actual output is accurate, it could be improved by including a more comprehensive context or additional details from the retrieval context to enhance understanding."
What reason did Sony give for taking out OtherOS?,Sony cited security concerns as the reason for removing OtherOS.,The correct answer to the question 'What reason did Sony give for taking out OtherOS?' is: security concerns,0.8641849219636997,"The actual output accurately conveys the core truth of the expected output by stating that Sony cited security concerns as the reason for removing OtherOS. It directly answers the question posed in the expected output. Additionally, the actual output is concise and does not include extraneous information that detracts from the core truth, although it could have included a bit more context from the retrieval context to enhance understanding."
Through what Period did Queen Victoria reign? ,June 1837 to January 1901.,The correct answer to the question 'Through what Period did Queen Victoria reign? ' is: 1837 to January 1901,0.7765779556767802,"The actual output provides the correct period of Queen Victoria's reign, aligning with the core truth of the expected output. However, it lacks the explicit framing of the answer as a response to the question posed, which is present in the expected output. While the actual output is accurate, it could be improved by including the context of the question to enhance clarity."
What was the title of Ibn Sina's Book of Healing?,"The title of Ibn Sina's Book of Healing is ""Kitāb al-shifāʾ.""",The correct answer to the question 'What was the title of Ibn Sina's Book of Healing?' is: Sufficientia,0.3039683001077903,"The actual output correctly identifies the title of Ibn Sina's Book of Healing as 'Kitāb al-shifāʾ,' which is accurate. However, it fails to align with the expected output, which states the title should be 'Sufficientia.' While the actual output provides relevant information, it does not address the core question as expected, leading to a significant misalignment."
What company did Comcast sell its interest in QVC to in 2004?,Liberty Media.,The correct answer to the question 'What company did Comcast sell its interest in QVC to in 2004?' is: Liberty Media,0.875872104210686,"The actual output correctly identifies Liberty Media as the company Comcast sold its interest in QVC to in 2004, aligning with the core truth of the expected output. However, it lacks the additional context provided in the expected output, which explicitly states the question and the phrase 'The correct answer to the question...'. While the core truth is present, the absence of this framing slightly detracts from the completeness of the response."
What types of script was used to write Sanskrit in the northwest part of Indai?,Kharosthi script was used to write Sanskrit in the northwest part of India.,The correct answer to the question 'What types of script was used to write Sanskrit in the northwest part of Indai?' is: Kharosthi,0.6849727394457688,"The actual output correctly identifies Kharosthi as the script used to write Sanskrit in the northwest part of India, aligning with the core truth of the expected output. However, it lacks the explicit phrasing of the question and the format of the expected answer, which diminishes its clarity. While it provides relevant context about the script's usage, it could enhance understanding by briefly mentioning its historical significance or relation to other scripts, which would not detract from the core message."
How long is the maximum cable length the USB 2.0 provides?,The maximum cable length for USB 2.0 is 5 meters.,The correct answer to the question 'How long is the maximum cable length the USB 2.0 provides?' is: 5 meters for devices running at Hi Speed,0.7595985159252919,"The actual output correctly identifies the maximum cable length for USB 2.0 as 5 meters, which aligns with the core truth of the expected output. However, it lacks the additional context provided in the expected output regarding the specification for devices running at Hi Speed (480 Mbit/s). While the actual output is accurate, it could be improved by including this detail to enhance its comprehensiveness."
What percentage of the population aged 15 and over were shown to have an immigrant background as of 2012?,34.7%,The correct answer to the question 'What percentage of the population aged 15 and over were shown to have an immigrant background as of 2012?' is: 34.7%,0.8243861535664466,"The actual output provides the correct percentage (34.7%) that aligns with the expected output. However, it lacks the contextual framing present in the expected output, which clearly states the question being answered. While the core truth is present, the absence of the full context may lead to a slight loss in clarity for the reader."
