Pregunta,Respuesta_Generada,Respuesta_Esperada,Nota_Correctness,Justificacion
How many people in Kazakhstan speak Russian natively?,Approximately 4.2 million native speakers.,"The correct answer to the question 'How many people in Kazakhstan speak Russian natively?' is: 4,200,000",0.8187566663837078,"The actual output correctly identifies the number of native speakers of Russian in Kazakhstan as approximately 4.2 million, which aligns with the expected output of 4,200,000. However, it lacks the explicit phrasing of the question and the context that enhances understanding, which could have made the response clearer and more informative."
In which year did Popper give a secret interview concerning his views about God?,1969,The correct answer to the question 'In which year did Popper give a secret interview concerning his views about God?' is: 1969,0.6352410914293272,"The actual output provides the correct year, 1969, which aligns with the expected output's core truth. However, it lacks the contextual framing that the expected output provides, such as explicitly stating the question and the phrase 'The correct answer to the question...'. While the core truth is present, the absence of additional context diminishes clarity and completeness."
Rhythmic gymnastics places greater emphaises on aesthetics rather than what?,Acrobatics.,The correct answer to the question 'Rhythmic gymnastics places greater emphaises on aesthetics rather than what?' is: the acrobatic,0.4005406162315695,"The actual output 'Acrobatics' partially addresses the expected output by identifying the core truth that rhythmic gymnastics emphasizes aesthetics over acrobatics. However, it lacks the clarity and completeness of the expected output, which explicitly states the question and provides a more comprehensive answer. Additionally, the actual output does not incorporate any relevant details from the retrieval context, which could have enhanced its depth and context."
Which Iranian scientist co-invented the first gas laser?,Ali Javan.,The correct answer to the question 'Which Iranian scientist co-invented the first gas laser?' is: Ali Javan,0.7399258968115762,"The actual output correctly identifies Ali Javan as the co-inventor of the first gas laser, aligning with the core truth of the expected output. However, it lacks the additional context provided in the expected output, which explicitly states the question and the phrase 'The correct answer to the question...'. While the core truth is present, the absence of this framing slightly diminishes the clarity and completeness of the response."
Miami is located in which Florida county?,Miami is located in Miami-Dade County.,The correct answer to the question 'Miami is located in which Florida county?' is: Miami-Dade County,0.7679179660022297,"The actual output correctly identifies that Miami is located in Miami-Dade County, which aligns with the core truth of the expected output. However, it lacks the explicit phrasing of the expected output that frames it as the answer to a specific question, which slightly diminishes its clarity. While the response is accurate, it could benefit from a more structured presentation that mirrors the expected format."
Of what area was Valencia the largest city?,Valencia was the largest city in the area of the autonomous community of Valencia.,The correct answer to the question 'Of what area was Valencia the largest city?' is: Crown of Aragon,0.2052075534566579,"The actual output identifies Valencia as the largest city in its area, but it fails to address the core truth of the expected output, which specifies that Valencia is the largest city in the Crown of Aragon. While the actual output provides some relevant context about Valencia, it does not enhance understanding of the specific question asked, leading to a significant misalignment with the evaluation steps."
When did Israel host and win the Asian Nations Cup?,Israel hosted and won the Asian Nations Cup in 1964.,The correct answer to the question 'When did Israel host and win the Asian Nations Cup?' is: 1964,0.7540757555939576,"The actual output correctly identifies the year 1964 as the time when Israel hosted and won the Asian Nations Cup, aligning well with the expected output. However, while it provides additional context about the event, it could be more concise to enhance clarity. The extra details about Israel's football achievements, while relevant, slightly detract from the core truth of the answer, which is simply the year 1964."
What was the primary use of Japanese submarines?,"The primary use of Japanese submarines was long-range reconnaissance, with only occasional attacks on U.S. supply lines.",The correct answer to the question 'What was the primary use of Japanese submarines?' is: long-range reconnaissance,0.7610676018493665,"The actual output correctly identifies the primary use of Japanese submarines as long-range reconnaissance, which aligns with the expected output. However, it includes additional context about their occasional attacks on U.S. supply lines, which, while relevant, slightly detracts from the core truth by introducing complexity that may confuse the main message. Overall, the response is informative and enhances understanding without misleading."
How many freshwater fish species can be found in Portugal?,More than 100 freshwater fish species can be found in Portugal.,The correct answer to the question 'How many freshwater fish species can be found in Portugal?' is: more than 100,0.7720049319689051,"The actual output correctly identifies that there are more than 100 freshwater fish species in Portugal, which aligns with the core truth of the expected output. However, it lacks the explicit phrasing 'The correct answer to the question...' that is present in the expected output, which would enhance clarity. Additionally, while the output is accurate, it does not include any additional relevant details from the retrieval context that could provide further insight into the diversity of these species, which could have strengthened the response."
In what year did Southampton's fourth cruise terminal open in the western docklands?,2009,The correct answer to the question 'In what year did Southampton's fourth cruise terminal open in the western docklands?' is: 2009,0.8118017885096107,"The actual output provides the correct year, 2009, which aligns with the expected output. However, it lacks the explicit articulation of the question and the phrase 'The correct answer to the question...' that is present in the expected output. While the core truth is present, the absence of this framing reduces clarity. The retrieval context offers relevant background information about the cruise terminal, which could enhance understanding, but it is not utilized in the actual output."
What year was the turning point for Germany in the Nation Brands Index?,2010,The correct answer to the question 'What year was the turning point for Germany in the Nation Brands Index?' is: 2006,0.10000000000000002,"The actual output provides a year (2010) that is incorrect in response to the question about the turning point for Germany in the Nation Brands Index, which is clearly stated as 2006 in the expected output. The core truth is not present, and the additional context does not support the actual output, as it focuses on events and perceptions after 2006 rather than addressing the specific question."
A medical staff training college named in his honor is how many miles away from his birthplace?,"The information provided does not specify the birthplace or the distance to any medical staff training college. Therefore, I cannot answer the question.",The correct answer to the question 'A medical staff training college named in his honor is how many miles away from his birthplace?' is: 16,0.20734645293240384,"The actual output acknowledges the lack of specific information regarding the birthplace and distance to the medical staff training college, which aligns with the retrieval context. However, it fails to provide the core truth that the expected output specifies, which is the distance of 16 miles. The response does not enhance understanding or provide any relevant details from the retrieval context that could lead to a more informative answer."
Could a club appeal a requirement?,"Yes, a club can appeal against player suspensions if they believe the referee was incorrect or unduly harsh.","The correct answer to the question 'Could a club appeal a requirement?' is: If a player does not meet those criteria, the club wishing to sign him may appeal.",0.43043122056887667,"The actual output addresses the possibility of appealing player suspensions, which is relevant to the expected output's context about appeals. However, it fails to clearly articulate the specific criteria for appeals related to player eligibility, which is central to the expected output. The response lacks a direct connection to the expected answer regarding the appeal process for signing players, leading to a partial alignment with the evaluation steps."
How are the Houston Community College and Lone Star College systems ranked among educational facilities?,They are within the 10 largest institutions of higher learning in the U.S.,The correct answer to the question 'How are the Houston Community College and Lone Star College systems ranked among educational facilities?' is: within the 10 largest,0.9387793211700679,"The actual output accurately reflects the core truth of the expected output by stating that the Houston Community College and Lone Star College systems are within the 10 largest institutions of higher learning in the U.S. This aligns perfectly with the expected answer, confirming the ranking without introducing any misleading information. Additionally, the retrieval context supports this claim, providing relevant background on the institutions involved."
What book did Thomas Burnet right in 1681?,"Thomas Burnet wrote ""Sacred Theory of the Earth"" in 1681.",The correct answer to the question 'What book did Thomas Burnet right in 1681?' is: Sacred Theory of the Earth,0.749158282661764,"The actual output correctly identifies the book written by Thomas Burnet in 1681, aligning with the expected output. However, it lacks the explicit phrasing of the question and the phrase 'The correct answer to the question...' which would enhance clarity and context. The retrieval context provides relevant background on Burnet's work, which could further enrich the response, but it is not utilized in the actual output."
Which scholar believes the Quran's fragmentary writing style is an effective literary device for a prophetic message?,Michael Sells.,The correct answer to the question 'Which scholar believes the Quran's fragmentary writing style is an effective literary device for a prophetic message?' is: Michael Sells,0.6910110896062986,"The actual output identifies Michael Sells as the scholar in question, which aligns with the expected output. However, it lacks the full context and clarity provided in the expected output, particularly the phrasing that emphasizes the question being answered. While the retrieval context offers relevant details about Sells' views on the Quran's literary style, the actual output does not incorporate these insights, which would enhance understanding and provide a more comprehensive answer."
In what years was CP1251 encoding used in most Russian online usage?,CP1251 encoding was predominantly used in Russian online communication from 1995 to 2005.,The correct answer to the question 'In what years was CP1251 encoding used in most Russian online usage?' is: 1995–2005,0.7995436205132294,"The actual output correctly identifies the years CP1251 encoding was predominantly used in Russian online communication, aligning well with the expected output. However, while it provides the correct timeframe, it lacks the explicit phrasing of the question and the answer format requested in the expected output, which could enhance clarity. The retrieval context offers relevant background on encoding standards but does not directly contribute to the core truth of the answer."
What happens when a doctor doesn't know the microorganism yet?,The doctor administers empirical therapy using a broad-spectrum antibiotic while waiting for identification.,The correct answer to the question 'What happens when a doctor doesn't know the microorganism yet?' is: broad spectrum antibiotic,0.7990699093749822,"The actual output correctly identifies the use of a broad-spectrum antibiotic in empirical therapy, which aligns with the expected output's core truth. However, while it provides additional context about the process of empirical therapy, it could be more concise to enhance clarity. The extra details about the identification process, while relevant, slightly detract from the straightforward answer expected."
"Besides being the official language and language of education, what other group uses Catalan?","Catalan is used in mass media and by cultural associations, such as La Bressola, for language immersion programs.","The correct answer to the question 'Besides being the official language and language of education, what other group uses Catalan?' is: mass media",0.606568758155546,"The actual output identifies mass media as a user of Catalan, which aligns with the expected output. However, it includes additional details about cultural associations and language immersion programs that, while relevant, do not directly address the core truth of the expected output. This additional information could distract from the main point, which is the identification of mass media as a user of Catalan."
How much of a decrease in sales have Windows devices experienced?,Windows device sales in the U.S. have declined by 21% compared to the same period in 2011.,The correct answer to the question 'How much of a decrease in sales have Windows devices experienced?' is: 21 percent,0.7424905163971965,"The actual output correctly identifies the core truth of the expected output by stating that Windows device sales in the U.S. have declined by 21%. However, it lacks the explicit phrasing of '21 percent' as requested in the expected output, which would have made the alignment stronger. The additional context provided in the retrieval context enhances understanding of the market situation but is not directly referenced in the actual output, which could have further solidified the response."
Who did France restore into power?,France restored the Bourbon Dynasty to the throne.,The correct answer to the question 'Who did France restore into power?' is: Dacko,0.10215004700997954,"The actual output states that France restored the Bourbon Dynasty, which is incorrect in the context of the expected output that identifies Dacko as the correct answer to the question about who was restored to power. The core truth of the expected output is not present in the actual output, and the retrieval context does not provide relevant information that supports the actual output's claim."
Are attendance remittances that important to the Premier League?,"Yes, stadium attendances are a significant source of regular income for Premier League clubs.",The correct answer to the question 'Are attendance remittances that important to the Premier League?' is: Stadium attendances are a significant source of regular income for Premier League clubs.,0.7447569212719917,"The actual output correctly identifies that stadium attendances are a significant source of income for Premier League clubs, aligning with the core truth of the expected output. However, it lacks the explicit framing of the answer to the posed question, which diminishes its clarity and completeness. The retrieval context provides additional relevant details about attendance statistics that could enhance the response, but these were not utilized in the actual output."
How many students were enrolled in primary school in 2010?,"In 2010, there were 5,040 pupils enrolled in primary school in Bern.",The correct answer to the question 'How many students were enrolled in primary school in 2010?' is: 230,0.05943448602414364,"The actual output states that there were 5,040 pupils enrolled in primary school in Bern in 2010, which contradicts the expected output of 230 pupils. The core truth of the expected output is not present in the actual output, and there is no relevant context provided that could clarify or support the discrepancy. Therefore, the response fails to align with the evaluation steps."
Which was the first Spanish city founded in the region?,"Santa Barbara, founded in 1567.",The correct answer to the question 'Which was the first Spanish city founded in the region?' is: Santa Barbara,0.6489220558739085,"The actual output correctly identifies Santa Barbara as the first Spanish city founded in the region, aligning with the core truth of the expected output. However, it lacks the explicit phrasing of the question and the structured format of the expected output, which diminishes clarity. While it provides a historical fact, it does not include additional relevant details from the retrieval context that could enhance understanding, such as the year of establishment or the context of its founding."
What was the Qing reorganization of the Tibetan called?,"The ""Twenty-Nine Regulations for Better Government in Tibet.""",The correct answer to the question 'What was the Qing reorganization of the Tibetan called?' is: Twenty-Nine Regulations for Better Government in Tibet,0.8468561845440437,"The actual output correctly identifies the 'Twenty-Nine Regulations for Better Government in Tibet' as the answer to the question regarding the Qing reorganization of Tibet, aligning well with the expected output. However, it lacks the introductory phrase present in the expected output, which explicitly states that this is the answer to the question. The retrieval context provides relevant historical background that enhances understanding but is not directly reflected in the actual output."
Who created the formula E = mc2?,Albert Einstein.,The correct answer to the question 'Who created the formula E = mc2?' is: Albert Einstein,0.5371832341767074,"The actual output correctly identifies Albert Einstein as the creator of the formula E = mc², which aligns with the core truth of the expected output. However, it lacks the additional context provided in the retrieval context that could enhance understanding, such as the historical significance of the formula and its derivation. While the core truth is present, the response could be improved by incorporating relevant details from the retrieval context to provide a more comprehensive answer."
What was the film that Madonna starred in 2000?,Madonna did not star in a film in 2000.,The correct answer to the question 'What was the film that Madonna starred in 2000?' is: The Next Best Thing,0.10423712153042083,"The actual output states that Madonna did not star in a film in 2000, which directly contradicts the expected output that identifies 'The Next Best Thing' as the film she starred in that year. The core truth of the expected output is completely absent in the actual output, leading to a total misalignment with the evaluation steps."
"After Tripoli was conquered, where did Gaddafi go?",Gaddafi took control of the Berka barracks in Benghazi.,"The correct answer to the question 'After Tripoli was conquered, where did Gaddafi go?' is: Sirte",0.15886226426761543,"The actual output mentions Gaddafi taking control of the Berka barracks in Benghazi, which is not relevant to the expected output that states he went to Sirte after Tripoli was conquered. While it provides some context about Gaddafi's actions, it fails to address the core truth of the expected output, which is the location of Gaddafi after the conquest of Tripoli. The response does not enhance understanding of the expected answer and is misleading in that it does not answer the question posed."
In what treatise did negative numbers first appear?,"Negative numbers first appeared in the ""Nine Chapters on the Mathematical Art.""",The correct answer to the question 'In what treatise did negative numbers first appear?' is: the Nine Chapters on the Mathematical Art,0.6983255792794024,"The actual output correctly identifies that negative numbers first appeared in the 'Nine Chapters on the Mathematical Art,' which aligns with the expected output. However, it lacks the explicit phrasing of the expected answer format, which states the answer should be presented as a complete sentence. While the retrieval context provides relevant historical details about negative numbers, it does not enhance the core truth of the actual output, which could have been more clearly articulated."
Where did Chinese merchants explore? ,Chinese merchants explored the Indian Ocean and reached East Africa.,The correct answer to the question 'Where did Chinese merchants explore? ' is: all of the Indian Ocean,0.8012673506695551,"The actual output correctly identifies that Chinese merchants explored the Indian Ocean and reached East Africa, which aligns with the core truth of the expected output. However, it does not explicitly state 'all of the Indian Ocean' as mentioned in the expected output, which slightly detracts from its completeness. The additional context about Zheng He's treasure voyages enhances understanding but is not necessary for answering the core question."
What country has the largest population of Buddhists?,"China, with approximately 244 million Buddhists.",The correct answer to the question 'What country has the largest population of Buddhists?' is: China,0.7741400678195847,"The actual output correctly identifies China as the country with the largest population of Buddhists, aligning with the core truth of the expected output. However, while it provides the approximate number of Buddhists in China, it lacks the explicit phrasing of the expected output, which states the answer in a complete sentence. The additional detail about the number of Buddhists enhances understanding but could be seen as slightly detracting from the simplicity of the core message."
What type of political religious beliefs does Elizabeth seemed to support?,Elizabeth supports inter-faith relations and is a member of the Church of England and the Church of Scotland.,The correct answer to the question 'What type of political religious beliefs does Elizabeth seemed to support?' is: inter-faith relations,0.7758888225130169,"The actual output correctly identifies Elizabeth's support for inter-faith relations, which aligns with the core truth of the expected output. However, it includes additional details about her membership in the Church of England and the Church of Scotland, which, while relevant, could distract from the primary focus on her political religious beliefs. Overall, the response is informative and enhances understanding without misleading."
What was code pleading ultimately replaced by?,Code pleading was ultimately replaced by modern notice pleading.,The correct answer to the question 'What was code pleading ultimately replaced by?' is: modern notice pleading,0.7904601903444627,"The actual output correctly identifies that code pleading was replaced by modern notice pleading, which aligns with the core truth of the expected output. However, it lacks the explicit phrasing of the expected answer format, which would enhance clarity. The response could have included additional context from the retrieval context to provide a more comprehensive understanding of the historical transition between pleading types."
What country has provided Burma with the most military aid ?,China has provided Burma with the most military aid.,The correct answer to the question 'What country has provided Burma with the most military aid ?' is: Myanmar has received extensive military aid from China,0.640941586444923,"The actual output identifies China as the primary provider of military aid to Burma, which aligns with the expected output's core truth. However, it lacks the specificity and completeness of the expected output, which explicitly states that Myanmar has received extensive military aid from China. The retrieval context provides additional relevant details about the historical relationship between China and Myanmar, which could enhance the understanding of the situation but are not utilized in the actual output."
"What did Shurden claim was never ideal, has often produced positive results?",Schism.,"The correct answer to the question 'What did Shurden claim was never ideal, has often produced positive results?' is: controversies that have shaped Baptists",0.2414698836764511,"The actual output 'Schism.' does not clearly articulate the core truth of the expected output, which is about Shurden's claim regarding controversies that have shaped Baptists. While 'schism' is related to the topic, it fails to provide the comprehensive answer expected. The retrieval context supports the expected output by detailing Shurden's views, but the actual output lacks the necessary context and clarity to be considered accurate."
Who invented the beer pump in England?,John Lofting.,The correct answer to the question 'Who invented the beer pump in England?' is: John Lofting,0.8050690846531209,"The actual output correctly identifies John Lofting as the inventor of the beer pump in England, aligning with the core truth of the expected output. However, it lacks the additional context provided in the expected output, such as the phrasing 'The correct answer to the question...' which would enhance clarity. While the response is accurate, it could be more comprehensive by including relevant details from the retrieval context that support Lofting's significance."
"Because of low sanitation coverage 17,000 Egyptian children to die each year from what condition?",Diarrhea.,"The correct answer to the question 'Because of low sanitation coverage 17,000 Egyptian children to die each year from what condition?' is: diarrhoea",0.7524821628740549,"The actual output 'Diarrhea' captures the core truth of the expected output, which is the condition causing the deaths of 17,000 Egyptian children due to low sanitation coverage. However, it lacks the full context and phrasing of the expected output, which specifies 'diarrhoea' and includes the question it answers. While the core truth is present, the response could be improved by incorporating the complete context and phrasing to enhance clarity and alignment."
What type of population lives in Tiahuac?,"Tiahuac has a diverse population, primarily composed of Han Chinese and significant minorities, including Tibetan, Yi, Qiang, and Nakhi people.",The correct answer to the question 'What type of population lives in Tiahuac?' is: rural,0.24663363408920777,"The actual output provides information about the diverse population of Tiahuac, which includes Han Chinese and various minorities. However, it fails to address the core truth of the expected output, which states that the population type is 'rural.' While the additional details about the population are relevant, they do not enhance understanding of the core message and instead distract from the expected answer."
When was the Release Preview revealed to consumers?,"The Release Preview was revealed to consumers on May 31, 2012.","The correct answer to the question 'When was the Release Preview revealed to consumers?' is: May 31, 2012",0.8230265182350894,"The actual output correctly identifies the date of the Release Preview as May 31, 2012, which aligns with the core truth of the expected output. However, it lacks the explicit framing of the answer as a response to the question posed, which would enhance clarity. While the additional context about the Release Preview is relevant, it could be seen as slightly detracting from the core message by not directly addressing the question format."
What university is in Raleigh?,North Carolina State University and Shaw University.,The correct answer to the question 'What university is in Raleigh?' is: North Carolina State University,0.5005678098317949,"The actual output mentions both North Carolina State University and Shaw University, which aligns with the expected output's focus on North Carolina State University as the university in Raleigh. However, it does not clearly articulate that North Carolina State University is the correct answer to the question posed, which detracts from its effectiveness. While the additional mention of Shaw University provides context, it does not enhance the core truth and may lead to confusion regarding the specific answer sought."
What other group of people does Seattle have the largest percentage of in the US?,Seattle has the highest percentage of same-sex households in the U.S. at 2.6%.,The correct answer to the question 'What other group of people does Seattle have the largest percentage of in the US?' is: self-identified mixed-race,0.3334133221026625,"The actual output provides a fact about Seattle having the highest percentage of same-sex households, which is relevant but does not address the expected output regarding the largest percentage of self-identified mixed-race individuals. While the actual output is accurate, it fails to articulate the core truth of the expected output, leading to a significant misalignment."
What two exports has the Congo begun producing recently?,Natural gas and diamonds.,The correct answer to the question 'What two exports has the Congo begun producing recently?' is: Natural gas and diamonds,0.818910419647232,"The actual output correctly identifies the two exports, 'Natural gas and diamonds', which aligns with the core truth of the expected output. However, it lacks the explicit phrasing of the question and the context that reinforces the answer, which could enhance clarity and understanding. The response is accurate but could be improved by including a more complete sentence structure that mirrors the expected output."
Who directed 'Batman'?,Joel Schumacher directed 'Batman & Robin'.,The correct answer to the question 'Who directed 'Batman'?' is: Tim Burton,0.05418040025370476,"The actual output incorrectly states that Joel Schumacher directed 'Batman & Robin', while the expected output correctly identifies Tim Burton as the director of 'Batman'. The core truth regarding the director of 'Batman' is not present in the actual output, leading to a complete misalignment with the expected response."
What is a single panel door referred to as?,"A single panel door is referred to as a ""slab"" door.","The correct answer to the question 'What is a single panel door referred to as?' is: ""slab"" door",0.820281507008081,"The actual output correctly identifies that a single panel door is referred to as a 'slab' door, which aligns with the core truth of the expected output. However, it lacks the explicit phrasing of the expected output, which includes the question and the phrase 'the correct answer is'. While the response is accurate and clear, it could be improved by incorporating the full context of the question to enhance understanding."
What happened to British Isles area when the ice melted after the last ice age?,"As the ice melted after the last ice age, sea levels rose, separating Ireland from Great Britain and creating the Isle of Man, while Great Britain eventually separated from the mainland.",The correct answer to the question 'What happened to British Isles area when the ice melted after the last ice age?' is: sea levels rose,0.7536256416121068,"The actual output accurately identifies the core truth that sea levels rose after the last ice age, which aligns with the expected output. It provides additional context about the geographical changes, such as the separation of Ireland from Great Britain and the creation of the Isle of Man, enhancing understanding. However, while the extra details are relevant, they may detract slightly from the simplicity of the expected answer, which focuses solely on the rise in sea levels."
What was the name of the legislative body that was brought into existance in 1989?,The Congress of People's Deputies.,The correct answer to the question 'What was the name of the legislative body that was brought into existance in 1989?' is: Congress of People's Deputies,0.7722382921020967,"The actual output correctly identifies the 'Congress of People's Deputies' as the legislative body established in 1989, aligning well with the core truth of the expected output. However, it lacks the explicit context of the question and the phrase 'The correct answer to the question...' which would enhance clarity and completeness. While the core truth is present, the absence of additional context from the retrieval does not detract significantly from understanding."
What caused the sea to rise during the Jurassic?,Increased seafloor spreading and the rifting of Pangaea caused sea levels to rise during the Jurassic.,The correct answer to the question 'What caused the sea to rise during the Jurassic?' is: increase in seafloor,0.7275925787583972,"The actual output identifies the increase in seafloor spreading and the rifting of Pangaea as causes for rising sea levels during the Jurassic, which aligns with the core truth of the expected output. However, while it provides relevant details, it could be more concise and directly state the core answer, which is simply 'increase in seafloor'. The additional context about Pangaea's rifting, while informative, slightly detracts from the clarity of the core message."
Who was the Army Chief of Staff at this time?,The text does not specify who the Army Chief of Staff was at the time in question.,The correct answer to the question 'Who was the Army Chief of Staff at this time?' is: General Martin Dempsey,0.20344533747650906,"The actual output fails to provide the specific answer to the question regarding the Army Chief of Staff, which is the core truth of the expected output. While it correctly notes the absence of information, it does not align with the expected output that clearly states General Martin Dempsey as the answer. The retrieval context does not enhance the actual output in this case, as it does not provide relevant details about the specific time or individual in question."
How many rpm did the electrically powered synchronous turanable motor run at?,The electrically powered synchronous turntable motor ran at 3600 rpm.,The correct answer to the question 'How many rpm did the electrically powered synchronous turanable motor run at?' is: 3600 rpm,0.7782572382395062,"The actual output correctly identifies the rpm of the electrically powered synchronous turntable motor as 3600, which aligns with the core truth of the expected output. However, it lacks the explicit framing of the answer as a response to the question posed, which is a minor shortcoming. The retrieval context provides relevant historical details about the motor's significance and its operational context, enhancing the understanding of the output, but the actual output could have better integrated this context to strengthen its relevance."
What percentage of Africans make up NYC?,The percentage of Black Americans (which includes both Hispanic and non-Hispanic) in NYC is approximately 38.29%.,The correct answer to the question 'What percentage of Africans make up NYC?' is: 25.5,0.2132149797536405,"The actual output provides a percentage of Black Americans in NYC, which is not the same as the percentage of Africans as requested in the expected output. While it presents a statistic related to the demographic question, it fails to address the core truth of the expected output, which specifically states a different percentage (25.5%). Additionally, the retrieval context does not support the actual output's claim, as it does not clarify the distinction between Black Americans and Africans."
What nationality can tolerate the least amount of electric shock?,Italian women.,The correct answer to the question 'What nationality can tolerate the least amount of electric shock?' is: Italian,0.49826643655761416,"The actual output identifies 'Italian women,' which partially aligns with the expected output that specifies 'Italian' as the nationality. However, it lacks the clarity and completeness of the expected output, which explicitly states the context of electric shock tolerance. While it does mention a relevant group, it does not fully convey the core truth of the expected answer, which is about the nationality's tolerance to electric shock."
How many free states are there in Germany?,"There are three free states in Germany: Bavaria, Saxony, and Thuringia.",The correct answer to the question 'How many free states are there in Germany?' is: three,0.8066221142485442,"The actual output correctly identifies the number of free states in Germany as three, which aligns with the core truth of the expected output. It also provides the names of the free states, enhancing understanding without deviating from the core question. However, the expected output is more concise and directly answers the question, while the actual output includes additional details that, while relevant, could be seen as unnecessary for a straightforward response."
When was President Johnson's speech for John XXIII?,President Johnson's speech for John XXIII was on 6 December 1963.,The correct answer to the question 'When was President Johnson's speech for John XXIII?' is: 6 December 1963,0.9,"The actual output correctly identifies the date of President Johnson's speech for John XXIII as 6 December 1963, which aligns with the expected output. While the expected output explicitly states the answer in a complete sentence, the actual output provides the correct information succinctly. The additional context in the retrieval does not detract from the core truth and enhances understanding of the significance of the speech, justifying a high score."
How many rooms does the palace have?,The palace has 775 rooms.,The correct answer to the question 'How many rooms does the palace have?' is: 775 rooms,0.8202807597313783,"The actual output correctly states the number of rooms in the palace, which aligns with the core truth of the expected output. However, it lacks the explicit phrasing of the question and the introductory context provided in the expected output, which could enhance clarity. While the response is accurate, it could be improved by incorporating the question format to fully match the expected output."
Where is the starting point of the terminus line in New Haven?,The starting point of the terminus line in New Haven is Union Station.,The correct answer to the question 'Where is the starting point of the terminus line in New Haven?' is: New Haven's Union Station,0.8177145229011723,"The actual output correctly identifies Union Station as the starting point of the terminus line in New Haven, which aligns with the expected output. However, it lacks the phrasing 'New Haven's Union Station' as specified in the expected output, which slightly detracts from its alignment. The response is clear and accurate, but could be improved by mirroring the expected phrasing more closely."
About how many tonnes of uranium is theorized to be present in the sea?,About 10 billion tonnes of uranium is theorized to be present in the sea.,The correct answer to the question 'About how many tonnes of uranium is theorized to be present in the sea?' is: 4.6 billion,0.15358772865787992,"The actual output states that about 10 billion tonnes of uranium is theorized to be present in the sea, which is incorrect compared to the expected output of 4.6 billion tonnes. While the actual output presents a figure, it does not align with the core truth of the expected output, leading to a significant discrepancy. Additionally, the actual output does not provide any relevant context or details from the retrieval context that could enhance understanding or support the claim made."
With what broader style of music does adult contemporary share its structure?,Adult contemporary shares its structure with pop music.,The correct answer to the question 'With what broader style of music does adult contemporary share its structure?' is: pop music,0.7844120695109786,"The actual output correctly identifies that adult contemporary shares its structure with pop music, aligning with the core truth of the expected output. However, it lacks the explicit phrasing of the expected output, which directly states the answer to the question. While it does not deviate from the core truth, it could have included additional relevant details from the retrieval context to enhance comprehensiveness, such as the characteristics of adult contemporary music that relate to pop."
In what year did Xinhai revolt against the Qing dynasty?,1911,The correct answer to the question 'In what year did Xinhai revolt against the Qing dynasty?' is: 1912,0.4087676781478903,"The actual output provides the year '1911', which is close to the expected output of '1912' but does not accurately represent the core truth of the question regarding the Xinhai revolt. While the retrieval context offers relevant historical details, the actual output fails to clarify that the revolt began in 1911 and culminated in the abdication of the emperor in 1912, which is essential for a complete understanding."
What county in England was named after Hampton?,Hampshire.,The correct answer to the question 'What county in England was named after Hampton?' is: Hampshire,0.8097977201159313,"The actual output correctly identifies 'Hampshire' as the answer to the question about the county named after Hampton, aligning well with the expected output. However, it lacks the additional context provided in the expected output, which explicitly states the question and the phrase 'The correct answer to the question...'. While the core truth is present, the response could be improved by including a more complete articulation of the question and answer format."
The Bean Approach Training Development Unit were fitted with what kind of transmitter to search for the Knickebein? ,30 MHz receiver.,The correct answer to the question 'The Bean Approach Training Development Unit were fitted with what kind of transmitter to search for the Knickebein? ' is: 30 MHz receiver,0.8421047203842097,"The actual output correctly identifies the core truth of the expected output by stating '30 MHz receiver', which directly answers the question about the transmitter used by the Bean Approach Training Development Unit. However, it lacks the full context and phrasing of the expected output, which includes the question and the phrase 'The correct answer to the question...'. While the core truth is present, the absence of additional context from the retrieval does not enhance understanding as effectively as it could have."
In what periodical was the new sovereign status of the Russian Federation first published?,Rossiyskaya Gazeta.,The correct answer to the question 'In what periodical was the new sovereign status of the Russian Federation first published?' is: Rossiyskaya Gazeta,0.7653267055574526,"The actual output correctly identifies 'Rossiyskaya Gazeta' as the source of the new sovereign status of the Russian Federation, aligning with the expected output. However, it lacks the explicit context that the answer is in response to the question posed, which diminishes clarity. The retrieval context provides relevant historical details that could enhance understanding but are not utilized in the actual output."
Which countries initiated the Age of Exploration following the Reconquista?,Spain and Portugal initiated the Age of Exploration following the Reconquista.,The correct answer to the question 'Which countries initiated the Age of Exploration following the Reconquista?' is: Portugal and Spain,0.7600151920760256,"The actual output correctly identifies Spain and Portugal as the initiators of the Age of Exploration following the Reconquista, aligning well with the expected output. However, it lacks the explicit phrasing of the question and the format of the expected answer, which could enhance clarity. While it provides relevant historical context, it could be more concise to avoid overwhelming the core message."
What is the STA?,The Somali Telecommunication Association (STA) is a watchdog organization that oversees policy development and regulatory framework in Somalia's ICT sector.,The correct answer to the question 'What is the STA?' is: Somali Telecommunication Association,0.757598193987129,"The actual output correctly identifies the Somali Telecommunication Association (STA) and provides additional context about its role in overseeing policy development and regulatory frameworks in Somalia's ICT sector. This enhances understanding of the organization beyond the expected output, which only states its name. However, the core truth of the expected output is slightly overshadowed by the additional details, which could lead to confusion about the primary answer."
What components can be surface mounted to save space?,"Small capacitors, transistors, and passive components can be surface mounted to save space.",The correct answer to the question 'What components can be surface mounted to save space?' is: small-sized SMD components,0.6893841772005909,"The actual output identifies small capacitors, transistors, and passive components as suitable for surface mounting, which aligns with the core truth of the expected output regarding small-sized SMD components. However, it lacks the explicit mention of 'small-sized SMD components' as stated in the expected output, which could lead to a slight misalignment. The additional details about the benefits of surface mounting enhance understanding but are not directly required to answer the question."
What is the lowest median income in Philadelphia?,"$14,185","The correct answer to the question 'What is the lowest median income in Philadelphia?' is: $14,185",0.8376499228506935,"The actual output provides the correct figure of $14,185, which aligns with the expected output. However, it lacks the explicit context that the expected output includes, which states it is the answer to the question about the lowest median income in Philadelphia. While the core truth is present, the absence of a complete sentence diminishes clarity and context."
Which of Alexanders commanders were the first to visit Bahrain?,Nearchus.,The correct answer to the question 'Which of Alexanders commanders were the first to visit Bahrain?' is: Nearchus,0.8142570777103153,"The actual output correctly identifies Nearchus as the answer to the question about Alexander's commanders visiting Bahrain, aligning well with the expected output. However, it lacks the additional context provided in the expected output that clarifies the nature of the answer, which could enhance understanding. While the retrieval context contains relevant historical details about Nearchus and Bahrain, the actual output does not incorporate any of this information, which could have further enriched the response without detracting from the core truth."
What stage of the slave trade provided slaves to Charles Town?,The Middle Passage provided slaves to Charles Town.,The correct answer to the question 'What stage of the slave trade provided slaves to Charles Town?' is: Middle Passage,0.7493267785541299,"The actual output correctly identifies the Middle Passage as the stage of the slave trade that provided slaves to Charles Town, aligning well with the expected output. However, it lacks the explicit phrasing of the question and the phrase 'the correct answer is', which would have strengthened its alignment with the expected format. The retrieval context provides additional relevant details about the Middle Passage and its impact on Charles Town, which could enhance the response, but the core truth is still present."
What is another term for the act of spying for another country?,Espionage.,The correct answer to the question 'What is another term for the act of spying for another country?' is: espionage,0.6356742822717018,"The actual output 'Espionage' correctly identifies the core truth of the expected output, which is the term for the act of spying for another country. However, it lacks the clarity and completeness of the expected output, which explicitly states the question and provides context. While the core term is present, the response does not include any additional relevant details from the retrieval context that could enhance understanding, nor does it provide a complete answer format as expected."
Where was the Russians building a new fort?,"The Russians were building a new fort at Mamelon, located on a hill in front of the Malakoff.",The correct answer to the question 'Where was the Russians building a new fort?' is: Mamelon,0.8155879296057444,"The actual output correctly identifies Mamelon as the location where the Russians were building a new fort, which aligns with the core truth of the expected output. However, it provides additional context by mentioning that Mamelon is located on a hill in front of the Malakoff, which enhances understanding without detracting from the main answer. The response could be improved by explicitly stating that Mamelon is the answer to the question posed, as the expected output does."
What metaphysical concepts were included in the Vedanta school? ,"The Vedanta school included metaphysical concepts such as ātman (soul) and Brahman (ultimate reality), emphasizing unity, non-dualism, knowledge, meditation, and self-discipline.",The correct answer to the question 'What metaphysical concepts were included in the Vedanta school? ' is: ātman and Brahman,0.7881988644527472,"The actual output correctly identifies the core metaphysical concepts of ātman and Brahman, which aligns with the expected output. Additionally, it provides relevant context about the Vedanta school's emphasis on unity, non-dualism, and self-discipline, enhancing the understanding of these concepts. However, the response could be more concise and focused solely on the core truth, as the additional details, while informative, may detract from the direct answer to the question."
What highway connecting Kathmandu to elsewhere in Nepal is currently being built?,The BP Highway.,The correct answer to the question 'What highway connecting Kathmandu to elsewhere in Nepal is currently being built?' is: BP,0.7737092724816508,"The actual output identifies the BP Highway, which aligns with the expected output's core truth regarding the highway under construction connecting Kathmandu. However, it lacks the explicit context of the question and the phrase 'The correct answer to the question...' that is present in the expected output. While it provides the correct information, it could enhance clarity by including the context of the question directly."
What is commonly used for the basketball courts the NBA plays on?,Parquetry.,The correct answer to the question 'What is commonly used for the basketball courts the NBA plays on?' is: parquetry,0.8088145499666421,"The actual output 'Parquetry' correctly identifies the core truth of the expected output, which is that parquetry is commonly used for NBA basketball courts. However, it lacks the additional context provided in the expected output that explicitly states the question it answers. While the core truth is present, the response could be improved by including a more complete statement that enhances understanding without detracting from the main point."
What did early American leaders worry a large standing army would involve America in?,Early American leaders worried a large standing army would involve America in excessive foreign wars and enable a domestic tyrant to seize power.,The correct answer to the question 'What did early American leaders worry a large standing army would involve America in?' is: foreign wars,0.8017653829086987,"The actual output accurately captures the core truth of the expected output by stating that early American leaders worried a large standing army would involve America in excessive foreign wars. However, it could be more concise, as the expected output specifically focuses on the concern of foreign wars without additional context about domestic tyranny. The additional details in the actual output enhance understanding but slightly detract from the directness of the answer."
what tiny island was house music also being devloped on?,Ibiza.,The correct answer to the question 'what tiny island was house music also being devloped on?' is: Ibiza,0.8894756784385649,"The actual output correctly identifies Ibiza as the tiny island where house music was developed, aligning well with the expected output. While the expected output includes a more formal structure, the core truth is present and accurately represented. The retrieval context provides additional relevant details about the development of house music on Ibiza, enhancing understanding without detracting from the main answer."
What example of post-translational modification of a protein was first described in 1961?,The example of post-translational modification of a protein first described in 1961 is protein phosphorylation.,The correct answer to the question 'What example of post-translational modification of a protein was first described in 1961?' is: The regulation of lactose metabolism genes in E. coli,0.0822205857183591,"The actual output does not address the expected output's core truth, which is the specific example of post-translational modification first described in 1961. Instead, it incorrectly states that protein phosphorylation is the example, which is not relevant to the expected answer regarding lactose metabolism genes in E. coli. There are no additional relevant details that enhance the response, and it fails to provide the correct information required by the evaluation steps."
Which port in Melborne is the busiest seaport for containerised and general cargo?,Port of Melbourne.,The correct answer to the question 'Which port in Melborne is the busiest seaport for containerised and general cargo?' is: Port of Melbourne,0.8200333153237809,"The actual output correctly identifies the Port of Melbourne as the busiest seaport for containerised and general cargo, aligning well with the expected output. However, it lacks the explicit phrasing of the question and the introductory context provided in the expected output, which could enhance clarity and understanding. While the core truth is present, the absence of additional context from the retrieval does not detract significantly from the main message."
Who stated that the character of a gas and free molecule were in ether?,Henry Pickering stated that the character of a gas and free molecules were in ether.,The correct answer to the question 'Who stated that the character of a gas and free molecule were in ether?' is: Henry Pickering,0.4685716243788825,"The actual output identifies Henry Pickering as the individual who made a statement about the character of a gas and free molecules, which aligns with the expected output. However, it lacks clarity and does not explicitly state that he is the one who made the statement, which is essential for full alignment with the expected output. The additional context about Pickering's comment is relevant but does not enhance the core truth, as it introduces complexity without directly answering the question posed."
How were the recordings released for the initial five seasons?,As compilation albums at the end of the season.,The correct answer to the question 'How were the recordings released for the initial five seasons?' is: as a compilation album,0.7428622661943944,"The actual output captures the core truth of the expected output by stating that the recordings were released as a compilation album. However, it lacks the clarity and completeness of the expected output, which explicitly states the context of the question. The retrieval context provides relevant details about the compilation albums and their success, which could enhance the understanding but is not fully utilized in the actual output."
Who recorded early records of migration?,"Ancient Greek authors (Hesiod, Homer, Herodotus, Aristotle), the Bible (Book of Job, Jeremiah), and Johannes Leche.",The correct answer to the question 'Who recorded early records of migration?' is: Ancient Greek writers,0.4946231938589401,"The actual output identifies Ancient Greek authors as part of the response, which aligns with the expected output's core truth of recognizing them as early recorders of migration. However, it fails to clearly articulate that the answer to the question is specifically 'Ancient Greek writers,' and instead lists multiple authors without emphasizing the collective term. Additionally, while the output includes relevant details from the retrieval context, it could be more focused on enhancing the core message rather than providing an extensive list of names."
What other newspaper was accused of bias?,The French newspaper Libération was accused of bias.,The correct answer to the question 'What other newspaper was accused of bias?' is: Libération,0.563652025425286,"The actual output identifies Libération as a newspaper accused of bias, which aligns with the expected output. However, it lacks the explicit connection to the question about which other newspaper was accused of bias, as it does not mention any other newspapers. While the retrieval context provides relevant information about Libération's accusations, the actual output does not fully utilize this context to enhance the response or clarify the expected answer."
Where are equine events hosted?,Equine events are hosted at Remington Park and the state fairgrounds.,The correct answer to the question 'Where are equine events hosted?' is: state fairgrounds,0.6540608860763263,"The actual output correctly identifies that equine events are hosted at both Remington Park and the state fairgrounds, which aligns with the core truth of the expected output. However, it fails to emphasize the state fairgrounds as the primary location, which is the focus of the expected answer. While the additional detail about Remington Park is relevant, it somewhat detracts from the completeness of the response regarding the specific question asked."
What is the largest Anglican church in Nigeria?,The largest Anglican church in Nigeria is the Church of Nigeria of the Anglican Communion.,The correct answer to the question 'What is the largest Anglican church in Nigeria?' is: the Church of Nigeria of the Anglican Communion,0.8595068402192177,"The actual output correctly identifies the Church of Nigeria of the Anglican Communion as the largest Anglican church in Nigeria, aligning well with the expected output. However, it lacks the explicit phrasing of the expected output, which includes the phrase 'The correct answer to the question...'. While the core truth is present, the absence of this framing slightly detracts from the overall alignment with the evaluation steps."
What is one way you could group pesticides?,"Pesticides can be grouped by their biological mechanism, function, or application method.",The correct answer to the question 'What is one way you could group pesticides?' is: application method,0.4371203214752457,"The actual output identifies a valid way to group pesticides, mentioning both biological mechanism and application method. However, it fails to directly answer the specific question posed in the expected output, which focuses solely on 'application method.' While the additional detail about grouping methods is relevant, it detracts from the clarity of the core truth that should have been emphasized."
What was the event that ended religious unity in the Western Church?,The Protestant Reformation.,The correct answer to the question 'What was the event that ended religious unity in the Western Church?' is: the Protestant Reformation,0.6276924233241805,"The actual output correctly identifies the Protestant Reformation as the event that ended religious unity in the Western Church, aligning with the core truth of the expected output. However, it lacks the explicit phrasing found in the expected output, which clearly states the answer in the context of the question. While the retrieval context provides additional relevant details about the Protestant Reformation, the actual output does not incorporate these details, resulting in a less comprehensive response."
In theory how were all polish noblemen viewed?,"In theory, all Polish noblemen were viewed as social equals and legal peers.",The correct answer to the question 'In theory how were all polish noblemen viewed?' is: equals,0.6552013875583158,"The actual output captures the core truth that Polish noblemen were viewed as social equals, aligning with the expected output. However, it lacks the succinctness of the expected answer, which simply states 'equals.' While the additional context about legal peers and the nuances of noble status provides depth, it somewhat detracts from the clarity and directness of the core message, which is to answer the specific question posed."
 What can be credited for the changes in the definition of humanism? ,"The changes in the definition of humanism can be credited to successive intellectual movements, historical contexts (e.g., the French Revolution), and the influence of key figures like Friedrich Immanuel Niethammer, Georg Voigt, and the Left Hegelians, as well as ongoing critiques from figures like Marx and postmodern anti-humanists.",The correct answer to the question ' What can be credited for the changes in the definition of humanism? ' is: intellectual movements,0.7047788163198041,"The actual output identifies multiple factors contributing to changes in the definition of humanism, including intellectual movements, historical contexts, and key figures, which aligns with the expected output's core truth of attributing changes to intellectual movements. However, while it provides a comprehensive view, it could be seen as overly detailed compared to the expected output, which simply states 'intellectual movements.' The core truth is present but somewhat obscured by the additional context."
"In what year did the ""Revolution within a Revolution"" begin?",1973,"The correct answer to the question 'In what year did the ""Revolution within a Revolution"" begin?' is: 1987",0.1721201658383722,"The actual output provides a year (1973) that is not the correct answer to the question about when the 'Revolution within a Revolution' began, which is 1987. While the output does mention a significant year related to Gaddafi's proclamation, it fails to address the core truth of the expected output. Additionally, the actual output does not include any relevant details from the retrieval context that could enhance understanding or clarify the answer, leading to confusion."
What type of Judaism advocated segregation from non-Jewish culture?,"The type of Judaism that advocated segregation from non-Jewish culture is often referred to as ""Haredi"" or ""ultra-Orthodox Judaism.""",The correct answer to the question 'What type of Judaism advocated segregation from non-Jewish culture?' is: Haredi Judaism,0.7946523664360873,"The actual output correctly identifies 'Haredi' or 'ultra-Orthodox Judaism' as the type of Judaism that advocated segregation from non-Jewish culture, which aligns with the core truth of the expected output. However, it is slightly more detailed than necessary, as the expected output simply states 'Haredi Judaism' without additional context. While the extra detail does not detract from the core answer, it could be seen as less concise than the expected response."
Thomas J. Watson Sr. was fired from what company?,National Cash Register Company.,The correct answer to the question 'Thomas J. Watson Sr. was fired from what company?' is: National Cash Register Company,0.7462726250654115,"The actual output correctly identifies the company 'National Cash Register Company' as the answer to the question about Thomas J. Watson Sr.'s firing, aligning with the core truth of the expected output. However, it lacks the introductory phrase present in the expected output, which explicitly states that this is the correct answer to the question. While the retrieval context provides relevant historical details about Watson and the company, it does not detract from the core truth, but the absence of the introductory phrase slightly reduces clarity."
This species relies on other species to provide a reproductive host for their offspring.,Brood parasites.,The correct answer to the question 'This species relies on other species to provide a reproductive host for their offspring.' is: ichneumon wasps,0.23972880281743342,"The actual output 'Brood parasites' does not clearly articulate the core truth of the expected output, which specifies 'ichneumon wasps' as the answer to the question about species relying on others for reproductive hosting. While the term 'brood parasites' is relevant, it fails to directly answer the question posed and lacks the specificity required to align with the expected output."
What are the programs that gives credit to households for delivering electricity to the grid called?,Net metering programs.,The correct answer to the question 'What are the programs that gives credit to households for delivering electricity to the grid called?' is: Net metering programs,0.7767137387217078,"The actual output correctly identifies 'Net metering programs' as the answer to the question about programs that give credit to households for delivering electricity to the grid, aligning well with the expected output. However, it lacks the introductory phrase that clearly states it as the answer, which slightly detracts from its clarity. The retrieval context provides additional relevant details about net metering, enhancing the understanding of the concept without detracting from the core truth."
What may have occurred if the war was expanded to the Soviet Union?,"If the war had expanded to the Soviet Union, it could have exacerbated military weaknesses, prompted deeper international conflicts, potentially led to a faster collapse of the Soviet regime, and intensified global tensions, possibly triggering a larger scale confrontation involving Western powers and the spread of communism.",The correct answer to the question 'What may have occurred if the war was expanded to the Soviet Union?' is: atomic warfare,0.35339874666488397,"The actual output discusses potential consequences of a war expanding to the Soviet Union, such as military weaknesses and global tensions, but it fails to directly address the core truth of the expected output, which is specifically about atomic warfare. While it provides some relevant context about the Soviet Union's military state, it does not include the critical detail of atomic warfare, making it less aligned with the expected answer."
When did the Governing Council define price stability?,The Governing Council defined price stability in October 1998.,The correct answer to the question 'When did the Governing Council define price stability?' is: October 1998,0.7870547835430742,"The actual output correctly identifies the date when the Governing Council defined price stability, aligning well with the expected output. However, it lacks the explicit framing of the answer as a response to the question posed, which slightly detracts from clarity. The retrieval context provides additional relevant details about the definition of price stability, which could enhance understanding if integrated into the response without overshadowing the core truth."
Which government was overthrown during the October Revolution?,The Russian Provisional Government was overthrown during the October Revolution.,The correct answer to the question 'Which government was overthrown during the October Revolution?' is: the Russian Provisional Government,0.8475479627365022,"The actual output correctly identifies the Russian Provisional Government as the entity overthrown during the October Revolution, aligning with the core truth of the expected output. However, it lacks the explicit phrasing of the question and the structured format of the expected answer, which diminishes its clarity slightly. The output does not include additional relevant details from the retrieval context, but it remains focused on the core question, which is adequately answered."
Where are green eyes most common?,Green eyes are most common in Northern and Central Europe.,The correct answer to the question 'Where are green eyes most common?' is: Northern and Central Europe,0.7699598844293365,"The actual output correctly identifies the core truth that green eyes are most common in Northern and Central Europe, which aligns with the expected output. However, it lacks the explicit phrasing of the question and answer format present in the expected output, which would enhance clarity. While the retrieval context provides additional relevant details about green eyes, the actual output could have included a brief mention of the prevalence in other regions to further enrich the response without deviating from the core truth."
How long are females required to go to school?,Females are required to attend school from ages 7 to 13.,The correct answer to the question 'How long are females required to go to school?' is: 11 years,0.5053243219438975,"The actual output correctly identifies the age range for compulsory schooling for females, which aligns with the core truth of the expected output. However, it fails to provide the total duration of schooling (11 years) as explicitly stated in the expected output. While it includes relevant details from the retrieval context, it does not fully answer the core question regarding the length of required schooling."
Where did hundreds of pro-Tibet protesters meet?,At the Trocadéro in Paris.,The correct answer to the question 'Where did hundreds of pro-Tibet protesters meet?' is: the Trocadéro,0.767949770254486,"The actual output correctly identifies the location of the protest as the Trocadéro, which aligns with the core truth of the expected output. However, it lacks the explicit mention of the context of the protest and the significance of the gathering, which could enhance understanding. While it is concise, it could benefit from a bit more detail to fully capture the essence of the expected output."
What type of motor is used?,"Electric motors, including DC and AC types such as universal, synchronous, and induction motors, are used in various applications.",The correct answer to the question 'What type of motor is used?' is: high-speed drive motor,0.3090467326370207,"The actual output provides a broad overview of electric motors and their types, but it fails to directly answer the specific question regarding the type of motor used, which is identified in the expected output as a 'high-speed drive motor.' While the additional details about various motor types are informative, they do not align with the core truth of the expected output, which is not clearly articulated in the actual response."
Which website criticized Apple's battery life claims?,MP3.com criticized Apple's battery life claims.,The correct answer to the question 'Which website criticized Apple's battery life claims?' is: MP3.com,0.7863847285726744,"The actual output correctly identifies MP3.com as the entity that criticized Apple's battery life claims, which aligns with the core truth of the expected output. However, it lacks the explicit phrasing of the expected output, which states the answer in a complete sentence format. While the response is accurate, it could be improved by including additional context or details from the retrieval context to enhance understanding without detracting from the core truth."
What war was 'Saving Private Ryan' about?,World War II.,The correct answer to the question 'What war was 'Saving Private Ryan' about?' is: World War II,0.6779178902262484,"The actual output correctly identifies the core truth that 'Saving Private Ryan' is about World War II, aligning with the expected output. However, it lacks the additional context provided in the retrieval context that could enhance understanding, such as details about the film's plot or its impact. While the core truth is present, the response could be improved by including relevant details that would provide a richer context without deviating from the main point."
Are treaties permanently binding upon the signatory parties?,"No, treaties are not necessarily permanently binding; they can allow for withdrawal under certain conditions.",The correct answer to the question 'Are treaties permanently binding upon the signatory parties?' is: not necessarily,0.7977453813386313,"The actual output correctly states that treaties are not necessarily permanently binding, aligning with the core truth of the expected output. However, while it provides additional context about conditions for withdrawal, it could be more concise to enhance clarity and focus on the core message. Overall, it effectively conveys the essential information without misleading."
Most town people lived in what type of houses?,Most town people lived in rows of identical terraced houses.,The correct answer to the question 'Most town people lived in what type of houses?' is: terraced houses,0.7380088319499889,"The actual output correctly identifies the type of houses as 'terraced houses,' which aligns with the core truth of the expected output. However, it lacks the explicit phrasing of the question and answer format present in the expected output, which diminishes clarity. While the response is accurate, it could be improved by directly addressing the question format to enhance alignment with the evaluation steps."
What type of precipitation is the Piedmont known for?,The Piedmont is known for sleet and freezing rain.,The correct answer to the question 'What type of precipitation is the Piedmont known for?' is: sleet and freezing rain,0.8009300906604006,"The actual output correctly identifies sleet and freezing rain as the types of precipitation the Piedmont is known for, aligning with the expected output. However, it lacks the explicit phrasing of the expected output, which states the answer in a more formal manner. While the core truth is present, the response could be improved by mirroring the structure of the expected output more closely."
What is the floor space of the palace?,"The palace contains over 77,000 m² (830,000 sq ft) of floor space.","The correct answer to the question 'What is the floor space of the palace?' is: 77,000 m2 (830,000 sq ft)",0.9375815440951765,"The actual output accurately conveys the core truth of the expected output by clearly stating the floor space of the palace as 77,000 m² (830,000 sq ft). It directly answers the question posed in the expected output without any ambiguity. Additionally, the information is presented in a straightforward manner, enhancing understanding without misrepresenting the expected output."
What business development did the British use to establish a hold on the global cotton market?,"The British established control over the global cotton market through aggressive colonial mercantile policies, the development of efficient cotton processing technologies (like the cotton gin), and the creation of a commercial chain that sourced raw cotton from colonies, processed it in Britain, and sold it in colonial markets.",The correct answer to the question 'What business development did the British use to establish a hold on the global cotton market?' is: commercial chain,0.8009300906604008,"The actual output accurately identifies the commercial chain as a key business development used by the British to establish control over the global cotton market, which aligns with the expected output. Additionally, it provides relevant context about colonial mercantile policies and technological advancements like the cotton gin, enhancing understanding of the topic. However, while the output is comprehensive, it could be more concise to focus solely on the core truth without additional details."
What is the one way Hayek argued that resource distribution could succeed?,Hayek argued that resource distribution could succeed through the price mechanism in free markets.,The correct answer to the question 'What is the one way Hayek argued that resource distribution could succeed?' is: through the price mechanism in free markets,0.7980366705556547,"The actual output correctly identifies the core truth that Hayek argued resource distribution could succeed through the price mechanism in free markets, which aligns with the expected output. However, it lacks the explicit framing of the answer as a response to the question posed, which diminishes its clarity slightly. The additional context provided in the retrieval context is relevant and enhances understanding, but the response could have been more directly aligned with the expected format."
What city does San Diego come in second to in the biotech industry?,San Diego comes in second to the Boston area in the biotech industry.,The correct answer to the question 'What city does San Diego come in second to in the biotech industry?' is: Boston,0.678615966400207,"The actual output correctly identifies that San Diego comes in second to Boston in the biotech industry, which aligns with the core truth of the expected output. However, it lacks the explicit phrasing of the question and answer format present in the expected output, which diminishes clarity. While the retrieval context provides relevant background information about San Diego's biotech industry, the actual output could have included a more direct reference to the question to enhance understanding."
"In 2008, Melbourne overtook what city with the amount of money that domestic tourists spent in the city?",Sydney,"The correct answer to the question 'In 2008, Melbourne overtook what city with the amount of money that domestic tourists spent in the city?' is: Sydney",0.8510927558610215,"The actual output correctly identifies 'Sydney' as the city that Melbourne overtook in terms of domestic tourist spending, which aligns with the core truth of the expected output. However, it lacks the full context and phrasing of the expected output, which explicitly states the question and provides a complete answer. While the core truth is present, the absence of additional relevant details from the retrieval context limits the depth of understanding."
What mode of transport is encouraged in Central Tuscon?,Biking.,The correct answer to the question 'What mode of transport is encouraged in Central Tuscon?' is: bicycle,0.3548874074204803,"The actual output 'Biking' partially addresses the expected output by indicating a mode of transport, but it fails to clearly articulate the core truth that the encouraged mode of transport in Central Tucson is 'bicycle.' The retrieval context provides relevant details about the bicycle-friendly infrastructure in Tucson, which could enhance the response, but these details are not utilized in the actual output. Overall, the response lacks clarity and completeness in conveying the expected information."
On what day were beer houses closed?,Beer houses were closed on Sundays.,The correct answer to the question 'On what day were beer houses closed?' is: Sundays,0.7485999727568099,"The actual output correctly identifies the core truth that beer houses were closed on Sundays, which aligns with the expected output. However, it lacks the explicit phrasing of the question and answer format present in the expected output, which diminishes clarity. While the response is accurate, it could be improved by directly stating 'Sundays' as the answer to the question posed, enhancing its alignment with the expected output."
Which regime did Güshi Khan help establish? ,Güshi Khan helped establish the Ganden Phodrang regime.,The correct answer to the question 'Which regime did Güshi Khan help establish? ' is: the Ganden Phodrang,0.7481950655200629,"The actual output correctly identifies that Güshi Khan helped establish the Ganden Phodrang regime, which aligns with the expected output. However, it lacks the explicit phrasing of the question and the structured format of the expected answer, which diminishes clarity. The retrieval context provides relevant historical details that support the answer, but these details are not integrated into the actual output, which could enhance understanding."
What was another requirement of foreign players?,Foreign players must have played for their country in at least 75% of competitive 'A' team matches in the past two years and their country must be ranked at least 70th by FIFA.,The correct answer to the question 'What was another requirement of foreign players?' is: his country must have averaged at least 70th place in the official FIFA world rankings over the previous two years.,0.8169325065912044,"The actual output correctly identifies the requirement that a foreign player must have played for their country in at least 75% of competitive matches and that their country must be ranked at least 70th by FIFA, which aligns with the core truth of the expected output. However, the expected output specifies that the country must have 'averaged' at least 70th place, while the actual output states 'must be ranked at least 70th,' which slightly alters the nuance. Overall, the actual output is comprehensive and includes relevant details from the retrieval context, maintaining focus on the core question."
Who is an example of a major anti-piracy organization?,The Business Software Alliance (BSA) is a major anti-piracy organization.,The correct answer to the question 'Who is an example of a major anti-piracy organization?' is: the BSA,0.7717111164678843,"The actual output correctly identifies the BSA as a major anti-piracy organization, aligning with the core truth of the expected output. It provides a clear and relevant answer to the question posed. However, it lacks additional context or details from the retrieval context that could enhance understanding, such as the BSA's role or statistics related to software piracy, which would have made the response more comprehensive."
What language is the source of the term Catellain?,French.,The correct answer to the question 'What language is the source of the term Catellain?' is: French,0.8032257843104315,"The actual output correctly identifies 'French' as the language related to the term 'Catellain', which aligns with the expected output. However, it lacks the additional context provided in the expected output that explicitly states it is the answer to the question, which would enhance clarity. The core truth is present, but the response could be improved by explicitly framing it as the answer to the question posed."
What converts absorbed light energy into an electric current?,A P-N junction converts absorbed light energy into an electric current.,The correct answer to the question 'What converts absorbed light energy into an electric current?' is: P-N junction,0.7415472933052188,"The actual output correctly identifies that a P-N junction converts absorbed light energy into an electric current, which aligns with the core truth of the expected output. However, it lacks the explicit phrasing of the expected output, which directly states the answer to the question. While the additional details about the P-N junction's function enhance understanding, they could potentially distract from the simplicity of the expected answer."
What historian was quoted as saying that London had all the necessary characteristics to be a major capital city?,Frank Stenton.,The correct answer to the question 'What historian was quoted as saying that London had all the necessary characteristics to be a major capital city?' is: Frank Stenton,0.8036787858810998,"The actual output correctly identifies Frank Stenton as the historian quoted regarding London's characteristics as a major capital city, aligning well with the expected output. However, it lacks the additional context provided in the expected output, which explicitly states the question and the format of the answer. While the core truth is present, the absence of the question context slightly detracts from the completeness of the response."
What interstate highways cross the Grand Division in Tennessee?,"I-24, I-81, I-40, I-75, and I-26.","The correct answer to the question 'What interstate highways cross the Grand Division in Tennessee?' is: I-24, I-81, I-40, I-75, and I-26",0.9932453302290613,"The actual output accurately lists the interstate highways I-24, I-81, I-40, I-75, and I-26, which directly corresponds to the expected output. The core truth of the expected answer is clearly articulated and matches the question about which highways cross the Grand Division in Tennessee. Additionally, the output does not include extraneous information that detracts from the core answer, maintaining clarity and relevance."
What type of tradition includes ceremonial music used in funerals?,Folk traditions.,The correct answer to the question 'What type of tradition includes ceremonial music used in funerals?' is: folk,0.3916342582208173,"The actual output 'Folk traditions' partially addresses the expected output by identifying the type of tradition, but it lacks the specificity and clarity of the expected answer. The expected output explicitly states that the answer to the question is 'folk', which is more direct and informative. Additionally, the actual output does not incorporate relevant details from the retrieval context that could enhance understanding, such as the mention of 'ceremonial music used in funerals', which is crucial to the question asked."
Who killed Filiberto Ojeda Ríos?,Filiberto Ojeda Ríos was killed in a gun battle with FBI agents.,The correct answer to the question 'Who killed Filiberto Ojeda Ríos?' is: FBI agents,0.5074524489637889,"The actual output identifies the event of Filiberto Ojeda Ríos being killed in a gun battle with FBI agents, which aligns with the expected output's core truth that FBI agents were responsible for his death. However, the actual output does not explicitly state that the FBI agents killed him, which is the direct answer to the question posed. While the retrieval context provides additional relevant details about the incident, it does not enhance the clarity of the actual output in relation to the expected output."
How many women are members of the Sweet Adelines?,"Nearly 25,000 women.","The correct answer to the question 'How many women are members of the Sweet Adelines?' is: nearly 25,000",0.8164554296999761,"The actual output correctly identifies the core truth regarding the membership of nearly 25,000 women in the Sweet Adelines organization, which aligns with the expected output. However, it lacks the complete phrasing of the expected output, which includes the context of the question, making it slightly less clear. The response could be improved by explicitly stating that this is the answer to the specific question asked."
How prevalent is Principia Mathematica today?,Principia Mathematica is likely held in nearly every major academic library worldwide.,The correct answer to the question 'How prevalent is Principia Mathematica today?' is: today there is likely no major academic library in the world which does not hold a copy of Principia Mathematica,0.8822490485588419,"The actual output accurately conveys the core truth of the expected output by stating that Principia Mathematica is likely held in nearly every major academic library worldwide. It aligns closely with the expected output's assertion that there is likely no major academic library in the world which does not hold a copy. The response could be slightly improved by explicitly stating 'today' to match the temporal context of the expected output, but overall, it effectively communicates the prevalence of the work."
Why is zinc oxide used in nuclear reactors?,"Zinc oxide is used in nuclear reactors as an anti-corrosion agent because it is depleted of the abundant isotope 64Zn, which is highly susceptible to neutron activation and produces radioactive 65Zn.",The correct answer to the question 'Why is zinc oxide used in nuclear reactors?' is: anti-corrosion agent,0.5719426827807583,"The actual output correctly identifies zinc oxide as an anti-corrosion agent, which aligns with the core truth of the expected output. However, it includes excessive detail about isotopes and neutron activation that, while relevant, detracts from the simplicity of the expected answer. The additional context does not enhance understanding of why zinc oxide is used in nuclear reactors, making the response somewhat convoluted."
How was the 2008 stimulus plan payed for?,The 2008 stimulus plan was financed by city bonds and about 15% of the wagering tax.,The correct answer to the question 'How was the 2008 stimulus plan payed for?' is: earmarking about 15% of the wagering tax,0.7027419278746199,"The actual output correctly identifies that the 2008 stimulus plan was financed by city bonds and earmarking about 15% of the wagering tax, which aligns with the core truth of the expected output. However, it could have emphasized the earmarking aspect more clearly, as the expected output specifically highlights this detail. The additional context about city bonds is relevant but slightly detracts from the focus on the wagering tax, which is the core message."
As of May 2010 how many total video views had youtube attained?,"As of May 2010, YouTube had more than 14 billion video views.",The correct answer to the question 'As of May 2010 how many total video views had youtube attained?' is: 14 billion,0.8150026809487934,"The actual output correctly identifies the core truth regarding YouTube's total video views as of May 2010, stating 'more than 14 billion video views,' which aligns with the expected output. However, it lacks the explicit phrasing of the question and the direct answer format requested in the expected output. While the additional context enhances understanding, it could have been more concise to match the expected format more closely."
About how many cultural and artistic organizations are in New York City?,"More than 2,000 cultural and artistic organizations.","The correct answer to the question 'About how many cultural and artistic organizations are in New York City?' is: 2,000",0.7926991059273235,"The actual output correctly identifies that there are more than 2,000 cultural and artistic organizations in New York City, which aligns with the core truth of the expected output. However, it lacks the specific phrasing of '2,000' as requested in the expected output, which could lead to slight ambiguity. The additional detail about the number being more than 2,000 enhances understanding but diverges from the exact wording of the expected answer."
When did Napoleon Bonaparte gain power as the First Consul?,Napoleon Bonaparte became First Consul on 9 November 1799.,The correct answer to the question 'When did Napoleon Bonaparte gain power as the First Consul?' is: 9 November 1799,0.8400514923321183,"The actual output correctly identifies the date when Napoleon Bonaparte became First Consul, which aligns with the core truth of the expected output. However, it lacks the explicit framing of the answer as a response to the question posed, which is a minor shortcoming. The additional context provided in the retrieval context is relevant and enhances understanding of Napoleon's rise to power, but it is not utilized in the actual output."
What act was the bureau initially tasked with enforcing?,The Mann Act (White Slave Traffic Act).,The correct answer to the question 'What act was the bureau initially tasked with enforcing?' is: White Slave Traffic Act,0.8641803309476407,"The actual output correctly identifies the Mann Act as the act the bureau was initially tasked with enforcing, which aligns with the core truth of the expected output. However, it lacks the explicit phrasing of the question and the complete answer format provided in the expected output. While it does not include additional context from the retrieval context, it succinctly answers the question, demonstrating a good understanding of the core truth."
"What other date is 25 October known for, that keeps the Battle of Agincourt on 25 October,1415?",25 October is also known as Saint Crispin's Day.,"The correct answer to the question 'What other date is 25 October known for, that keeps the Battle of Agincourt on 25 October,1415?' is: Saint Crispin's Day",0.6024698564141481,"The actual output identifies that 25 October is known as Saint Crispin's Day, which aligns with the expected output's core truth. However, it lacks the context of the question regarding the Battle of Agincourt and does not explicitly state that this is the answer to the question posed. While it provides the correct information, it does not fully articulate the connection to the expected output, which diminishes its effectiveness."
What Seven Wonder of the Ancient world was built by the Archaemenid Empire in the 4th Century BC?,The Mausoleum at Halicarnassus.,The correct answer to the question 'What Seven Wonder of the Ancient world was built by the Archaemenid Empire in the 4th Century BC?' is: the Mausoleum at Halicarnassus,0.8270322081900779,"The actual output correctly identifies the Mausoleum at Halicarnassus as the answer to the question regarding the Seven Wonders of the Ancient World built by the Achaemenid Empire. However, it lacks the additional context provided in the expected output, which explicitly states the question and provides a complete sentence structure. While the core truth is addressed, the response could be improved by incorporating more context from the retrieval information to enhance understanding."
When was the quantum mechanical treatment of the hydrogen atom developed?,Mid-1920s.,The correct answer to the question 'When was the quantum mechanical treatment of the hydrogen atom developed?' is: 1920s,0.6529286995655171,"The actual output provides a specific timeframe ('Mid-1920s') that aligns with the expected output's core truth of the quantum mechanical treatment of the hydrogen atom being developed in the 1920s. However, it lacks the explicit phrasing of the question and the context provided in the expected output, which could enhance clarity. While it does not detract from the core truth, it could be more comprehensive by including the full context of the question."
Where did Kerry earn his 2nd Purple Heart?,Kerry earned his 2nd Purple Heart on the Bồ Đề River.,The correct answer to the question 'Where did Kerry earn his 2nd Purple Heart?' is: on the Bồ Đề River,0.8525529257038442,"The actual output correctly identifies the location where Kerry earned his 2nd Purple Heart, aligning with the core truth of the expected output. However, it lacks the explicit phrasing of the expected output, which clearly states the question and answer format. While the actual output is concise and accurate, it could have included a more structured response to enhance clarity and alignment with the expected format."
How many travelers pass through Waterloo station yearly?,Over 184 million.,The correct answer to the question 'How many travelers pass through Waterloo station yearly?' is: over 184 million,0.8024127692623824,"The actual output provides the correct numerical answer to the question about travelers passing through Waterloo station, aligning well with the expected output. However, it lacks the full context and phrasing of the expected output, which includes the question and a complete sentence structure. While the core truth is present, the absence of additional context may slightly detract from clarity and completeness."
What made digimon different from similar digital pets?,"Digimon allowed training, evolution, and battling against other Digimon, unlike Tamagotchis, which focused solely on care.",The correct answer to the question 'What made digimon different from similar digital pets?' is: being more difficult and being able to fight other Digimon v-pets,0.6588703961319062,"The actual output identifies a key difference between Digimon and Tamagotchis, specifically highlighting the ability to train, evolve, and battle, which aligns with the expected output's mention of difficulty and fighting capabilities. However, it lacks the explicit mention of 'being more difficult' as stated in the expected output, which slightly detracts from its completeness. The additional context about Digimon's features enhances understanding but could be more directly tied to the core truth of the expected output."
"In 1960, what group made up 16.45% of Tennessee's population?","In 1960, African Americans made up 16.45% of Tennessee's population.","The correct answer to the question 'In 1960, what group made up 16.45% of Tennessee's population?' is: African Americans",0.732611500178973,"The actual output correctly identifies that African Americans made up 16.45% of Tennessee's population in 1960, which aligns with the core truth of the expected output. However, it lacks the explicit phrasing that directly answers the question posed in the expected output, which diminishes its clarity. While the information is accurate and relevant, it could be improved by explicitly stating that African Americans were the group in question, as the expected output does."
What percentage accounts for the total number people living in Hiiumaa that are ethnic Estonians?,"In Hiiumaa, ethnic Estonians account for 98.4% of the population.",The correct answer to the question 'What percentage accounts for the total number people living in Hiiumaa that are ethnic Estonians?' is: 98.4%,0.8663835032220263,"The actual output accurately states that ethnic Estonians account for 98.4% of the population in Hiiumaa, which aligns well with the expected output. It clearly articulates the core truth regarding the percentage of ethnic Estonians, fulfilling the first evaluation step. However, it could have explicitly stated that this percentage answers the specific question posed in the expected output, which would enhance clarity and completeness."
"Which book of literature standards suggests capitalizing the first word and all nouns, pronouns, adjectives, verbs, and adverbs?",R. M. Ritter's Oxford Manual of Style (2002).,"The correct answer to the question 'Which book of literature standards suggests capitalizing the first word and all nouns, pronouns, adjectives, verbs, and adverbs?' is: R. M. Ritter's Oxford Manual of Style",0.6532961186454327,"The actual output correctly identifies the book 'R. M. Ritter's Oxford Manual of Style', which aligns with the core truth of the expected output. However, it lacks the context of the question regarding capitalization rules, which diminishes its completeness. While it provides the title, it does not explicitly connect it to the question asked, which affects clarity and understanding."
What year did rebecca host the match? ,"The provided information does not mention a match hosted by Rebecca or specify her involvement in any event. Therefore, the answer is unavailable based on the details given.",The correct answer to the question 'What year did rebecca host the match? ' is: for the 2010–11 to 2012–13 season,0.1863441298446829,"The actual output fails to provide the correct answer regarding the year Rebecca hosted the match, which is the core truth of the expected output. While it correctly states that there is no mention of Rebecca's involvement, it does not address the specific timeframe of the 2010–11 to 2012–13 season, which is crucial information. The response lacks relevant details that would enhance understanding and misleads by implying that the answer is completely unavailable."
Prince Alexander was the second son of whom? ,Prince Alexander was the second son of the Prince of Orange.,The correct answer to the question 'Prince Alexander was the second son of whom? ' is: Prince of Orange,0.43909228921711047,"The actual output identifies Prince Alexander as the second son of the Prince of Orange, which aligns with the core truth of the expected output. However, it does not directly answer the question posed in the expected output, which specifically asks for the identity of the person Prince Alexander is the son of. The retrieval context provides additional historical information but does not enhance the clarity of the answer regarding the question asked."
What is the Western Front?,"The Western Front refers to the main theater of war during World War I, characterized by trench warfare, primarily in France and Belgium.","The correct answer to the question 'What is the Western Front?' is: a system of opposing manned trenches and fortifications (separated by a ""No man's land"") running from the North Sea to the border of Switzerland.",0.4449826959147593,"The actual output provides a general description of the Western Front, mentioning trench warfare and its geographical context in France and Belgium. However, it lacks the specific details found in the expected output, such as the description of opposing trenches and 'No man's land.' While it captures some core truth, it does not fully align with the expected answer, and the retrieval context does not enhance the understanding of the Western Front, as it is unrelated to World War I."
What type of wood did Edison use in his improved filament?,Edison used carbonized bamboo for his improved filament.,The correct answer to the question 'What type of wood did Edison use in his improved filament?' is: bamboo,0.6878151415354081,"The actual output correctly identifies that Edison used carbonized bamboo for his filament, which aligns with the core truth of the expected output that specifies bamboo as the material used. However, the response could be improved by explicitly stating that bamboo is a type of wood, which would directly address the expected output's phrasing. The retrieval context provides relevant historical details about Edison's work, enhancing the understanding of the filament's significance, but the actual output lacks a direct connection to the expected answer format."
Where did the MDNA Tour start?,"The MDNA Tour started in Tel Aviv, Israel.","The correct answer to the question 'Where did the MDNA Tour start?' is: Tel Aviv, Israel",0.8241294795323721,"The actual output correctly identifies the starting location of the MDNA Tour as Tel Aviv, Israel, which aligns with the core truth of the expected output. However, it lacks the explicit phrasing of the expected output, which states the answer in a complete sentence format. While the actual output is accurate, it could be more comprehensive by including the context of the question, making it slightly less aligned with the evaluation steps."
Queen's Crazy Little Thing Called Love was an ode to which singer?,Elvis Presley.,The correct answer to the question 'Queen's Crazy Little Thing Called Love was an ode to which singer?' is: Elvis Presley,0.6028995785019825,"The actual output correctly identifies Elvis Presley as the answer, aligning with the core truth of the expected output. However, it lacks the additional context provided in the expected output, which explicitly states the question and the format of the answer. While the core truth is present, the absence of context diminishes clarity and completeness."
What is the nickname given to A.C. Milan?,i rossoneri,The correct answer to the question 'What is the nickname given to A.C. Milan?' is: i rossoneri,0.9399016130353658,"The actual output correctly identifies 'i rossoneri' as the nickname for A.C. Milan, which aligns perfectly with the expected output. The core truth is clearly articulated, and the response is concise. Additionally, the retrieval context provides relevant information about A.C. Milan's nickname without detracting from the main answer, enhancing understanding."
Who calculated the Global Value Development Index?,Arno Tausch.,The correct answer to the question 'Who calculated the Global Value Development Index?' is: Arno Tausch,0.7037038462597417,"The actual output correctly identifies Arno Tausch as the individual who calculated the Global Value Development Index, aligning with the core truth of the expected output. However, it lacks the additional context provided in the retrieval context that could enhance understanding, such as the significance of Tausch's work and the dimensions involved in the index calculation. Including this information would have strengthened the response."
Do shift values for symbols on modern keyboards correspond closely to the ASCII table?,"No, modern keyboards' shift values do not correspond closely to the ASCII table.",The correct answer to the question 'Do shift values for symbols on modern keyboards correspond closely to the ASCII table?' is: do not correspond as closely,0.8058858981625849,"The actual output correctly states that modern keyboards' shift values do not correspond closely to the ASCII table, aligning with the expected output. However, while it provides a clear answer, it lacks some of the contextual details from the retrieval context that could enhance understanding, such as the historical evolution of keyboard layouts and their relation to ASCII. Including these details would have strengthened the response without detracting from the core truth."
"What forces measurement attempts to choose between trade-offs, in quanta?",The either-or nature of uncertainty.,"The correct answer to the question 'What forces measurement attempts to choose between trade-offs, in quanta?' is: either-or nature of uncertainty",0.7873795857355604,"The actual output captures the core truth of the expected output by stating 'either-or nature of uncertainty', which directly answers the question posed. However, it lacks the introductory phrase that contextualizes the answer as a response to the specific question, which slightly detracts from its clarity. The output could have included more details from the retrieval context to enhance understanding, but it remains focused on the core concept."
"Dutch people didn't have an officially established word for the ""Dutch"" language until what century?",19th century.,"The correct answer to the question 'Dutch people didn't have an officially established word for the ""Dutch"" language until what century?' is: 19th",0.7695938075783272,"The actual output correctly identifies the 19th century as the answer, aligning with the expected output. However, it lacks the full context and clarity provided in the expected output, which explicitly states the question and the answer format. While the core truth is present, the response could be improved by including a more complete articulation of the question and the answer format."
Is trird rail system being used exclusively with AC or DC ?,Third rail systems exclusively use DC distribution.,The correct answer to the question 'Is trird rail system being used exclusively with AC or DC ?' is: DC distribution,0.8540027881453771,"The actual output correctly identifies that third rail systems exclusively use DC distribution, which aligns with the core truth of the expected output. However, it lacks the explicit phrasing of the question and the phrase 'the correct answer is', which would have enhanced clarity and directness. While the additional context in the retrieval information supports the understanding of why DC is used, the actual output could have been more comprehensive by briefly mentioning the implications of using DC in third rail systems."
In 1678 what was  the new name of the Northern part of New Haven?,Hamden.,The correct answer to the question 'In 1678 what was  the new name of the Northern part of New Haven?' is: Hamden,0.7863408751937279,"The actual output correctly identifies 'Hamden' as the new name of the northern part of New Haven in 1678, aligning with the core truth of the expected output. However, it lacks the additional context provided in the expected output, which explicitly states the question and the phrase 'The correct answer to the question...'. While the actual output is concise, it could benefit from a more comprehensive presentation that includes the context of the question."
A stepper system's motor is relied on to not do what?,"A stepper system's motor is relied on to not ""miss steps.""",The correct answer to the question 'A stepper system's motor is relied on to not do what?' is: miss steps,0.7462461428811603,"The actual output correctly identifies the core truth that a stepper system's motor is relied on to not 'miss steps,' which aligns well with the expected output. However, it lacks the explicit phrasing of the question and answer format present in the expected output, which could enhance clarity. The additional context provided in the retrieval context is relevant and informative, but the actual output could have benefited from a more direct connection to the question format to fully meet the evaluation criteria."
"Where was Kerry's boat on Dec 2-3, 1968?",Kerry's boat was near a peninsula north of Cam Ranh Bay.,"The correct answer to the question 'Where was Kerry's boat on Dec 2-3, 1968?' is: near a peninsula north of Cam Ranh Bay",0.9,"The actual output accurately conveys the core truth of the expected output by stating that Kerry's boat was near a peninsula north of Cam Ranh Bay. It aligns well with the expected answer to the question about the location of Kerry's boat on specific dates. While the actual output is slightly less formal than the expected output, it still effectively communicates the essential information without detracting from the core truth. Additionally, it could have included the date for full alignment with the expected output, but the core question is answered correctly."
To whom did Napoleon send a letter detailing his plans for the campaign with Prussia?,"Napoleon sent a letter detailing his plans for the campaign with Prussia to King Joseph Bonaparte, his brother.",The correct answer to the question 'To whom did Napoleon send a letter detailing his plans for the campaign with Prussia?' is: Marshal Soult,0.19496700837869474,"The actual output incorrectly identifies King Joseph Bonaparte as the recipient of Napoleon's letter, while the expected output states it was Marshal Soult. This fundamental error fails to capture the core truth of the expected output. Although the actual output provides additional context about Napoleon's actions, it does not address the specific question asked, leading to a low score."
Who was set up as Patriarch of Kiev and all Ukraine on the 18th of November?,"Mstyslav was set up as Patriarch of Kiev and all Ukraine on November 18, 1990.",The correct answer to the question 'Who was set up as Patriarch of Kiev and all Ukraine on the 18th of November?' is: Mstyslav,0.8213732167344837,"The actual output correctly identifies Mstyslav as the Patriarch of Kiev and all Ukraine on November 18, 1990, which aligns with the core truth of the expected output. However, it provides additional context about the enthronement ceremony, which, while relevant, slightly detracts from the simplicity of the expected answer format. Overall, it effectively answers the question while offering more detail."
Where in Houston is the University of Houston campus located?,Southeast Houston.,The correct answer to the question 'Where in Houston is the University of Houston campus located?' is: southeast,0.7984614171717472,"The actual output correctly identifies the location of the University of Houston campus as 'southeast Houston,' which aligns with the core truth of the expected output. However, it lacks the explicit mention of the question being answered, which is present in the expected output. While the actual output is concise, it could benefit from a bit more context to enhance clarity and completeness."
Which film studio from Denmark is older than Universal?,Nordisk Film.,The correct answer to the question 'Which film studio from Denmark is older than Universal?' is: Nordisk,0.49257679939652554,"The actual output correctly identifies 'Nordisk Film' as the answer, aligning with the core truth of the expected output. However, it lacks the additional context provided in the expected output, which explicitly states the question and clarifies that 'Nordisk' is the answer to which film studio from Denmark is older than Universal. This omission detracts from the completeness and clarity of the response."
Which musical artist suggested Queen release Another One Bites the Dust as a single?,"Michael Jackson suggested Queen release ""Another One Bites the Dust"" as a single.",The correct answer to the question 'Which musical artist suggested Queen release Another One Bites the Dust as a single?' is: Michael Jackson,0.8244413603467903,"The actual output correctly identifies Michael Jackson as the artist who suggested Queen release 'Another One Bites the Dust' as a single, aligning well with the expected output. However, it lacks the explicit phrasing of the question and the format of the expected answer, which could enhance clarity. The additional context about the suggestion being made after a concert adds relevant detail but is not necessary for answering the core question."
What failure causes surges?,"Surges in glaciers are caused by failure of the underlying bedrock, pooling of meltwater, or reaching a critical ""tipping point.""",The correct answer to the question 'What failure causes surges?' is: failure of the underlying bedrock,0.581616667648269,"The actual output identifies the cause of glacier surges, which aligns with the core truth of the expected output regarding the failure of the underlying bedrock. However, it includes additional details about other causes of surges, which, while relevant, may detract from the clarity of the specific answer sought in the expected output. The response could be improved by focusing more directly on the primary cause without the extra context."
How often are pigeons able to breed for the consumption process ?,Pigeons can produce two squabs every four weeks during a breeding season lasting several months.,The correct answer to the question 'How often are pigeons able to breed for the consumption process ?' is: a prolific pair should produce two squabs every four weeks during a breeding season lasting several months,0.8463900725008436,"The actual output correctly states that a prolific pair of pigeons can produce two squabs every four weeks during a breeding season lasting several months, which aligns well with the core truth of the expected output. However, it lacks the explicit framing of the answer to the question posed, which diminishes its clarity slightly. The additional context about squabs and their growth is relevant and enhances the response, but the absence of a direct answer format as seen in the expected output prevents a perfect score."
Which two nations has The Sun been very antagonistic towards?,France and Germany.,The correct answer to the question 'Which two nations has The Sun been very antagonistic towards?' is: French and Germans,0.8011457686985823,"The actual output correctly identifies the two nations, France and Germany, which aligns with the core truth of the expected output. However, it lacks the additional context provided in the retrieval context that explains the antagonistic nature of The Sun towards these nations, which could enhance understanding. While the answer is accurate, it could be more comprehensive by including details about the derogatory terms used by The Sun and the historical context of its coverage."
What industry did Kanye turn to after taking a break from recording music?,Fashion.,The correct answer to the question 'What industry did Kanye turn to after taking a break from recording music?' is: fashion,0.4583037327065994,"The actual output provides the core truth by stating 'Fashion', which aligns with the expected output's focus on Kanye's transition to the fashion industry. However, it lacks the clarity and completeness of the expected output, which explicitly states the question and provides context. While it conveys the correct answer, it does not include any additional relevant details from the retrieval context that could enhance understanding, making it less informative."
"What provision rewards ""whistle-blowers""?","The False Claims Act rewards ""whistle-blowers"" through its qui tam provisions.","The correct answer to the question 'What provision rewards ""whistle-blowers""?' is: qui tam",0.5850892297359835,"The actual output mentions the qui tam provisions of the False Claims Act, which is relevant to the expected output. However, it does not directly answer the question posed in the expected output, which specifically asks for the provision that rewards whistle-blowers. The core truth is partially present but lacks clarity and directness, leading to a moderate score."
Where did Chopin and Sand move to in 1842?,Chopin and Sand moved to the Square d'Orléans in 1842.,The correct answer to the question 'Where did Chopin and Sand move to in 1842?' is: Square d'Orléans,0.9,"The actual output correctly identifies the location where Chopin and Sand moved in 1842, aligning with the core truth of the expected output. However, it lacks the explicit phrasing of the question and the phrase 'The correct answer to the question...' which would enhance clarity and context. The additional detail about the year and the relationship context is relevant and supports understanding, but the response could be improved by directly addressing the question format."
"When founded by the Romans, what was the name they gave the city of London?",Londinium.,"The correct answer to the question 'When founded by the Romans, what was the name they gave the city of London?' is: Londinium",0.8311124384760934,"The actual output 'Londinium' correctly identifies the name given to London by the Romans, aligning with the core truth of the expected output. However, it lacks the additional context provided in the expected output, which explicitly states the question it answers. While the response is accurate, it could be improved by including a brief reference to the question for clarity."
What did Koch call the ineffective treatment for TB he came up with in 1890?,"Koch called it ""tuberculin.""",The correct answer to the question 'What did Koch call the ineffective treatment for TB he came up with in 1890?' is: tuberculin,0.7697964331225113,"The actual output correctly identifies 'tuberculin' as the term Koch used for the ineffective treatment for TB, aligning well with the expected output. However, it lacks the explicit framing of the answer as a response to the specific question posed, which diminishes clarity. The retrieval context provides relevant historical details about Koch and tuberculosis, enhancing understanding, but the actual output could have better integrated this context to strengthen the response."
"What did Microsoft change the tablet resolution requirements on March 12, 2013?","Microsoft changed the minimum tablet screen resolution requirement from 1366×768 to 1024×768 on March 12, 2013.","The correct answer to the question 'What did Microsoft change the tablet resolution requirements on March 12, 2013?' is: 1024×768",0.7693850594286171,"The actual output correctly identifies the new minimum tablet screen resolution of 1024×768, which aligns with the core truth of the expected output. However, it includes additional context about the change being made on March 12, 2013, which, while relevant, slightly detracts from the simplicity of the expected answer format. Overall, the response is informative and enhances understanding without being misleading."
When was Neptune first observed? ,Neptune was first observed on 23 September 1846.,The correct answer to the question 'When was Neptune first observed? ' is: 23 September 1846,0.78465292297404,"The actual output correctly states the date when Neptune was first observed, which aligns with the core truth of the expected output. However, it lacks the introductory phrase that contextualizes the answer as a response to a specific question, which would enhance clarity. While the core truth is present, the absence of additional context from the retrieval context limits the overall completeness of the response."
During which year was Chihuahua declared free of enemy control?,By the middle of 1866.,The correct answer to the question 'During which year was Chihuahua declared free of enemy control?' is: 1866,0.8016491448572575,"The actual output correctly identifies the year 1866 as the time when Chihuahua was declared free of enemy control, aligning well with the expected output. However, it lacks the explicit phrasing of the question and the answer format provided in the expected output, which diminishes clarity. The additional context about events leading up to this declaration enhances understanding but could be seen as slightly verbose for the specific question asked."
Between what years did the main engineering work on the port of Montevideo Bay take place?,1870 to 1930.,The correct answer to the question 'Between what years did the main engineering work on the port of Montevideo Bay take place?' is: 1870 and 1930,0.7777354011364671,"The actual output correctly identifies the years 1870 to 1930, which aligns with the expected output. However, it lacks the explicit phrasing 'The correct answer to the question...' and does not include 'and' between the years, which diminishes clarity. The retrieval context provides relevant details about the engineering work on the port, enhancing the understanding of the timeframe, but the actual output could have been more comprehensive in its presentation."
How does the online Windows installer know which version to install?,The online Windows installer automatically installs the version corresponding to the architecture of the system's existing Windows installation.,The correct answer to the question 'How does the online Windows installer know which version to install?' is: automatically installs the version corresponding with the architecture of the system's existing Windows installation,0.9282217829142592,"The actual output accurately captures the core truth of the expected output by stating that the online Windows installer automatically installs the version corresponding to the architecture of the system's existing Windows installation. It aligns well with the expected answer and provides a clear response to the question. Additionally, it includes relevant details from the retrieval context, enhancing the understanding of the installation process without detracting from the core truth. The only minor shortcoming is that it could have explicitly referenced the question to further strengthen its alignment with the expected output."
What did Lee Walker recruit members to Dell for?,Lee Walker recruited members to the board of directors when the company went public in 1988.,The correct answer to the question 'What did Lee Walker recruit members to Dell for?' is: board of directors,0.8059542744068924,"The actual output correctly identifies that Lee Walker recruited members to the board of directors, which aligns with the core truth of the expected output. However, while it provides additional context about the timing and significance of this action, it could be more concise to directly match the expected output's focus on the specific role of recruitment for the board. Overall, it maintains relevance and adds detail without detracting from the core answer."
Who expanded on Avicenna's work in temporal logic?,Najm al-Dīn al-Qazwīnī al-Kātibī.,The correct answer to the question 'Who expanded on Avicenna's work in temporal logic?' is: Najm al-Dīn al-Qazwīnī al-Kātibī,0.810011150423456,"The actual output correctly identifies Najm al-Dīn al-Qazwīnī al-Kātibī as the individual who expanded on Avicenna's work in temporal logic, aligning well with the expected output. However, it lacks the introductory phrase present in the expected output, which provides context for the answer. While the core truth is maintained, the absence of this framing slightly detracts from the clarity and completeness of the response."
What English musician did Kanye cite as one of his biggest inspirations?,David Bowie.,The correct answer to the question 'What English musician did Kanye cite as one of his biggest inspirations?' is: David Bowie,0.8315487436556482,"The actual output correctly identifies David Bowie as the musician Kanye cited as an inspiration, which aligns with the core truth of the expected output. However, it lacks the additional context provided in the expected output, such as the phrasing of the question and the explicit statement of the answer. While the response is accurate, it could be improved by including more detail to match the expected format."
What region did the Tumed Mongols move into?,The Tümed Mongols moved into Mongolia.,The correct answer to the question 'What region did the Tumed Mongols move into?' is: the Kokonor region,0.21648610433872778,"The actual output incorrectly states that the Tümed Mongols moved into Mongolia, while the expected output specifies that they moved into the Kokonor region. The core truth of the expected output is not accurately represented, leading to a significant misalignment. Additionally, the actual output lacks relevant context or details that could enhance understanding of the Tümed Mongols' movements."
What is insufficient to establish a direct origin from ancient festivals to Carnival?,Evidence is insufficient to establish a direct origin from Saturnalia or other ancient festivals to Carnival.,The correct answer to the question 'What is insufficient to establish a direct origin from ancient festivals to Carnival?' is: evidence,0.6582091045441132,"The actual output correctly identifies that evidence is insufficient to establish a direct origin from ancient festivals to Carnival, which aligns with the core truth of the expected output. However, it lacks the explicit mention of 'evidence' as the answer to the question posed, which is a key detail in the expected output. While the additional context provided is relevant and informative, it could potentially distract from the core message by introducing too many details about the historical background of Carnival and its connections to other festivals."
What affects the climate in Europe? ,"Altitude, mountain ranges, and proximity to water bodies affect Europe's climate.",The correct answer to the question 'What affects the climate in Europe? ' is: The altitude and size of the range,0.6804122461448365,"The actual output identifies altitude and proximity to water bodies as factors affecting Europe's climate, which aligns with the core truth of the expected output. However, it lacks the specific mention of 'size of the range' from the expected output, which slightly diminishes its completeness. Overall, it answers the core question correctly and provides relevant additional details from the retrieval context."
What office did Western emperor Gratian decline?,Gratian declined the office of pontifex maximus.,The correct answer to the question 'What office did Western emperor Gratian decline?' is: pontifex maximus,0.7086826454634625,"The actual output correctly identifies that Gratian declined the office of pontifex maximus, which aligns with the core truth of the expected output. However, it lacks the explicit phrasing of the question and the structured format of the expected answer, which diminishes clarity. The retrieval context provides relevant historical details about Gratian's actions but does not enhance the understanding of the specific question asked."
What search engine was added in Windows 8.1?,Bing.,The correct answer to the question 'What search engine was added in Windows 8.1?' is: Bing-based unified search system,0.24803569675945117,"The actual output only states 'Bing', which does not clearly articulate the core truth of the expected output that specifies 'Bing-based unified search system'. While 'Bing' is relevant, it lacks the necessary detail and context to fully address the question about the search engine added in Windows 8.1. The response does not include any additional relevant details from the retrieval context that could enhance understanding, resulting in a significant shortcoming in alignment with the evaluation steps."
What political structure did Vietnam have?,"Vietnam had a communist political structure, led by the Communist Party of Vietnam.",The correct answer to the question 'What political structure did Vietnam have?' is: communist,0.7190220908790277,"The actual output correctly identifies Vietnam's political structure as communist, aligning with the core truth of the expected output. However, it lacks the explicit phrasing of the expected answer, which is simply 'communist.' While the additional detail about the Communist Party of Vietnam provides context, it could be seen as somewhat extraneous, as it does not enhance the core message of the political structure itself."
Did changes move along at a uniform pace for the Burmese people?,"No, changes did not move at a uniform pace; they varied significantly due to conflicts, dynastic shifts, and external influences like colonialism and military rule.",The correct answer to the question 'Did changes move along at a uniform pace for the Burmese people?' is: pace of reforms were uneven and ultimately proved insufficient,0.627238383294941,"The actual output correctly identifies that changes did not move at a uniform pace, aligning with the core truth of the expected output. However, it lacks the specific phrasing of 'uneven' and 'insufficient' from the expected output, which diminishes its alignment. While it provides relevant context about conflicts and influences, it does not enhance understanding of the core message as effectively as the expected output does."
What is used to produce the metal zinc?,"Zinc is produced from sphalerite ore using froth flotation, roasting, and electrowinning.",The correct answer to the question 'What is used to produce the metal zinc?' is: extractive metallurgy.,0.36880001882860225,"The actual output provides some relevant information about zinc production methods, specifically mentioning froth flotation, roasting, and electrowinning. However, it fails to directly address the core truth of the expected output, which is that extractive metallurgy is the overarching process used to produce zinc. While the actual output includes details from the retrieval context, it does not enhance understanding of the core message and instead focuses on specific methods without linking them to the broader concept of extractive metallurgy."
What is raised locally for the domestic market?,Chickens and agricultural products (farming and forestry) are raised locally for the domestic market.,The correct answer to the question 'What is raised locally for the domestic market?' is: opium poppy,0.1718103592488302,"The actual output mentions chickens and agricultural products being raised locally, which is somewhat related to the expected output about opium poppy. However, it fails to address the specific core truth of the expected output, which is the identification of opium poppy as the correct answer. The additional details about chickens do not enhance understanding of the core message and instead distract from the expected response."
What kind of books did housebuilders use?,Housebuilders used pattern books and architectural journals.,The correct answer to the question 'What kind of books did housebuilders use?' is: pattern books and architectural journals,0.7456972053089801,"The actual output correctly identifies the types of books used by housebuilders, aligning with the core truth of the expected output. However, it lacks the explicit phrasing that directly answers the question posed in the expected output, which diminishes its clarity. The retrieval context provides relevant background on the use of pattern books and architectural journals, enhancing the understanding of their significance, but this context is not fully utilized in the actual output."
From what period do researchers believe that the oldest known full-body impression of a flying insect originates?,Carboniferous period.,The correct answer to the question 'From what period do researchers believe that the oldest known full-body impression of a flying insect originates?' is: Carboniferous,0.5079213182707767,"The actual output correctly identifies the Carboniferous period, which aligns with the core truth of the expected output. However, it lacks the complete context and phrasing of the expected answer, which explicitly states the question and provides a more comprehensive response. While the core truth is present, the absence of additional relevant details from the retrieval context limits the overall clarity and completeness of the answer."
Which Greek dialect is barely spoken currently?,The Cappadocian dialect is barely spoken currently.,The correct answer to the question 'Which Greek dialect is barely spoken currently?' is: Cappadocian,0.5531681401143547,"The actual output identifies the Cappadocian dialect as barely spoken, which aligns with the core truth of the expected output. However, it lacks the explicit connection to the question asked, which is about identifying the dialect itself. While it provides relevant information, it does not clearly state that Cappadocian is the answer to the question, thus missing an opportunity to enhance understanding."
How much energy does an HVAC system use in residential locations?,HVAC systems use nearly 50% (10.1 EJ/yr) of the energy in residential buildings.,The correct answer to the question 'How much energy does an HVAC system use in residential locations?' is: 50% (10.1 EJ/yr),0.8606825147987089,"The actual output accurately conveys the core truth of the expected output by stating that HVAC systems use nearly 50% (10.1 EJ/yr) of the energy in residential buildings. However, it lacks the explicit phrasing 'The correct answer to the question...' which is present in the expected output. While the core truth is present, the absence of this framing slightly detracts from the alignment with the expected format."
How many polychaete families are there?,Approximately 80 polychaete families.,The correct answer to the question 'How many polychaete families are there?' is: approximately 80,0.8139523315987655,"The actual output correctly identifies the number of polychaete families as approximately 80, which aligns with the core truth of the expected output. However, it lacks the explicit phrasing 'The correct answer to the question...' that is present in the expected output, which would enhance clarity and directness. The additional context provided does not detract from the core truth but could be seen as unnecessary for the specific question asked."
 What was the name of the constitution drafted by Napoleon?,The Constitution of the Year VIII.,The correct answer to the question ' What was the name of the constitution drafted by Napoleon?' is: the Constitution of the Year VIII,0.743284241156418,"The actual output correctly identifies the Constitution of the Year VIII as the answer to the question about Napoleon's drafted constitution, aligning well with the expected output. However, it lacks the explicit phrasing of the expected output, which includes the question and the phrase 'the correct answer is'. While the retrieval context provides relevant historical details about the constitution, it does not detract from the core truth, but the response could have been clearer by including the full context of the question."
When was a church first founded at the site?,In the 7th century.,The correct answer to the question 'When was a church first founded at the site?' is: 7th century,0.9148616081665081,"The actual output accurately reflects the core truth of the expected output by stating 'In the 7th century,' which directly answers the question about when a church was first founded at the site. It aligns perfectly with the expected output, confirming the correct timeframe without introducing any misleading information. Additionally, the retrieval context supports this timeframe, enhancing the understanding of the historical significance without detracting from the core message."
What album was Van Halen's commercial high point?,Van Halen's commercial high point was the album **1984**.,The correct answer to the question 'What album was Van Halen's commercial high point?' is: 1984,0.8274424888607461,"The actual output correctly identifies '1984' as Van Halen's commercial high point, aligning with the expected output. However, it lacks the explicit phrasing of the expected output, which states the answer should be presented as 'The correct answer to the question...'. While the core truth is present, the response could be improved by more closely mirroring the expected format."
What is one problem with biomass?,"One problem with biomass is that it produces pollutants when combusted in cook stoves, leading to health and environmental issues.",The correct answer to the question 'What is one problem with biomass?' is: material directly combusted in cook stoves produces pollutants,0.734278288046937,"The actual output identifies a key problem with biomass, specifically that it produces pollutants when combusted in cook stoves, which aligns well with the expected output. However, it lacks the precise phrasing of the expected answer, which emphasizes 'material directly combusted in cook stoves produces pollutants.' While the core truth is present, the response could be improved by mirroring the expected output's structure more closely. Additionally, the retrieval context provides relevant background on biomass and its implications, which could enhance the understanding of the issue, but this context is not utilized in the actual output."
In 1840 what did Saint Helena become?,"In 1840, Saint Helena became a provisioning station for the British West Africa Squadron, preventing slavery to Brazil.",The correct answer to the question 'In 1840 what did Saint Helena become?' is: a provisioning station,0.8046904637344957,"The actual output correctly identifies that Saint Helena became a provisioning station in 1840, which aligns with the core truth of the expected output. It also provides additional relevant details about the role of the station in preventing slavery to Brazil and the impact on thousands of slaves, enhancing the understanding of the context. However, while the additional information is valuable, it slightly diverges from the simplicity of the expected output, which may affect clarity for some readers."
How many passengers travel by Palermo ferry annually?,Almost 2 million passengers annually.,The correct answer to the question 'How many passengers travel by Palermo ferry annually?' is: 2 million,0.7937954716082793,"The actual output conveys the core truth regarding the number of passengers traveling by the Palermo ferry annually, stating 'Almost 2 million passengers annually.' However, it lacks the clarity and precision of the expected output, which explicitly states 'The correct answer to the question... is: 2 million.' While the actual output is close, it could be misinterpreted as an approximation rather than a definitive figure. Additionally, it does not include any context or details from the retrieval context that could enhance understanding, such as the significance of the port or its connections, which would provide a richer context for the information presented."
What was the primary problem with early carbon filaments?,"The primary problem with early carbon filaments was their short lifetime and sensitivity to voltage fluctuations, which caused them to overheat and fail quickly.","The correct answer to the question 'What was the primary problem with early carbon filaments?' is: as they got hotter, their electrical resistance decreased",0.38909429919110833,"The actual output identifies a significant issue with early carbon filaments, specifically their short lifetime and sensitivity to voltage fluctuations, which is relevant but does not directly address the core truth of the expected output regarding the decrease in electrical resistance as they heated up. While it provides some context about the problems faced, it lacks the specific detail that the expected output emphasizes, leading to a partial alignment with the evaluation steps."
What year did the crop economy change?,"The crop economy began to change notably in the late 1990s after independence, with agriculture's share of GDP rising to over 30%.",The correct answer to the question 'What year did the crop economy change?' is: 1966,0.21108478004359282,"The actual output discusses changes in the crop economy and agriculture's share of GDP, but it does not address the specific year mentioned in the expected output (1966). While it provides relevant context about agricultural trends, it fails to directly answer the question posed, which is a significant shortcoming."
Who was the first European to see the Athabascan oil sands?,Alexander MacKenzie.,The correct answer to the question 'Who was the first European to see the Athabascan oil sands?' is: Alexander MacKenzie,0.6000000000000001,"The actual output correctly identifies Alexander MacKenzie as the first European to see the Athabasca oil sands, aligning with the core truth of the expected output. However, it lacks the additional context provided in the expected output, such as the phrasing of the question and the explicit statement of the answer. While the core truth is present, the response could be improved by including more context to enhance understanding without detracting from the main message."
What kind of turnout did the Congolese Observatory of Human Rights experience in the 2009 elections?,"The Congolese Observatory of Human Rights reported ""very low"" turnout in the 2009 elections.",The correct answer to the question 'What kind of turnout did the Congolese Observatory of Human Rights experience in the 2009 elections?' is: very low,0.8525326628978325,"The actual output accurately conveys the core truth of the expected output by stating that the turnout was 'very low' in the 2009 elections, which directly answers the question posed. However, while it provides relevant context about the election being marked by 'fraud and irregularities,' this additional detail, while informative, slightly detracts from the simplicity of the expected answer. Overall, the core truth is well represented."
What event sets the boundary for the Triassic?,The Permian–Triassic extinction event sets the boundary for the Triassic.,The correct answer to the question 'What event sets the boundary for the Triassic?' is: Permian–Triassic extinction,0.7869708495172087,"The actual output correctly identifies the Permian–Triassic extinction event as the boundary for the Triassic, aligning with the core truth of the expected output. However, it lacks the explicit phrasing of the expected output, which states the answer in a more direct manner. While the actual output is accurate and relevant, it could be improved by including the phrase 'the correct answer to the question' to match the expected format more closely."
What frequencies is associated with shorter wavelengths?,Higher frequencies are associated with shorter wavelengths.,The correct answer to the question 'What frequencies is associated with shorter wavelengths?' is: higher frequencies,0.7243722736484961,"The actual output correctly identifies the relationship between higher frequencies and shorter wavelengths, aligning with the core truth of the expected output. However, it lacks the explicit phrasing of the expected answer, which is 'higher frequencies' as a direct response to the question posed. While the additional detail about the association enhances understanding, it could be seen as slightly detracting from the clarity of the core message."
When does Nanjing expect to finish it's light rail line?,Nanjing plans to complete its light rail system by 2030.,The correct answer to the question 'When does Nanjing expect to finish it's light rail line?' is: 2030,0.8536369456932602,"The actual output correctly identifies the completion year of Nanjing's light rail system as 2030, which directly answers the core question posed in the expected output. However, while it provides the essential information, it lacks the explicit phrasing 'the correct answer to the question' found in the expected output, which slightly diminishes its alignment with the evaluation steps. The additional context about Nanjing's transportation plans is relevant but not necessary for answering the specific question."
What part of the province of Tarragona is Central Catalan spoken?,Central Catalan is spoken in the eastern half of the province of Tarragona.,The correct answer to the question 'What part of the province of Tarragona is Central Catalan spoken?' is: eastern half,0.7817678693245104,"The actual output correctly identifies that Central Catalan is spoken in the eastern half of the province of Tarragona, which aligns with the core truth of the expected output. However, it lacks the explicit phrasing of the expected answer format, which could enhance clarity. While the additional context about Central Catalan being the standard pronunciation is relevant, it does not detract from the core message, but it could have been more concise."
What department initiated the emergency contingency plan?,The National Disaster Relief Commission initiated the emergency contingency plan.,The correct answer to the question 'What department initiated the emergency contingency plan?' is: National Disaster Relief Commission,0.7535806103157512,"The actual output correctly identifies the National Disaster Relief Commission as the entity that initiated the emergency contingency plan, aligning well with the expected output. However, it lacks the explicit phrasing of the question and the format of the expected answer, which diminishes its clarity and completeness. The retrieval context provides relevant details about the emergency plan, but the actual output could have benefited from incorporating more context to enhance understanding."
Who uses swinging sticks or flags to drive game out?,The information provided does not mention anyone using swinging sticks or flags to drive a game out.,"The correct answer to the question 'Who uses swinging sticks or flags to drive game out?' is: ""beaters""",0.22570562951855372,"The actual output correctly identifies that the expected answer 'beaters' is not mentioned, but it fails to provide any relevant details from the retrieval context that could enhance understanding. It does not address the core truth of the expected output, which is the identification of 'beaters' as the answer, leading to a low score despite acknowledging the absence of the correct term."
What are polytechnics called in South Africa?,"In South Africa, polytechnics are referred to as Technikons.",The correct answer to the question 'What are polytechnics called in South Africa?' is: Technikons,0.837053369324764,"The actual output correctly identifies that polytechnics in South Africa are referred to as Technikons, which aligns with the expected output. However, while it provides accurate information, it lacks the explicit phrasing of the expected output, which states the answer in a more direct manner. The additional context about the historical division between universities and Technikons enhances understanding but could be seen as slightly tangential to the core question."
What type of philosophy was essential to this forwarding of thought?,"The essential philosophy was humanism, which transformed university curricula and scholarship by emphasizing classical texts and critical thinking.",The correct answer to the question 'What type of philosophy was essential to this forwarding of thought?' is: Aristotelian,0.27728682736122956,"The actual output discusses humanism and its impact on university curricula, which is somewhat relevant but does not address the expected output's core truth regarding Aristotelian philosophy. While it provides context about the transformation of thought, it fails to directly answer the question posed in the expected output, leading to a significant misalignment."
Who did Zant form a pact with?,Zant formed a pact with Ganondorf.,The correct answer to the question 'Who did Zant form a pact with?' is: Ganondorf,0.7777353997088612,"The actual output correctly identifies that Zant formed a pact with Ganondorf, which aligns with the core truth of the expected output. However, it lacks the explicit phrasing of the expected output, which states the question and answer format. While the response is accurate, it could be improved by including the context of the question to enhance clarity and understanding."
What is the official title of Delhi's head of state?,Lieutenant Governor of the Union Territory of Delhi.,The correct answer to the question 'What is the official title of Delhi's head of state?' is: Lieutenant Governor of the Union Territory of Delhi,0.8164818978134095,"The actual output correctly identifies the title of Delhi's head of state as 'Lieutenant Governor of the Union Territory of Delhi', which aligns with the expected output. However, it lacks the introductory phrase present in the expected output that clarifies the context of the answer. While the core truth is present, the absence of additional context diminishes the completeness of the response."
Where is the American Theatre Company based?,"Tulsa, Oklahoma.",The correct answer to the question 'Where is the American Theatre Company based?' is: Tulsa,0.7849155285345311,"The actual output correctly identifies Tulsa, Oklahoma as the location of the American Theatre Company, aligning with the core truth of the expected output. However, it lacks the explicit phrasing that connects it directly to the question asked, which diminishes clarity. While the retrieval context provides relevant information about other theatre companies in Tulsa, the actual output could have included a brief mention of the American Theatre Company to enhance understanding without detracting from the core message."
"Other than the bit rate and the difficulty of the signal, what can also affect the quality of an MP3 file?",The quality of the encoder itself can also affect the quality of an MP3 file.,"The correct answer to the question 'Other than the bit rate and the difficulty of the signal, what can also affect the quality of an MP3 file?' is: quality of the encoder",0.7284235481743991,"The actual output correctly identifies the quality of the encoder as a factor affecting MP3 quality, which aligns with the core truth of the expected output. However, it lacks the explicit phrasing of the expected answer and does not fully encapsulate the context provided, missing additional relevant details about the trade-offs in encoding quality and bit rates that could enhance the response."
What modern technology takes the next step from the photophone?,Fiber-optic communication systems.,The correct answer to the question 'What modern technology takes the next step from the photophone?' is: fiber-optic communication,0.7178847062302084,"The actual output correctly identifies 'fiber-optic communication systems' as the modern technology that follows the photophone, aligning with the core truth of the expected output. However, it lacks the explicit phrasing found in the expected output, which includes the context of the question and a more complete answer. While the response is accurate, it could enhance clarity by mirroring the structure of the expected output more closely."
What caused a dramatic shift in Italian sentiment toward the war?,Bismarck's demand for the return of Alsace caused a dramatic shift in Italian sentiment toward the war.,The correct answer to the question 'What caused a dramatic shift in Italian sentiment toward the war?' is: Bismarck's demand for the return of Alsace,0.8699156847225883,"The actual output correctly identifies Bismarck's demand for the return of Alsace as the cause of the shift in Italian sentiment, aligning well with the expected output. It articulates the core truth clearly, although it could have been more concise by omitting the additional context about Garibaldi's reaction, which, while relevant, is not necessary for answering the core question."
Do the people of London agree with this action?,"Many Londoners expressed dissatisfaction with Chinese security guards during the 2012 Olympic torch relay, labeling them as ""thugs,"" indicating disagreement with their actions. However, a survey in 2001 showed that a majority (80%) liked urban foxes, suggesting some local support for wildlife in the city. Overall, responses to specific actions vary among the population.",The correct answer to the question 'Do the people of London agree with this action?' is: the move seen as both unfair to fans of teams located far from London,0.2729488151264835,"The actual output discusses dissatisfaction with Chinese security guards and mentions a survey about urban foxes, but it fails to address the core truth of the expected output regarding the perception of the action as unfair to fans of teams located far from London. While it provides some context about public sentiment, it does not directly answer the question posed in the expected output, leading to a significant misalignment."
In what year was the north-west pavilion turned into a swimming pool?,1938,The correct answer to the question 'In what year was the north-west pavilion turned into a swimming pool?' is: 1938,0.8291070308345981,"The actual output provides the correct year, 1938, which aligns with the expected output's core truth. However, it lacks the contextual framing present in the expected output, which explicitly states the question and the answer format. While the core truth is present, the absence of additional context may lead to a less clear understanding for the reader."
What feature does Southampton have plenty of that provides for water sports and yachting?,Southampton has several marinas.,The correct answer to the question 'What feature does Southampton have plenty of that provides for water sports and yachting?' is: marinas,0.7492230036180682,"The actual output correctly identifies that Southampton has marinas, which aligns with the expected output's core truth regarding features that support water sports and yachting. However, it lacks the explicit connection to the question posed, which diminishes its clarity. While it provides a relevant detail, it could enhance understanding by explicitly stating that marinas are the answer to the question, as indicated in the expected output."
What mercenaries were expelled after Isfahan's victory over Hamadan?,Tajik mercenaries.,The correct answer to the question 'What mercenaries were expelled after Isfahan's victory over Hamadan?' is: the Tajik,0.6505406337350281,"The actual output correctly identifies 'Tajik mercenaries,' which aligns with the core truth of the expected output regarding the mercenaries expelled after Isfahan's victory. However, it lacks the full context and clarity provided in the expected output, which explicitly states the question and the answer format. While the core truth is present, the response could be improved by including a more complete articulation of the answer to enhance understanding."
During the 2010 United States Census what percentage of Atlantic City's population was Hispanic or Latino?,30.45%,The correct answer to the question 'During the 2010 United States Census what percentage of Atlantic City's population was Hispanic or Latino?' is: 30.45%,0.7943446942597453,"The actual output correctly provides the percentage of Hispanic or Latino individuals in Atlantic City during the 2010 Census, which aligns with the core truth of the expected output. However, it lacks the contextual framing present in the expected output, which explicitly states the question and provides a complete sentence. While the core truth is present, the absence of additional context diminishes the overall clarity and completeness of the response."
What kind of aircraft are capable of taking off vertically?,VTOL (Vertical Take-Off and Landing) aircraft and helicopters are capable of taking off vertically.,The correct answer to the question 'What kind of aircraft are capable of taking off vertically?' is: STOVL,0.3234845018971922,"The actual output identifies VTOL aircraft and helicopters as capable of vertical take-off, which aligns with the core truth of the expected output. However, it fails to mention STOVL, which is the specific term requested in the expected output. While the retrieval context provides relevant information about STOVL aircraft, the actual output does not effectively incorporate this detail, leading to a lack of completeness in addressing the question."
What do groups with less power often find themselves?,Groups with less power often find themselves excluded or oppressed.,The correct answer to the question 'What do groups with less power often find themselves?' is: excluded or oppressed,0.7644599376376255,"The actual output captures the core truth of the expected output by stating that groups with less power often find themselves excluded or oppressed. However, it lacks the explicit framing of the answer as a response to the question posed, which is a key element of the expected output. While the additional context about socioeconomic factors and racial discrimination enhances understanding, it could be seen as slightly detracting from the directness of the core message."
What was the topic of Reynolds v. U.S.?,"The topic of Reynolds v. U.S. was the constitutionality of outlawing polygamy, linking it to religious freedom under the First Amendment.",The correct answer to the question 'What was the topic of Reynolds v. U.S.?' is: Mormon polygamy,0.5151272702615801,"The actual output identifies the topic of Reynolds v. U.S. as the constitutionality of outlawing polygamy, which is related to the expected output of 'Mormon polygamy.' However, it lacks the specificity of directly stating 'Mormon polygamy,' which is the core truth of the expected output. The retrieval context provides relevant historical details that could enhance understanding, but the actual output does not fully capture the essence of the expected answer."
When did Outcault's The Yellow Kid appear in newspapers?,The Yellow Kid appeared in newspapers between 1896 and 1901.,The correct answer to the question 'When did Outcault's The Yellow Kid appear in newspapers?' is: 1890s,0.3493984485844611,"The actual output provides a timeframe (1896 to 1901) for The Yellow Kid's appearance in newspapers, which is somewhat relevant but does not directly answer the expected output's question about the 1890s. The core truth of the expected output is not clearly articulated, and while the retrieval context offers some background on the comic's significance, it does not enhance the actual output's relevance to the question asked."
How did the United States treat Myanmar prior to the changes made in Burmese government ? ,"Prior to the changes, the United States had imposed diplomatic isolation and economic/military sanctions on Myanmar.",The correct answer to the question 'How did the United States treat Myanmar prior to the changes made in Burmese government ? ' is: years of diplomatic isolation and economic and military sanctions,0.763871092138097,"The actual output accurately conveys the core truth of the expected output by stating that the United States imposed diplomatic isolation and economic/military sanctions on Myanmar prior to changes in the Burmese government. However, it could be improved by explicitly mentioning 'years of' to match the expected phrasing and enhance clarity. The retrieval context provides relevant background information that supports the understanding of the U.S. actions, but the actual output could have included a more direct reference to the duration of these sanctions to fully align with the expected output."
Which war did Albert serve in?,First World War.,The correct answer to the question 'Which war did Albert serve in?' is: First World War,0.6895236617221592,"The actual output correctly identifies the First World War as the war Albert served in, aligning with the expected output. However, it lacks the additional context provided in the retrieval context that could enhance understanding, such as details about Albert's service and experiences during the war. While the core truth is present, the response could be improved by including relevant details that would provide a fuller picture without detracting from the main answer."
What bible passage gave rise to certain a cappella attitudes?,"The Bible passage that influenced certain a cappella attitudes is likely Colossians 3:16, which encourages singing psalms, hymns, and spiritual songs without instrumental accompaniment.",The correct answer to the question 'What bible passage gave rise to certain a cappella attitudes?' is: Psalms 150,0.261991168050011,"The actual output identifies a Bible passage (Colossians 3:16) related to a cappella attitudes, but it does not match the expected output (Psalms 150). While it provides some relevant context about singing without instruments, it fails to address the specific question asked, leading to a significant misalignment with the expected answer."
What 5 criteria did neorealist use to determine great powers?,"1. Population and territory  
2. Resource endowment  
3. Economic capability  
4. Political stability and competence  
5. Military strength  ",The correct answer to the question 'What 5 criteria did neorealist use to determine great powers?' is: population and territory; resource endowment; economic capability; political stability and competence; and military strength,0.9258884993479762,"The actual output accurately lists the five criteria used by neorealists to determine great powers, which aligns closely with the expected output. The core truth is clearly articulated, and the response is concise. However, it lacks the introductory phrase present in the expected output, which slightly detracts from its completeness. The retrieval context provides relevant background information that supports the understanding of the criteria, enhancing the overall response."
Who controlled musical institutions before the 19th century?,Wealthy patrons controlled musical institutions before the 19th century.,The correct answer to the question 'Who controlled musical institutions before the 19th century?' is: wealthy patrons,0.7166043463276803,"The actual output correctly identifies that wealthy patrons controlled musical institutions before the 19th century, aligning with the expected output's core truth. However, it lacks the explicit phrasing of the question and answer format present in the expected output, which diminishes clarity. The retrieval context provides relevant historical details that could enhance the response, but these are not utilized in the actual output, limiting its depth and comprehensiveness."
Sending a ship to the Black Sea violated the terms made during what agreement?,The Treaty of Paris (1856).,The correct answer to the question 'Sending a ship to the Black Sea violated the terms made during what agreement?' is: London Straits Convention,0.19896657252492914,"The actual output mentions the Treaty of Paris (1856), which is related to the expected output about the London Straits Convention. However, it fails to provide the correct answer to the question posed, which is the core truth of the expected output. The actual output does not address the violation of terms regarding sending a ship to the Black Sea, thus lacking alignment with the expected response."
How many credits were needed for an M.Sc. (Tech.) degree before the Bologna Process?,180 credits were needed for an M.Sc. (Tech.) degree before the Bologna Process.,The correct answer to the question 'How many credits were needed for an M.Sc. (Tech.) degree before the Bologna Process?' is: 180,0.7397661695132698,"The actual output correctly states that 180 credits were needed for an M.Sc. (Tech.) degree before the Bologna Process, which aligns with the core truth of the expected output. However, it lacks the explicit phrasing of the question and the format of the expected output, which could enhance clarity. The additional context provided in the retrieval context is relevant but not utilized in the actual output, which could have further enriched the response."
Which candidate finished in second place in the Georgia primary?,John Edwards finished in second place in the Georgia primary.,The correct answer to the question 'Which candidate finished in second place in the Georgia primary?' is: Edwards,0.6938350441476809,"The actual output correctly identifies John Edwards as the candidate who finished in second place in the Georgia primary, aligning with the core truth of the expected output. However, it lacks the explicit phrasing of the expected output, which states the answer should be presented as 'the correct answer to the question... is: Edwards.' While the additional context about Edwards' performance in the primary is relevant, it does not enhance the core message as effectively as it could, leading to a slight deduction in the score."
What was the first public hospital founded in the United States?,Bellevue Hospital.,The correct answer to the question 'What was the first public hospital founded in the United States?' is: Bellevue Hospital,0.7341121256433176,"The actual output correctly identifies Bellevue Hospital as the oldest public hospital in the United States, which aligns with the core truth of the expected output. However, it lacks the introductory context that explicitly states it is the answer to the specific question posed, which slightly detracts from clarity. The additional details about Bellevue Hospital being the designated hospital for the President enhance understanding but could be seen as extraneous to the core message."
What can refer to the study of patterns in human cultures?,Kinship.,The correct answer to the question 'What can refer to the study of patterns in human cultures?' is: Kinship,0.7274591354655496,"The actual output 'Kinship' correctly identifies the core truth of the expected output, which is that kinship refers to the study of patterns in human cultures. However, it lacks the additional context provided in the expected output that explicitly states the question and the phrase 'is: Kinship', which would enhance clarity and completeness. The retrieval context supports the answer by elaborating on kinship, but this detail is not reflected in the actual output."
What organization in the US government investigates the largest array of crimes?,Immigration and Customs Enforcement Homeland Security Investigations (ICE-HSI) investigates the largest array of crimes.,The correct answer to the question 'What organization in the US government investigates the largest array of crimes?' is: ICE-HSI,0.6437982172953794,"The actual output identifies ICE-HSI as the organization that investigates the largest array of crimes, which aligns with the core truth of the expected output. However, it lacks the explicit phrasing of the expected answer format and does not clearly state that ICE-HSI is the correct answer to the question posed. While it provides relevant context about ICE-HSI's capabilities, it could be more concise and directly answer the question without additional details that may distract from the core message."
In what war was France defeated by Prussia?,The Franco-Prussian War.,The correct answer to the question 'In what war was France defeated by Prussia?' is: Franco-Prussian War,0.8271862504422621,"The actual output correctly identifies the Franco-Prussian War as the conflict in which France was defeated by Prussia, aligning well with the core truth of the expected output. However, it lacks the additional context provided in the expected output, such as the phrasing 'The correct answer to the question...' which adds clarity and formality. While the actual output is accurate, it could benefit from a more comprehensive presentation that includes the context of the question."
What does the racial preferences debate indicate about universities and colleges?,"The racial preferences debate reflects competing missions of universities, balancing scholarly excellence with civic goods like diversity. It raises questions about how admissions policies align with institutional goals and the impact on individual merit.",The correct answer to the question 'What does the racial preferences debate indicate about universities and colleges?' is: competing notions of the mission of colleges,0.6108993977062762,"The actual output captures the essence of the expected output by discussing the competing missions of universities, which aligns with the core truth of the racial preferences debate. However, it lacks a direct articulation of the expected answer, which is 'competing notions of the mission of colleges.' While the additional context provided enhances understanding, it could have been more succinctly tied back to the expected output to strengthen the alignment."
What are the greatest influences to Bermudian culture?,"The greatest influences on Bermudian culture include British colonial heritage, African heritage from enslaved peoples, and American culture, particularly from nearby mainland influences.","The correct answer to the question 'What are the greatest influences to Bermudian culture?' is: British influences, together with Afro-Caribbean",0.412053942838122,"The actual output identifies some influences on Bermudian culture, such as British and African heritage, but it does not align closely with the expected output, which specifically mentions 'British influences' and 'Afro-Caribbean' as the primary influences. While the actual output provides relevant details, it introduces American culture, which is not part of the expected answer, detracting from the core truth."
What was the original goal of the Swiss military strategy?,The original goal was static defense at the borders to protect the economic heartland.,The correct answer to the question 'What was the original goal of the Swiss military strategy?' is: protect the economic heartland,0.65451100257443,"The actual output correctly identifies the original goal of the Swiss military strategy as protecting the economic heartland, which aligns with the expected output. However, it includes additional context about the shift from static defense to organized attrition, which, while relevant, could distract from the core truth. The response could be improved by focusing more directly on the expected answer without the extra details that may confuse the reader."
On what date was the Billboard easy listening chart first published?,"July 17, 1961.","The correct answer to the question 'On what date was the Billboard easy listening chart first published?' is: July 17, 1961",0.8339255063151179,"The actual output correctly identifies the date of July 17, 1961, which aligns with the expected output. However, it lacks the additional context provided in the retrieval context that could enhance understanding, such as the significance of the chart's publication and its first number one song. Including this information would have strengthened the response."
A USB host may implement how many host controllers?,A USB host may implement multiple host controllers.,The correct answer to the question 'A USB host may implement how many host controllers?' is: multiple,0.8089093048749115,"The actual output correctly identifies that a USB host may implement multiple host controllers, which aligns with the core truth of the expected output. However, it lacks the explicit phrasing of 'multiple' as the answer to the question posed, which is a minor deviation from the expected format. The additional context provided enhances understanding of USB architecture but is not directly necessary for answering the question."
What is the principle of normalization of relations with Arab states?,"Normalization of relations with Arab states typically involves diplomatic recognition and peace treaties, as seen with Egypt (1979), Jordan (1994), and Mauritania (1999). However, hostility toward Israel remains prevalent among many Arab nations and populations.",The correct answer to the question 'What is the principle of normalization of relations with Arab states?' is: Land for peace,0.3141020012468437,"The actual output provides some context about normalization of relations with Arab states, mentioning historical examples like Egypt and Jordan. However, it fails to directly address the core truth of the expected output, which is 'Land for peace.' The response lacks the specific answer to the question and does not include additional relevant details that enhance understanding of the principle of normalization, leading to a low score."
What do bacteria do in soil?,"In soil, bacteria recycle nutrients, carry out nitrogen fixation, and are primarily found in biofilms on surfaces. They provide nitrogenous compounds for plants and help maintain soil health.",The correct answer to the question 'What do bacteria do in soil?' is: converting nitrogen gas to nitrogenous compounds,0.6266698209266123,"The actual output provides relevant information about bacteria in soil, including their role in nitrogen fixation and nutrient recycling, which aligns with the expected output's focus on converting nitrogen gas to nitrogenous compounds. However, while it captures the core truth, it lacks a direct and clear articulation of the expected answer, making it less precise. The additional context about biofilms and soil health, while informative, does not directly enhance the understanding of the specific question asked."
What is the third largest acute care center in the U.S.?,Triumph Healthcare is the third largest long-term acute care provider in the U.S.,The correct answer to the question 'What is the third largest acute care center in the U.S.?' is: Triumph Healthcare,0.7957979672706685,"The actual output correctly identifies Triumph Healthcare as the third largest long-term acute care provider in the U.S., which aligns with the core truth of the expected output. However, it provides additional context about the nature of Triumph Healthcare's services, which, while relevant, slightly deviates from the simplicity of the expected answer format. The response could be improved by directly stating the answer in a more concise manner, similar to the expected output."
What years were the Maccabean Revolt of Judas Maccabeus?,The Maccabean Revolt of Judas Maccabeus occurred from 174 to 135 BCE.,The correct answer to the question 'What years were the Maccabean Revolt of Judas Maccabeus?' is: 174–135 BCE,0.8079731631387752,"The actual output correctly identifies the years of the Maccabean Revolt as 174 to 135 BCE, which aligns with the expected output. However, it lacks the explicit phrasing 'The correct answer to the question...' that is present in the expected output, which would enhance clarity. The output does not include any additional relevant details from the retrieval context, but it remains focused on the core truth of the question."
Decay can spread to all of what part of a tree?,Decay can spread to all parts of the trunk.,The correct answer to the question 'Decay can spread to all of what part of a tree?' is: the trunk,0.5635640464939925,"The actual output correctly identifies that decay can spread to the trunk, which aligns with the core truth of the expected output. However, it lacks the explicit mention of the question being answered and does not clearly state that the trunk is the specific part of the tree being referred to, which detracts from the clarity of the response. While the additional context about decay is relevant, it does not enhance the understanding of the expected output as it does not directly address the question posed."
Where was support found for Greek philosophy?,"Support for Greek philosophy was found in ancient Greece, particularly in city-states like Athens, and in Hellenistic centers. Notable figures included Plato, Aristotle, and Stoics like Zeno and Cicero, who influenced both Greek and Roman elites.",The correct answer to the question 'Where was support found for Greek philosophy?' is: Arab Empire,0.20103342743652175,"The actual output discusses the support for Greek philosophy in ancient Greece, which is not aligned with the expected output stating that support was found in the Arab Empire. While the actual output provides relevant historical context and notable figures, it fails to address the core truth of the expected output, leading to a significant misalignment."
Where did the creator of Mr Benn and King Rollo study?,Plymouth College of Art.,The correct answer to the question 'Where did the creator of Mr Benn and King Rollo study?' is: Plymouth College of Art,0.977823765908143,"The actual output correctly identifies the educational institution, Plymouth College of Art, as the place where the creator of Mr Benn and King Rollo studied, which aligns perfectly with the expected output. Additionally, the retrieval context provides relevant background information about David McKee, enhancing the understanding of the answer without detracting from the core truth."
What does the dense population make difficult ,"Dense populations can make it difficult to manage infrastructure, provide services, ensure housing availability, and maintain quality of life.","The correct answer to the question 'What does the dense population make difficult ' is: which makes concise definitions of its agglomeration difficult, and somewhat arbitrary.",0.3422232959846904,"The actual output identifies challenges posed by dense populations, which somewhat aligns with the expected output's focus on difficulties in defining agglomeration. However, it lacks the specificity of the expected output and does not directly address the core question about what becomes difficult due to dense populations. Additionally, it does not incorporate relevant details from the retrieval context that could enhance understanding of the issue."
Patriarch cardinals are not given what title?,Patriarch cardinals are not given the title of a suburbicarian see.,The correct answer to the question 'Patriarch cardinals are not given what title?' is: a suburbicarian see,0.7679836193162574,"The actual output correctly identifies that patriarch cardinals are not given the title of a suburbicarian see, which aligns with the core truth of the expected output. However, it lacks the explicit phrasing of the question and the answer format provided in the expected output, which diminishes its comprehensiveness. While it does not deviate from the core truth, it could have included additional relevant details from the retrieval context to enhance understanding, such as the role of patriarch cardinals in relation to suburbicarian sees."
What type of action can second level morphed imperfective verbs denote?,Second-level morphed imperfective verbs can denote repeated or regular action.,The correct answer to the question 'What type of action can second level morphed imperfective verbs denote?' is: repeated or regular action,0.8086081197751283,"The actual output correctly identifies that second-level morphed imperfective verbs denote repeated or regular action, which aligns with the expected output. However, it lacks the explicit framing of the answer as a response to the specific question posed, which would enhance clarity. The additional context about the nature of imperfective verbs is relevant and informative, supporting the core truth without detracting from it."
Why have Eritrean government officials participated in numerous meetings with NGO representatives?,To engage in reform and address questions about human rights.,The correct answer to the question 'Why have Eritrean government officials participated in numerous meetings with NGO representatives?' is: In an attempt at reform,0.5458521715704285,"The actual output partially captures the core truth of the expected output by mentioning 'engage in reform,' which aligns with the expected answer of 'In an attempt at reform.' However, it lacks the specificity of the context regarding the meetings with NGO representatives and does not clearly articulate the direct connection to the question posed. While it does touch on the theme of reform, it does not fully address the expected output's focus on the reason for the meetings, leading to a moderate score."
What did Napoleon offer to secondary education?,"Napoleon offered public support, founded state secondary schools (lycées), standardized education, and emphasized sciences and modern/classical languages.",The correct answer to the question 'What did Napoleon offer to secondary education?' is: public support,0.6104245500175565,"The actual output identifies key contributions of Napoleon to secondary education, such as public support and the establishment of state secondary schools. However, it goes beyond the expected output by including additional details about the curriculum and educational reforms, which, while relevant, detract from the core truth that the expected answer is simply 'public support.' The response could be improved by focusing more directly on the expected output without the extra context."
How many Russian-speaking Finns are descended from early immigrants?,"5,000 Russian-speaking Finns are descended from early immigrants.",The correct answer to the question 'How many Russian-speaking Finns are descended from early immigrants?' is: Five thousand,0.7050269833803366,"The actual output correctly identifies the number of Russian-speaking Finns descended from early immigrants, aligning with the core truth of the expected output. However, it does not explicitly state the answer in the same format as the expected output ('Five thousand'), which slightly detracts from its clarity. The additional context provided in the retrieval context is relevant but not necessary for answering the specific question, which could lead to confusion about the core answer."
"When the third tiere was added on, what is it in form of? ",Panchayats and Municipalities.,"The correct answer to the question 'When the third tiere was added on, what is it in form of? ' is: Panchayats and Municipalities",0.649001378659537,"The actual output correctly identifies 'Panchayats and Municipalities' as the third tier of government, aligning with the core truth of the expected output. However, it lacks the introductory phrase that contextualizes the answer as a response to the specific question posed, which diminishes clarity. While it includes the essential information, it does not fully enhance understanding by omitting the question reference."
On which two major issues did McCain and Schwarzenegger publicly agree?,Environment and economy.,The correct answer to the question 'On which two major issues did McCain and Schwarzenegger publicly agree?' is: the environment and economy,0.7970637544747754,"The actual output correctly identifies the two major issues, 'environment and economy', which aligns with the expected output. However, it lacks the introductory phrase that explicitly states it as the answer to the question, which slightly detracts from clarity. The retrieval context supports the answer by mentioning both individuals' concerns about these issues, enhancing the relevance of the response."
"What pre-preg material is designated by ""FR-2""?",FR-2 is phenolic cotton paper.,"The correct answer to the question 'What pre-preg material is designated by ""FR-2""?' is: phenolic cotton paper",0.851817914392749,"The actual output correctly identifies 'FR-2' as phenolic cotton paper, which aligns with the core truth of the expected output. However, it lacks the explicit phrasing of the expected output, which states the answer in the context of the question. While the core truth is present, the response could be improved by incorporating the question format to enhance clarity."
In what year did the Netherlands gain independence from France?,1813,The correct answer to the question 'In what year did the Netherlands gain independence from France?' is: 1813,0.8143466277998348,"The actual output provides the correct year of independence (1813), which aligns with the core truth of the expected output. However, it lacks the contextual framing present in the expected output, which explicitly states the question and provides a complete sentence. While the core truth is present, the response could be improved by including additional context or phrasing to enhance clarity and completeness."
Who has the power to issue a pardon?,The president has the power to issue pardons.,The correct answer to the question 'Who has the power to issue a pardon?' is: The president,0.7415867699349028,"The actual output correctly identifies that the president has the power to issue pardons, which aligns with the core truth of the expected output. However, it lacks the explicit phrasing of the question and answer format present in the expected output, which diminishes its clarity. While the additional context about the president's powers enhances understanding, it could be more directly tied to the question asked."
What does the region of England continue to use?,The Regions of England continue to be used in certain governmental administrative functions.,The correct answer to the question 'What does the region of England continue to use?' is: certain governmental administrative functions,0.7069527561105587,"The actual output correctly identifies that the Regions of England are used in certain governmental administrative functions, which aligns with the core truth of the expected output. However, it lacks the explicit phrasing of the expected answer format, which directly states the answer to the question. While the additional context about the Regions of England is relevant, it does not enhance the understanding of the core message as effectively as it could have."
Who was the chieftain of the Xiongnu?,Modu Chanyu was the chieftain of the Xiongnu.,The correct answer to the question 'Who was the chieftain of the Xiongnu?' is: Modu Chanyu,0.7887901994560339,"The actual output correctly identifies Modu Chanyu as the chieftain of the Xiongnu, aligning with the core truth of the expected output. However, it lacks the explicit phrasing found in the expected output, which states the answer in a more formal manner. While the retrieval context provides extensive background information about the Xiongnu and Modu Chanyu, it does not directly enhance the clarity of the answer provided in the actual output."
When did the Samanid Empire rule the land?,The Samanid Empire ruled from 819 to 999.,The correct answer to the question 'When did the Samanid Empire rule the land?' is: The Samanid Empire,0.4750428485234707,"The actual output provides the correct timeframe of the Samanid Empire's rule, which aligns with the expected output's core truth. However, it lacks the explicit connection to the question asked, as it does not clearly state that this information answers the question about when the Samanid Empire ruled. Additionally, while the retrieval context contains relevant historical details about the Samanid Empire, they are not integrated into the actual output, which limits the depth of understanding."
What is the largest school system in North Carolina?,Wake County Public School System.,The correct answer to the question 'What is the largest school system in North Carolina?' is: Wake County Public School System,0.5566665099007236,"The actual output identifies the Wake County Public School System, which is the correct answer to the question about the largest school system in North Carolina. However, it lacks the clarity and completeness of the expected output, which explicitly states the question and provides a full sentence. While the core truth is present, the response does not include additional relevant details from the retrieval context that could enhance understanding, such as the system's innovative efforts or its ranking among other school systems."
What organization developed land to expand New Delhi in the 1950s?,Central Public Works Department (CPWD).,The correct answer to the question 'What organization developed land to expand New Delhi in the 1950s?' is: the Central Public Works Department,0.8190489054986989,"The actual output correctly identifies the Central Public Works Department (CPWD) as the organization responsible for developing land in New Delhi during the 1950s, which aligns with the core truth of the expected output. However, it lacks the explicit phrasing of the question and the complete context provided in the expected output, which could enhance clarity. The retrieval context supports the answer by providing relevant historical details about the CPWD's role, but the actual output could be more comprehensive by incorporating a brief mention of the diplomatic enclave of Chanakyapuri."
The release of Internet Explorer started the first what?,The release of Internet Explorer started the first browser war.,The correct answer to the question 'The release of Internet Explorer started the first what?' is: browser war,0.7029613524333452,"The actual output correctly identifies that the release of Internet Explorer initiated the first browser war, which aligns with the core truth of the expected output. However, it lacks the explicit phrasing of the expected answer format, which is 'browser war'. While the retrieval context provides relevant historical details about the browser market, it does not enhance the clarity of the actual output in relation to the expected output."
How much of the total population was polish common wealth?,"The Polish-Lithuanian Commonwealth's nobility (szlachta) constituted approximately 10–12% of the population, while szlachta made up around 8% of the total population by 1791.",The correct answer to the question 'How much of the total population was polish common wealth?' is: 10–12%,0.6012948034606301,"The actual output provides a detailed account of the szlachta's population percentage, aligning with the expected output's core truth of 10–12%. However, it includes excessive historical context and statistics that, while relevant, detract from the clarity of the core message. The additional details could confuse the reader rather than enhance understanding, which slightly lowers the score."
Who fled with the Jin court to the South?,"Remnants of the Jin court, nobles, and wealthy families fled to the South.",The correct answer to the question 'Who fled with the Jin court to the South?' is: nobles and wealthy families,0.7392585414717211,"The actual output identifies the fleeing group as 'nobles and wealthy families,' which aligns well with the expected output. However, it lacks the explicit mention of the Jin court, which is a key part of the expected answer. The retrieval context provides relevant historical details that enhance understanding but are not directly reflected in the actual output, which could have included more context to strengthen the response."
How much speed is associated with each degree Warnerke?,Each degree Warnerke corresponds to an increase of 1/3 in speed.,The correct answer to the question 'How much speed is associated with each degree Warnerke?' is: an increase of 1/3 in speed,0.8324013936625277,"The actual output correctly identifies the core truth that each degree Warnerke corresponds to an increase of 1/3 in speed, which aligns with the expected output. However, it lacks the introductory phrase that explicitly states it as the answer to the question, which slightly detracts from its clarity. The additional context about the Warnerke Standard Sensitometer enhances understanding but is not necessary for the core truth."
Where did IGN rank the SNES?,IGN ranked the SNES as the fourth best video game console.,The correct answer to the question 'Where did IGN rank the SNES?' is: fourth best,0.8118011356883059,"The actual output correctly identifies IGN's ranking of the SNES as the fourth best video game console, which aligns with the core truth of the expected output. However, it lacks the explicit phrasing of the expected output, which states the answer in a more direct format. While the actual output provides the correct information, it could be more concise and directly answer the question as posed in the expected output."
Who disapproved of the proposed marriage between Victoria and Albert?,William IV disapproved of the proposed marriage between Victoria and Albert.,The correct answer to the question 'Who disapproved of the proposed marriage between Victoria and Albert?' is: William IV,0.7942312070702936,"The actual output correctly identifies William IV as the individual who disapproved of the marriage between Victoria and Albert, aligning with the core truth of the expected output. However, it lacks the explicit phrasing of the expected output, which states the answer in a more formal manner. While the actual output is accurate, it could benefit from additional context or details from the retrieval context to enhance its comprehensiveness."
What re-emerged during the Katarista movement in the 1970s?,Renewed ethnic and class militancy.,The correct answer to the question 'What re-emerged during the Katarista movement in the 1970s?' is: ethnic and class militancy,0.7785674773474348,"The actual output captures the core truth of the expected output by stating 'Renewed ethnic and class militancy,' which aligns with the expected answer regarding the Katarista movement in the 1970s. However, it lacks the explicit phrasing of the question and the context that emphasizes the significance of this militancy, which could enhance understanding. The retrieval context provides relevant details about the historical background and the evolution of indigenous movements, which could have been referenced to strengthen the response further."
Who supplies NYC with drinkable water?,New York City is supplied with drinking water by the protected Catskill Mountains watershed.,The correct answer to the question 'Who supplies NYC with drinkable water?' is: Catskill Mountains watershed,0.792653547067596,"The actual output correctly identifies the Catskill Mountains watershed as the source of drinking water for New York City, aligning with the core truth of the expected output. However, it includes additional details about the watershed's integrity and the city's water supply system, which, while informative, slightly detracts from the simplicity of the expected answer. Overall, the response is strong but could be more concise."
When were nociceptors discovered?,Nociceptors were discovered in 2003.,The correct answer to the question 'When were nociceptors discovered?' is: 2003,0.4266329253828265,"The actual output provides the year of nociceptor discovery, which aligns with the expected output's core truth. However, it lacks the clarity and completeness of the expected output, which explicitly states the question and answer format. Additionally, while the retrieval context offers relevant background information about nociceptors, it is not utilized in the actual output, limiting its effectiveness in enhancing understanding."
In what year was Tuvalu discovered by a European?,"Tuvalu was first settled by Europeans in the 1850s, with John O'Brien arriving in 1853.",The correct answer to the question 'In what year was Tuvalu discovered by a European?' is: 1568,0.20813136608414684,"The actual output provides information about European settlement in Tuvalu, specifically mentioning John O'Brien in the 1850s, but it fails to address the core truth of the expected output, which states that Tuvalu was discovered by a European in 1568. The actual output does not include this critical detail and instead focuses on a later event, which misaligns with the expected answer."
Who was defeated in the War of Spanish Succession?,Catalonia and Valencia were defeated in the War of Spanish Succession.,The correct answer to the question 'Who was defeated in the War of Spanish Succession?' is: Catalan,0.36646250668042735,"The actual output identifies Catalonia and Valencia as defeated parties in the War of Spanish Succession, which partially aligns with the expected output that states 'Catalan' was defeated. However, it fails to clearly articulate the core truth by not specifying that 'Catalan' refers to the broader context of Catalonia. Additionally, while the output includes relevant details about Valencia's involvement, it does not enhance understanding of the core message and introduces potential confusion by mentioning both regions instead of focusing on the singular expected answer."
When was the original USB 1.0 Specification introduced?,January 1996.,The correct answer to the question 'When was the original USB 1.0 Specification introduced?' is: January 1996,0.7553280483805089,"The actual output correctly identifies the date 'January 1996' as the introduction of the USB 1.0 Specification, which aligns with the core truth of the expected output. However, it lacks the additional context provided in the retrieval context that could enhance understanding, such as the significance of the specification and its impact on device connectivity. Including this context would have strengthened the response."
Where was Petersburg located in relation to Ford Stedman?,Saint Petersburg (then Petrograd) is located northeast of Fort Stedman.,The correct answer to the question 'Where was Petersburg located in relation to Ford Stedman?' is: east,0.45753337754890894,"The actual output correctly identifies the location of Saint Petersburg in relation to Fort Stedman, stating it is northeast, which aligns with the expected output's core truth of indicating a directional relationship. However, the expected output simplifies this to 'east,' which is less specific than the actual output. While the actual output provides additional detail, it does not fully align with the expected output's concise answer, leading to a moderate score."
"Outside of policymakers and teachers, who else is a key component to improving nutritional content in schools?",Managed foodservice contractors are a key component to improving nutritional content in schools.,"The correct answer to the question 'Outside of policymakers and teachers, who else is a key component to improving nutritional content in schools?' is: managed foodservice contractors",0.6956299257822774,"The actual output identifies managed foodservice contractors as a key component in improving nutritional content in schools, which aligns with the expected output. However, it lacks the explicit phrasing of the expected answer format, which directly states the answer to the question. While the response is relevant and informative, it could be clearer by directly mirroring the expected output structure."
What is an Arabic term for allusions?,"The Arabic term for allusions is ""allusions"" (إشارات). However, the text does not specify a direct Arabic term for ""allusions,"" so the closest related context refers to understanding Quranic verses through commentary.",The correct answer to the question 'What is an Arabic term for allusions?' is: isharat,0.3286897557123726,"The actual output identifies the Arabic term for allusions as 'إشارات' but fails to provide the expected term 'isharat' directly. While it mentions the context of understanding Quranic verses, it does not enhance the core truth of the expected output and introduces potential confusion by stating there is no direct term specified. This detracts from the clarity and alignment with the expected answer."
How many operations have been completed by the Canadian Military Internationally?,72 international operations have been completed by the Canadian military.,The correct answer to the question 'How many operations have been completed by the Canadian Military Internationally?' is: 72,0.809138793858529,"The actual output correctly states that 72 international operations have been completed by the Canadian military, which aligns with the core truth of the expected output. However, it lacks the explicit phrasing that identifies it as the answer to the specific question posed, which slightly detracts from its clarity. The additional context provided in the retrieval context is relevant and enhances understanding of the Canadian military's operations, but the actual output could have been more directly aligned with the expected format."
What was notable about the discovered vitamin A?,"Vitamin A was the first vitamin identified, discovered by Elmer McCollum in 1913, and was incorrectly linked to curing rickets by Sir Edward Mellanby in 1919.",The correct answer to the question 'What was notable about the discovered vitamin A?' is: fat-soluble,0.30281174435201674,"The actual output provides historical context about the discovery of vitamin A, but it fails to address the core truth of the expected output, which is that vitamin A is notable for being fat-soluble. While it includes relevant details about its discovery and misconceptions, it does not answer the specific question posed, leading to a significant misalignment with the evaluation steps."
Where is the basic MP3 decoding and technology patent free?,The basic MP3 decoding and encoding technology is patent-free in the European Union.,The correct answer to the question 'Where is the basic MP3 decoding and technology patent free?' is: European Union,0.8066221145797445,"The actual output correctly identifies that the basic MP3 decoding and encoding technology is patent-free in the European Union, which aligns with the core truth of the expected output. However, while it provides accurate information, it lacks the explicit phrasing of the expected output, which directly answers the question. The additional context about the patent status in the U.S. is relevant but not necessary for the core truth, slightly detracting from the clarity of the main message."
"At minimum, how many regular season games did the AFL agree to broadcast?",The AFL agreed to broadcast a minimum of 19 regular season games.,"The correct answer to the question 'At minimum, how many regular season games did the AFL agree to broadcast?' is: 17",0.27547826935566266,"The actual output states that the AFL agreed to broadcast a minimum of 19 regular season games, which contradicts the expected output that specifies the minimum as 17. While the actual output provides a specific number, it does not align with the core truth of the expected output, leading to confusion. Additionally, the retrieval context mentions both 17 and 19 games, but the actual output fails to clarify this discrepancy, detracting from understanding."
When did the Iconodules  change the cross in the Hagia Sophia?,The cross in the Hagia Sophia was substituted with the image of the Theotokos after the victory of the Iconodules in 787–797.,The correct answer to the question 'When did the Iconodules  change the cross in the Hagia Sophia?' is: 787–797,0.7691115894968996,"The actual output correctly identifies the time period (787–797) when the cross in the Hagia Sophia was changed, which aligns with the core truth of the expected output. However, it provides additional context about the substitution of the cross with the image of the Theotokos, which, while relevant, slightly diverges from the simplicity of the expected answer. Overall, the response is informative and accurate, but the extra detail may not be necessary for a direct answer."
What was the percentage of Turks in the Cyprus population?,"In 1960, Turks made up 18.2% of the population. In 1974, they comprised 18.4%.",The correct answer to the question 'What was the percentage of Turks in the Cyprus population?' is: 18.2%,0.6082567186249259,"The actual output provides relevant population percentages of Turks in 1960 and 1974, which aligns with the expected output's focus on the percentage of Turks in the Cyprus population. However, it lacks the explicit statement that the correct answer to the question is 18.2%, which is crucial for clarity. While the additional details about the population percentages over time are informative, they do not enhance the core truth of the expected output and could potentially confuse the reader."
"Along with the Senussi, who was purged from the military?",Monarchists were also purged from the military.,"The correct answer to the question 'Along with the Senussi, who was purged from the military?' is: monarchists",0.5906595276734539,"The actual output identifies that monarchists were purged from the military, which aligns with the expected output's core truth that monarchists were purged. However, it lacks the explicit connection to the question asked, which specifically mentions the Senussi alongside monarchists. While the information is relevant, it does not fully address the expected output's requirement to clearly articulate the answer to the question posed."
What was the name of the video game that was cancelled for Beyonce?,Starpower: Beyoncé,The correct answer to the question 'What was the name of the video game that was cancelled for Beyonce?' is: Starpower: Beyoncé,0.983183937491163,"The actual output directly matches the expected output by clearly stating the name of the cancelled video game, 'Starpower: Beyoncé', which is the core truth of the question. Additionally, it succinctly presents the answer without introducing any misleading information, thus enhancing understanding of the context surrounding the cancellation."
What does काष्ठ mean in English?,"काष्ठ means ""wood"" in English.",The correct answer to the question 'What does काष्ठ mean in English?' is: wood,0.7270902676986682,"The actual output correctly identifies the meaning of 'काष्ठ' as 'wood', which aligns with the core truth of the expected output. However, it lacks the explicit phrasing 'The correct answer to the question...' that is present in the expected output, which would enhance clarity and formality. The response is straightforward and accurate, but it could benefit from a more structured presentation."
What did Ibn Sina classify into stones?,"Ibn Sina classified substances into three main categories: stones, plants, and animals.",The correct answer to the question 'What did Ibn Sina classify into stones?' is: minerals,0.22920622604169139,"The actual output mentions Ibn Sina's classification of substances but fails to address the specific question about what he classified into stones, which is minerals. This indicates a lack of alignment with the core truth of the expected output. While the information provided is relevant to Ibn Sina's work, it does not enhance understanding of the specific query and ultimately misleads by not providing the correct answer."
When did the seven companies begin developing USB's?,In 1994.,The correct answer to the question 'When did the seven companies begin developing USB's?' is: 1994,0.6084459467783455,"The actual output provides the year '1994', which aligns with the core truth of the expected output regarding when the seven companies began developing USBs. However, it lacks the clarity and completeness of the expected output, which explicitly states the question and provides context. The retrieval context offers additional relevant details about the companies involved and the purpose of USB, but these are not reflected in the actual output, limiting its effectiveness."
Whose art is displayed at the large cathedral in Mexico City?,"The Metropolitan Cathedral displays works by Juan de Rojas, Juan Correa, and an oil painting attributed to Murillo.",The correct answer to the question 'Whose art is displayed at the large cathedral in Mexico City?' is: Juan de Rojas,0.5235949073738935,"The actual output mentions the artists whose works are displayed at the Metropolitan Cathedral, which aligns with the expected output's focus on Juan de Rojas. However, it includes additional names (Juan Correa and Murillo) that, while relevant, detract from the clarity of the core truth that the expected answer is specifically Juan de Rojas. The extra details do not enhance understanding and could confuse the reader regarding the primary answer."
Where does the Richmind-Petersburg DMA rank in the United States?,58th largest.,The correct answer to the question 'Where does the Richmind-Petersburg DMA rank in the United States?' is: 58th,0.6484820900982393,"The actual output correctly identifies the ranking of the Richmond-Petersburg DMA as the 58th largest, which aligns with the core truth of the expected output. However, it lacks the full context and clarity provided in the expected output, which explicitly states the question being answered. While the core truth is present, the response could be improved by including the question for better understanding."
What is the distinguishing design element in German Gothic cathedrals?,The distinguishing design element in German Gothic cathedrals is their breadth and openness.,The correct answer to the question 'What is the distinguishing design element in German Gothic cathedrals?' is: their breadth and openness,0.8105472424197717,"The actual output correctly identifies the core truth of the expected output by stating that the distinguishing design element in German Gothic cathedrals is their breadth and openness. However, it lacks the explicit framing of the answer as a response to the question, which is present in the expected output. While the actual output is accurate and relevant, it could enhance clarity by mirroring the structure of the expected output more closely."
What was Sultan Selim I's nickname?,"Sultan Selim I's nickname was ""the Grim.""",The correct answer to the question 'What was Sultan Selim I's nickname?' is: the Grim,0.7831562558860048,"The actual output correctly identifies Sultan Selim I's nickname as 'the Grim,' which aligns with the expected output. However, it lacks the explicit phrasing of the expected output, which states the answer should be presented as a complete sentence. While the core truth is present, the response could be improved by including additional context or details from the retrieval context that enhance understanding without detracting from the main point."
When did the FCC rule on net neturality?,"The FCC ruled on net neutrality on February 26, 2015.",The correct answer to the question 'When did the FCC rule on net neturality?' is: February 2015,0.7739056611031959,"The actual output correctly identifies the date of the FCC ruling on net neutrality, aligning with the core truth of the expected output. However, it lacks the explicit phrasing 'The correct answer to the question...' which would enhance clarity and directly address the question format. While the additional context in the retrieval does not detract from the core truth, it could have been more effectively integrated to provide a fuller understanding of the ruling's significance."
what is a perfect example of a filled vacuum showing a curvature?,A black hole with zero electric charge is a perfect example of a filled vacuum that shows strong curvature.,The correct answer to the question 'what is a perfect example of a filled vacuum showing a curvature?' is: The black hole,0.6961422401988078,"The actual output correctly identifies a black hole as a filled vacuum showing strong curvature, which aligns with the core truth of the expected output. However, it introduces additional details about the nature of black holes and vacuum that, while relevant, may detract from the simplicity of the expected answer. The expected output is more straightforward, directly answering the question without elaboration, which makes the actual output slightly less aligned with the evaluation steps."
Where did the first English coffeehouse open in 1650?,Oxford.,The correct answer to the question 'Where did the first English coffeehouse open in 1650?' is: Oxford,0.9399016151518065,"The actual output correctly identifies Oxford as the location of the first English coffeehouse in 1650, which aligns perfectly with the expected output. Additionally, it succinctly presents the core truth without unnecessary deviation, and the retrieval context provides relevant background information that enhances understanding without detracting from the main answer."
Where in the Marshall Islands does the United States have a missile testing range?,Kwajalein Atoll.,The correct answer to the question 'Where in the Marshall Islands does the United States have a missile testing range?' is: Kwajalein Atoll,0.7943446942597453,"The actual output correctly identifies Kwajalein Atoll as the location of the U.S. missile testing range, aligning with the core truth of the expected output. However, it lacks the additional context provided in the expected output, which explicitly states the question it answers. While the core truth is present, the absence of the question diminishes the clarity and completeness of the response."
How much direct foreign investment existed in Libya circa 2004?,$40 billion.,The correct answer to the question 'How much direct foreign investment existed in Libya circa 2004?' is: $40 billion,0.8645100742293339,"The actual output provides the correct figure of $40 billion, which aligns with the expected output. However, it lacks the clarity and context provided in the expected output, which explicitly states the question being answered. While the core truth is present, the response could benefit from additional context to enhance understanding."
Who was the co-founder of the Black Panthers that was placed on trial in New Haven?,Bobby Seale.,The correct answer to the question 'Who was the co-founder of the Black Panthers that was placed on trial in New Haven?' is: Bobby Seale,0.8098861214697596,"The actual output correctly identifies Bobby Seale as the co-founder of the Black Panthers, which aligns with the core truth of the expected output. However, it lacks the additional context provided in the expected output, such as the phrasing of the question and the explicit statement that this is the correct answer. While the response is accurate, it could be improved by including more detail to enhance clarity and completeness."
When was the term middle east common as a noun and adjective?,"The term ""Middle East"" was common as a noun and adjective in the 19th century.",The correct answer to the question 'When was the term middle east common as a noun and adjective?' is: the 19th century,0.6503408034020042,"The actual output correctly identifies the 19th century as the time when the term 'Middle East' was common, aligning with the expected output. However, it lacks the explicit phrasing of the question and the direct answer format requested in the expected output. While it provides relevant historical context, it does not enhance the core truth as effectively as it could, potentially leading to confusion about the primary focus of the response."
What type of elevators are generally less costly than full commercial elevators?,Residential elevators are generally less costly than full commercial elevators.,The correct answer to the question 'What type of elevators are generally less costly than full commercial elevators?' is: residential,0.5106219616650898,"The actual output correctly identifies that residential elevators are generally less costly than full commercial elevators, which aligns with the core truth of the expected output. However, it fails to explicitly state that the answer to the question is 'residential', which is a key detail in the expected output. While the additional context about residential elevators adds some relevant information, it does not enhance the core message as it does not directly answer the question posed."
What are people called who have left Germany but still speak German?,"They are called ""Auswanderer.""",The correct answer to the question 'What are people called who have left Germany but still speak German?' is: Auswanderer,0.8081313648487237,"The actual output correctly identifies 'Auswanderer' as the term for people who have left Germany but still speak German, aligning well with the expected output. However, it lacks the explicit framing of the answer as a response to the question posed, which slightly diminishes clarity. The retrieval context provides relevant background information about German-speaking populations, but the actual output could have benefited from a brief mention of this context to enhance understanding without detracting from the core truth."
Where are glaciers in Africa located?,"Glaciers in Africa are located on Mount Kilimanjaro (Tanzania), Mount Kenya, and the Rwenzori Mountains.","The correct answer to the question 'Where are glaciers in Africa located?' is: Mount Kilimanjaro in Tanzania, on Mount Kenya and in the Rwenzori Mountains",0.8420731982067146,"The actual output accurately identifies the locations of glaciers in Africa, aligning well with the expected output. However, it lacks the introductory phrase 'The correct answer to the question...' which would enhance clarity and context. The retrieval context supports the information provided, confirming the locations mentioned, but the actual output could benefit from a more structured presentation."
President Bonaparte was declared what in France? ,Emperor of the French.,The correct answer to the question 'President Bonaparte was declared what in France? ' is: Emperor Napoleon III,0.22719849649326443,"The actual output identifies Napoleon as 'Emperor of the French,' which is partially correct but lacks the specificity of 'Emperor Napoleon III' as stated in the expected output. The core truth is not fully articulated, and the additional context provided does not enhance the understanding of the expected answer, as it does not clarify the distinction between Napoleon I and Napoleon III."
What was the average speed of a winning solar powered car by 2007?,90.87 km/h (56.46 mph).,The correct answer to the question 'What was the average speed of a winning solar powered car by 2007?' is: 90.87 kilometres per hour (56.46 mph),0.9,"The actual output correctly identifies the average speed of the winning solar-powered car in 2007 as 90.87 km/h (56.46 mph), which aligns with the expected output. While the expected output includes a more formal phrasing, the core truth is accurately represented in the actual output. The additional context provided in the retrieval context enhances understanding of the topic without detracting from the main answer."
What company provides the city with natural gas?,Philadelphia Gas Works (PGW) provides the city with natural gas.,The correct answer to the question 'What company provides the city with natural gas?' is: Redeem,0.176299197134991,"The actual output identifies Philadelphia Gas Works (PGW) as the provider of natural gas, which contradicts the expected output stating that Redeem is the correct answer. While the actual output provides relevant details about PGW, it fails to align with the core truth of the expected output, leading to a significant misalignment."
Poland views Napoleon in a positive light partially based on his opposition to what country?,Russia.,The correct answer to the question 'Poland views Napoleon in a positive light partially based on his opposition to what country?' is: Russia,0.8935463811139266,"The actual output correctly identifies 'Russia' as the country opposed by Napoleon, which aligns with the core truth of the expected output. While the expected output provides a more detailed context by explicitly stating the question and framing the answer, the actual output succinctly delivers the correct answer. It could have included a brief mention of the context to enhance relevance, but it remains accurate and directly answers the question."
Which department did Popper found at the London School of Economics?,"Department of Philosophy, Logic and Scientific Method.","The correct answer to the question 'Which department did Popper found at the London School of Economics?' is: Department of Philosophy, Logic and Scientific Method",0.8756919832008357,"The actual output correctly identifies the department founded by Popper at the London School of Economics, aligning with the core truth of the expected output. While it is less detailed than the expected output, it remains accurate and relevant. The retrieval context provides additional information about Popper's role and influence, which could enhance the response, but the core answer is still effectively communicated."
In what year was New York ranked first on the Global Economic Power Index?,2012,The correct answer to the question 'In what year was New York ranked first on the Global Economic Power Index?' is: 2012,0.6751143587774584,"The actual output provides the correct year, 2012, which aligns with the expected output. However, it lacks the contextual framing present in the expected output, which clearly states the question and the answer format. While the retrieval context contains relevant information about New York's economic status, the actual output does not incorporate any of this additional context, which could enhance understanding of the significance of the year mentioned."
"what usually has a larger network, the ISP of the customer or the upstream ISP?",The upstream ISP usually has a larger network.,"The correct answer to the question 'what usually has a larger network, the ISP of the customer or the upstream ISP?' is: upstream ISPs",0.6662752472783985,"The actual output correctly identifies that the upstream ISP usually has a larger network, which aligns with the core truth of the expected output. However, it lacks the explicit phrasing of the expected answer format, which directly states 'upstream ISPs' as the answer to the question. While the additional context about ISPs is relevant, it does not enhance the core message as effectively as it could have, leading to a slight deduction in the score."
How many people came to visit New York in 2013?,Approximately 54 million tourists visited New York City in 2013.,The correct answer to the question 'How many people came to visit New York in 2013?' is: 54 million,0.7872024548863339,"The actual output correctly states that approximately 54 million tourists visited New York City in 2013, which aligns with the core truth of the expected output. However, it lacks the explicit phrasing of the question and the phrase 'The correct answer to the question...' that is present in the expected output. While the additional context about tourism in New York City enhances understanding, it does not directly contribute to the core truth, which slightly detracts from the clarity of the response."
How many people of Somali ethnicity live in Somalia?,Approximately 12.3 million.,The correct answer to the question 'How many people of Somali ethnicity live in Somalia?' is: 12.3 million,0.8429867155810034,"The actual output provides the correct numerical answer of approximately 12.3 million, which aligns with the expected output. However, it lacks the explicit phrasing of the question and the context that the expected output includes, which could enhance clarity. The retrieval context offers additional relevant information about the Somali population, but this is not integrated into the actual output, limiting its overall effectiveness."
When was the Chrysler building built in NYC?,1930,The correct answer to the question 'When was the Chrysler building built in NYC?' is: 1930,0.576180280520753,"The actual output provides the correct year, 1930, which aligns with the expected output's core truth regarding the construction date of the Chrysler Building. However, it lacks the contextual framing present in the expected output, which explicitly states the question and provides a complete sentence. While the core truth is present, the absence of additional relevant details from the retrieval context limits the overall clarity and completeness of the response."
What publication promoted Pope Paul VI's views on abortion?,"The encyclical ""Humanae vitae.""",The correct answer to the question 'What publication promoted Pope Paul VI's views on abortion?' is: encyclical Humanae vitae,0.7704179838234146,"The actual output correctly identifies the encyclical 'Humanae vitae' as the publication promoting Pope Paul VI's views on abortion, aligning well with the expected output. However, it lacks the explicit phrasing of the expected answer, which includes 'the correct answer to the question' and the phrase 'is: encyclical Humanae vitae.' While the core truth is present, the response could be improved by incorporating the full context of the question and answer format."
What phrase was coined in the 16th century to reference recent times?,"The phrase ""modern"" was coined in the 16th century to reference recent times.",The correct answer to the question 'What phrase was coined in the 16th century to reference recent times?' is: modern,0.6568227583888966,"The actual output correctly identifies the term 'modern' as being coined in the 16th century, which aligns with the core truth of the expected output. However, it lacks the explicit phrasing of the expected answer format, which directly states the answer to the question. While the additional context about the term's meaning enhances understanding, it could be seen as somewhat extraneous, detracting from the clarity of the core message."
What is a famous opera house in Detroit?,Detroit Opera House,The correct answer to the question 'What is a famous opera house in Detroit?' is: Detroit Opera House,0.9874567013729451,"The actual output directly answers the question posed in the expected output by clearly stating 'Detroit Opera House', which aligns perfectly with the core truth of the expected output. Additionally, the retrieval context provides relevant details about the Detroit Opera House, enhancing the response without detracting from the core answer."
Who won the election?,George W. Bush won the election.,The correct answer to the question 'Who won the election?' is: João Bernardo Vieira,0.0,"The actual output states that George W. Bush won the election, which directly contradicts the expected output that identifies João Bernardo Vieira as the winner. The core truth of the expected output is not present in the actual output, and there are no additional relevant details that enhance understanding or align with the expected answer."
In what year did The Greek Uprising take place?,The Greek Uprising took place in 1821.,The correct answer to the question 'In what year did The Greek Uprising take place?' is: 1821,0.723899883601052,"The actual output correctly identifies the year of the Greek Uprising as 1821, which aligns with the core truth of the expected output. However, it lacks the explicit phrasing found in the expected output that clearly states it as the answer to the question posed. While the response is accurate, it could benefit from additional context or details that enhance understanding without detracting from the core message."
Where did some Jewish communities settle after they were expelled from Spain?,"Some Jewish communities settled in Turkey, France, Italy, Holland, and Palestine after being expelled from Spain in 1492.",The correct answer to the question 'Where did some Jewish communities settle after they were expelled from Spain?' is: Palestine,0.5737397968010658,"The actual output identifies several locations where Jewish communities settled after being expelled from Spain, including Palestine, which aligns with the core truth of the expected output. However, it lacks a clear emphasis on Palestine as the primary answer, which is the focus of the expected output. While the additional details about other countries provide context, they detract from the clarity of the core message that Palestine is the correct answer."
What do the Nepalese call Thangkas?,"Nepalese call Thangkas ""Paubhas.""",The correct answer to the question 'What do the Nepalese call Thangkas?' is: Paubhas,0.8109015296052249,"The actual output correctly identifies that the Nepalese call Thangkas 'Paubhas,' which aligns with the core truth of the expected output. However, it lacks the explicit phrasing of the expected output, which states the answer in a complete sentence format. While the response is accurate and relevant, it could be improved by including a more structured presentation that enhances clarity."
What is one of the countries that objected to the inclusion of political killings in the early version of the Convention?,The USSR.,The correct answer to the question 'What is one of the countries that objected to the inclusion of political killings in the early version of the Convention?' is: USSR,0.8354630292670118,"The actual output correctly identifies the USSR as one of the countries that objected to the inclusion of political killings in the Convention, aligning with the core truth of the expected output. However, it lacks the additional context provided in the expected output, which explicitly states the question and the format of the answer. While the response is accurate, it could enhance understanding by including the phrasing of the question and the structured format of the answer as seen in the expected output."
What did the PVA and KPA gain by using the tactics during the Third Phase Offensive,"The PVA and KPA gained significant territorial advantage, capturing Seoul on 4 January 1951, by using night attacks, encirclement tactics, and psychological warfare that caused confusion and panic among UN forces.",The correct answer to the question 'What did the PVA and KPA gain by using the tactics during the Third Phase Offensive' is: Seoul,0.7019232629509833,"The actual output correctly identifies that the PVA and KPA gained control of Seoul, which aligns with the core truth of the expected output. However, while it provides additional context about the tactics used, such as night attacks and psychological warfare, this extra information, while relevant, somewhat detracts from the simplicity of the expected answer. The response could be more concise to enhance clarity and focus on the core message."
What was the title of the travel book written by Fanny Vandegrift Stevenson?,The Cruise of the Janet Nichol.,The correct answer to the question 'What was the title of the travel book written by Fanny Vandegrift Stevenson?' is: The Cruise of the Janet Nichol,0.8183035327217973,"The actual output correctly identifies the title of the travel book as 'The Cruise of the Janet Nichol', which aligns with the expected output. However, it lacks the introductory phrase that explicitly states it is the answer to the question posed, which slightly detracts from clarity. The retrieval context provides relevant background information about Fanny Vandegrift Stevenson and the book, enhancing the understanding of the output."
What did this leader of change believe of the conception of Mary ?,"Pope Pius IX believed that Mary's conception was immaculate, meaning she was preserved from Original Sin in view of Christ's merits, thus affirming her need for a Savior.","The correct answer to the question 'What did this leader of change believe of the conception of Mary ?' is: Mother Mary, like us, was born in sin of sinful parents, but the Holy Spirit covered her, sanctified and purified her",0.39832981088245434,"The actual output correctly identifies Pope Pius IX's belief regarding Mary's immaculate conception, but it does not fully align with the expected output, which emphasizes that Mary was born in sin and needed a Savior. While the actual output mentions her preservation from Original Sin, it lacks the nuance of her being born of sinful parents and the role of the Holy Spirit in her sanctification, which are critical to the expected answer. Additionally, the actual output does not incorporate relevant details from the retrieval context that could enhance understanding of the topic."
What is the total of school children killed?,"5,335 school children were killed in the earthquake.","The correct answer to the question 'What is the total of school children killed?' is: 5,335",0.8104499137445644,"The actual output correctly identifies the number of school children killed in the earthquake, which aligns with the core truth of the expected output. However, it lacks the explicit phrasing that indicates it is answering the specific question posed, as seen in the expected output. While the retrieval context provides relevant details about the casualties and the circumstances surrounding the earthquake, the actual output could have benefited from a more structured presentation to enhance clarity and context."
Who was William C. Boyd?,"The provided information does not mention William C. Boyd; therefore, I cannot provide a concise answer about him.",The correct answer to the question 'Who was William C. Boyd?' is: mid-20th-century anthropologist,0.1574953555369558,"The actual output acknowledges the absence of information about William C. Boyd but fails to provide the expected core truth that he was a mid-20th-century anthropologist. While it correctly identifies a lack of relevant context, it does not attempt to convey any information about Boyd, which detracts from fulfilling the expected output."
What organization did Libya join in 1999?,Libya began secret talks with the British government to normalize relations in 1999.,The correct answer to the question 'What organization did Libya join in 1999?' is: Community of Sahel-Saharan States,0.18378860489500926,"The actual output mentions Libya's secret talks with the British government in 1999, which is somewhat related to the timeframe but does not address the core question about the organization Libya joined in 1999. The expected output clearly states the correct answer, which is missing in the actual output. While the retrieval context provides relevant historical background, it does not enhance the actual output's alignment with the expected answer."
Which large body of water does Galicia border?,Galicia borders the Atlantic Ocean.,The correct answer to the question 'Which large body of water does Galicia border?' is: Atlantic Ocean,0.75630974137776,"The actual output correctly identifies that Galicia borders the Atlantic Ocean, which aligns with the core truth of the expected output. However, it lacks the explicit phrasing of the question and the structured format of the expected output, which states 'The correct answer to the question...' This diminishes the clarity and completeness of the response, but the essential information is still present."
Why did the NFL Network begin to broadcast games again?,The NFL Network resumed broadcasting games after resolving labor issues within the Arena Football League.,The correct answer to the question 'Why did the NFL Network begin to broadcast games again?' is: the labor issues were resolved,0.7946547720211461,"The actual output correctly identifies that the NFL Network resumed broadcasting games after resolving labor issues, which aligns with the core truth of the expected output. It provides additional context about the cessation of broadcasts due to labor problems, enhancing the explanation. However, it could be more concise, as the extra details, while relevant, slightly deviate from the simplicity of the expected answer."
After what war did the alliances start to solidify?,After World War I.,The correct answer to the question 'After what war did the alliances start to solidify?' is: Second Punic War,0.12681827278060118,"The actual output states 'After World War I,' which is not aligned with the expected output that identifies the Second Punic War as the answer. While the actual output is factually correct regarding the timeline, it fails to address the specific question about the solidification of alliances, thus lacking relevance and comprehensiveness in relation to the expected output."
How are passenger cabs separated from the lift?,"Passenger cabs are mechanically separated from the lift mechanism, allowing continuous use of elevator shafts while passengers board and disembark.",The correct answer to the question 'How are passenger cabs separated from the lift?' is: mechanically,0.5597137446002753,"The actual output correctly identifies that passenger cabs are mechanically separated from the lift mechanism, which aligns with the core truth of the expected output. However, it provides excessive detail about the operation of the elevator shafts and passenger boarding, which, while relevant, detracts from the simplicity of the expected answer. The core truth is present, but the additional information could confuse the reader rather than enhance understanding."
When did the Xbox One launch?,"November 22, 2013.","The correct answer to the question 'When did the Xbox One launch?' is: November 22, 2013",0.7911854504828707,"The actual output correctly identifies the launch date of the Xbox One as November 22, 2013, which aligns with the expected output. However, it lacks the additional context provided in the expected output that explicitly states it is the answer to the question posed. While the core truth is present, the absence of a clear connection to the question diminishes the overall clarity and completeness of the response."
What allowed the expansion of Arabic translations during the 5th century?,The creation of Arabic script allowed the expansion of Arabic translations during the 5th century.,The correct answer to the question 'What allowed the expansion of Arabic translations during the 5th century?' is: creation of Arabic script,0.7415867699349026,"The actual output correctly identifies the creation of Arabic script as the factor that allowed the expansion of Arabic translations during the 5th century, aligning well with the expected output. However, it lacks the explicit phrasing of the expected answer format, which could enhance clarity. The retrieval context provides relevant historical details about the significance of Arabic translations, which could have been briefly referenced to strengthen the response further."
Which contestant had a fiancé that had suffered brain damage?,Chris Medina.,The correct answer to the question 'Which contestant had a fiancé that had suffered brain damage?' is: Chris Medina,0.7906073680539917,"The actual output correctly identifies Chris Medina as the contestant related to the question about a fiancé who suffered brain damage, aligning well with the expected output. However, it lacks the additional context provided in the expected output, which explicitly states the question and the phrase 'The correct answer to the question...'. While the core truth is present, the absence of this framing slightly diminishes clarity and completeness."
What is the name of the military in Burma ?,The military in Burma is called the Tatmadaw.,The correct answer to the question 'What is the name of the military in Burma ?' is: Tatmadaw,0.8366191898355291,"The actual output correctly identifies the military in Burma as the Tatmadaw, which aligns with the expected output. However, it lacks the explicit phrasing of the expected output, which states the answer should be presented as 'The correct answer to the question...'. While the core truth is present, the absence of this framing slightly detracts from the completeness of the response."
"Who wrote the words ""Against us they have raised the bloody flag of tyranny?""",Rouget de Lisle.,"The correct answer to the question 'Who wrote the words ""Against us they have raised the bloody flag of tyranny?""' is: Rouget de Lisle",0.8775938835831129,"The actual output correctly identifies Rouget de Lisle as the author of the phrase, aligning with the core truth of the expected output. However, it lacks the additional context provided in the expected output, which explicitly states the question and the format of the answer. While the core truth is present, the response could be improved by including the full context of the question for clarity."
"Along with God and morally responsible people, what is an example of a spiritual thing to Hegel?","An example of a spiritual thing to Hegel, along with God and morally responsible people, is ethical communities.","The correct answer to the question 'Along with God and morally responsible people, what is an example of a spiritual thing to Hegel?' is: ethical communities",0.7008817214403927,"The actual output identifies 'ethical communities' as an example of a spiritual thing to Hegel, which aligns with the expected output. However, it lacks the explicit phrasing of the question and the introductory phrase found in the expected output, which diminishes clarity. The retrieval context provides relevant philosophical background that supports the answer, but the actual output could have better integrated this context to enhance understanding."
What two countries concluded a separate peace with Prussia?,Austria and France concluded a separate peace with Prussia.,"The correct answer to the question 'What two countries concluded a separate peace with Prussia?' is: Like Sweden, Russia concluded a separate peace with Prussia.",0.22086712921145865,"The actual output incorrectly identifies Austria and France as the countries that concluded a separate peace with Prussia, while the expected output correctly states that Sweden and Russia were the countries involved. The core truth of the expected output is not present in the actual output, leading to a significant misalignment. Additionally, the actual output does not provide any relevant details from the retrieval context that would support its claim."
Who apologized to Chopin for adding embellishments to a musical piece he perforemed that was written by Chopin?,The text does not mention anyone specifically apologizing to Chopin for adding embellishments to a piece he performed.,The correct answer to the question 'Who apologized to Chopin for adding embellishments to a musical piece he perforemed that was written by Chopin?' is: Liszt,0.23682853237151713,"The actual output correctly identifies that no one specifically apologized to Chopin, which aligns with the core truth of the expected output. However, it fails to mention Liszt, who is the expected answer, and does not provide any additional relevant details from the retrieval context that could enhance the response. The lack of engagement with the retrieval context limits the comprehensiveness of the answer."
When did the Allied invasion of Sicily occur?,July–August 1943.,The correct answer to the question 'When did the Allied invasion of Sicily occur?' is: July–August 1943,0.7169417760475356,"The actual output provides the correct timeframe for the Allied invasion of Sicily, aligning with the core truth of the expected output. However, it lacks the explicit context of the question being answered, which diminishes clarity. While the retrieval context contains relevant historical details, the actual output does not incorporate any of this additional information to enhance understanding, resulting in a less comprehensive response."
From what country was Enlightenment leader Catherine the Great?,Russia,The correct answer to the question 'From what country was Enlightenment leader Catherine the Great?' is: Russia,0.8776071746919601,"The actual output correctly identifies Russia as the country associated with Catherine the Great, aligning well with the expected output. However, it lacks the additional context provided in the expected output that explicitly states it as the answer to the question, which slightly diminishes its clarity. The retrieval context offers relevant details about Catherine's role in the Enlightenment, which could enhance understanding but is not utilized in the actual output."
"Chopin wrote some music to lyrics, what language were the lyrics?",Polish,"The correct answer to the question 'Chopin wrote some music to lyrics, what language were the lyrics?' is: Polish",0.9158081552107932,"The actual output correctly identifies the language of the lyrics as 'Polish', which aligns perfectly with the expected output. It succinctly answers the question posed without any extraneous information, maintaining focus on the core truth. Additionally, the retrieval context supports this answer by providing relevant background on Chopin's works, enhancing the understanding of the answer without detracting from it."
"Along with valence, what is the other of the two dimensions used to map emotional experiences?",Arousal.,"The correct answer to the question 'Along with valence, what is the other of the two dimensions used to map emotional experiences?' is: arousal",0.5510418049567147,"The actual output 'Arousal' correctly identifies the core truth of the expected output, which is the term 'arousal' as the second dimension of emotional experiences. However, it lacks the clarity and completeness of the expected output, which explicitly states the question and provides context. While it is accurate, the brevity of the response does not enhance understanding or provide additional relevant details from the retrieval context."
"Who wrote an essay in 1945 that proposed a ""new approach?""","Friedrich Hayek wrote ""The Road to Serfdom"" in 1945, proposing a new approach.","The correct answer to the question 'Who wrote an essay in 1945 that proposed a ""new approach?""' is: Vivian Galbraith",0.12383647199691972,"The actual output mentions Friedrich Hayek and his work 'The Road to Serfdom,' but it fails to address the expected output, which identifies Vivian Galbraith as the author of an essay proposing a 'new approach' in 1945. The core truth of the expected output is not present, and while the actual output provides some context about Hayek's work, it does not enhance understanding of the expected answer."
The Napoleonic peace treaty had Ceylon given to which country?,Ceylon was given to Britain.,The correct answer to the question 'The Napoleonic peace treaty had Ceylon given to which country?' is: Britain,0.6682485224793431,"The actual output correctly identifies that Ceylon was given to Britain, which aligns with the core truth of the expected output. However, it lacks the explicit context of the question regarding the Napoleonic peace treaty, which is crucial for clarity. While the answer is accurate, it could be improved by explicitly stating that it answers the question posed, thereby enhancing understanding without confusion."
What suggests that memory has two different components?,"The distinction between RAM (read/write, volatile) and ROM (read-only, non-volatile) suggests memory has two different components.",The correct answer to the question 'What suggests that memory has two different components?' is: term of internal representation,0.264260611171373,"The actual output identifies the distinction between RAM and ROM, which relates to the concept of memory components. However, it fails to directly address the expected output, which specifies that the core truth is the 'term of internal representation.' The actual output does not mention this term, and while it provides relevant details about RAM and ROM, it does not enhance understanding of the expected answer."
How many people died because of the Spitak earthquake?,"The information provided does not mention the Spitak earthquake, so I cannot provide a death toll for it.","The correct answer to the question 'How many people died because of the Spitak earthquake?' is: more than 25,000",0.17396312508797382,"The actual output fails to provide the death toll for the Spitak earthquake, which is the core truth of the expected output. While it correctly states that the information does not mention the Spitak earthquake, it does not address the question asked. The response lacks relevant details from the retrieval context that could have been used to provide a more informative answer, leading to a significant shortcoming in comprehensiveness."
The principle Bible college of the Free Will Baptists is located in which Tennessee city?,Nashville.,The correct answer to the question 'The principle Bible college of the Free Will Baptists is located in which Tennessee city?' is: Nashville,0.5695178679701668,"The actual output 'Nashville' correctly identifies the city related to the Free Will Baptists' Bible college, aligning with the core truth of the expected output. However, it lacks the context and clarity provided in the expected output, which explicitly states the question and the answer format. While the core truth is present, the absence of additional relevant details from the retrieval context limits the response's effectiveness in enhancing understanding."
Who recommended Nasser surrender himself to the British?,Salah Salem.,The correct answer to the question 'Who recommended Nasser surrender himself to the British?' is: Salah Salem,0.8100540113670703,"The actual output correctly identifies Salah Salem as the individual who recommended Nasser surrender himself to the British, aligning with the core truth of the expected output. However, it lacks the additional context provided in the expected output, such as the phrasing of the question and the explicit statement of the answer. While the actual output is concise, it could benefit from a more comprehensive presentation that includes the context of the recommendation."
Who redid the Tuileries Garden in 1664?,André Le Nôtre.,The correct answer to the question 'Who redid the Tuileries Garden in 1664?' is: André Le Nôtre,0.7819244941431995,"The actual output correctly identifies André Le Nôtre as the person who redid the Tuileries Garden in 1664, aligning with the core truth of the expected output. However, it lacks the explicit context of the question and the phrasing of the expected output, which could enhance clarity. While it does provide the correct answer, it misses the opportunity to include additional relevant details from the retrieval context that could enrich the response without detracting from the core message."
What was the total value of all of Charleston's city buildings before the earthquake?,$24 million ($531 million in 2006 dollars).,The correct answer to the question 'What was the total value of all of Charleston's city buildings before the earthquake?' is: $24 million,0.8491912066402543,"The actual output correctly identifies the total value of all of Charleston's city buildings before the earthquake as $24 million, which aligns with the core truth of the expected output. However, it includes additional context about the value in 2006 dollars, which, while relevant, slightly detracts from the clarity of the core answer. Overall, the response is accurate and informative, addressing the question effectively."
Who resigned in September of 1987?,Boris Yeltsin.,The correct answer to the question 'Who resigned in September of 1987?' is: Boris Yeltsin,0.767942233206823,"The actual output correctly identifies Boris Yeltsin as the individual who resigned, aligning with the core truth of the expected output. However, it lacks the additional context provided in the expected output, such as the specific question being answered and the phrasing that emphasizes the correctness of the answer. While the core truth is present, the absence of these details slightly detracts from the overall clarity and completeness of the response."
What reduced Germany’s need for Soviet goods?,The abandonment of the Treaty of Versailles military controls and the isolationist Stalinist regime reduced Germany’s need for Soviet goods.,The correct answer to the question 'What reduced Germany’s need for Soviet goods?' is: Treaty of Versailles,0.39708865079451827,"The actual output mentions the Treaty of Versailles and its military controls, which is relevant to the expected output. However, it fails to clearly articulate that the Treaty itself is the primary factor reducing Germany's need for Soviet goods, instead introducing additional context about the Stalinist regime that complicates the core message. This additional information does not enhance understanding and detracts from the clarity of the response."
Which invention with military applications helped bring about the nation state?,Gunpowder.,The correct answer to the question 'Which invention with military applications helped bring about the nation state?' is: gunpowder,0.6096747257339098,"The actual output 'Gunpowder.' correctly identifies the core truth of the expected output, which is the invention that contributed to the nation state. However, it lacks the clarity and completeness of the expected output, which explicitly states the question and provides context. While it is accurate, it does not include additional relevant details from the retrieval context that could enhance understanding, such as the broader implications of gunpowder on military organization and the nation state."
What was the first method used by the actor in trying to get his images taken down?,The actor initially sent multiple DMCA requests.,The correct answer to the question 'What was the first method used by the actor in trying to get his images taken down?' is: DMCA requests,0.6595620183839788,"The actual output correctly identifies that the actor sent multiple DMCA requests, which aligns with the expected output's core truth about the first method used to remove images. However, it lacks the explicit mention of 'DMCA requests' as the direct answer to the question, which would have strengthened the alignment. The additional context about the actor's actions is relevant but could be more concise to enhance clarity."
What was the Thunder's previous name?,The Thunder's previous name was the Seattle SuperSonics.,The correct answer to the question 'What was the Thunder's previous name?' is: Seattle SuperSonics,0.8517433315330536,"The actual output correctly identifies the Thunder's previous name as the Seattle SuperSonics, which aligns with the core truth of the expected output. However, it lacks the explicit phrasing of the expected output, which includes the context of the question. While the response is accurate and informative, it could be improved by directly referencing the question format to enhance clarity."
What does OSCE stand for?,OSCE stands for Organization for Security and Cooperation in Europe.,The correct answer to the question 'What does OSCE stand for?' is: Organisation for Security and Co-operation in Europe,0.7402959479636272,"The actual output correctly identifies what OSCE stands for, aligning with the core truth of the expected output. However, it lacks the additional context provided in the expected output, such as the phrasing 'The correct answer to the question...' which enhances clarity. While the actual output is accurate, it could benefit from a more formal presentation to fully match the expected format."
How many seasons were the CityHawks in New York?,The CityHawks were in New York for 2 seasons.,The correct answer to the question 'How many seasons were the CityHawks in New York?' is: two,0.5813527053472665,"The actual output correctly states that the CityHawks were in New York for 2 seasons, which aligns with the core truth of the expected output. However, it lacks the clarity and directness of the expected output, which explicitly states the answer in a more straightforward manner. While the actual output provides the correct information, it does not fully encapsulate the expected format or detail, resulting in a moderate score."
What are assigned to phonemes by different linguists?,"Different linguists assign sounds to phonemes based on criteria like minimal pairs, phonetic similarity, and abstract units (morphophonemes).",The correct answer to the question 'What are assigned to phonemes by different linguists?' is: sounds,0.43798953505305427,"The actual output identifies that sounds are assigned to phonemes, which aligns with the core truth of the expected output. However, it includes additional details about criteria used by linguists, which, while relevant, detracts from the simplicity of the expected answer. The response could be clearer and more focused on directly answering the question without the extra context."
It is possible and often easy to roughly discern the relative pitches of two sounds of what?,Indefinite pitch.,The correct answer to the question 'It is possible and often easy to roughly discern the relative pitches of two sounds of what?' is: indefinite pitch,0.6833145900835216,"The actual output 'Indefinite pitch' captures the core truth of the expected output, which is to identify the concept of indefinite pitch. However, it lacks the context and completeness of the expected output, which explicitly states the question and provides a more comprehensive explanation. While the core truth is present, the response could benefit from additional details to enhance understanding and provide clarity."
What religion alleged Freemasons as unnatural and irrational? ,The Roman Catholic Church alleged Freemasons as unnatural and irrational.,The correct answer to the question 'What religion alleged Freemasons as unnatural and irrational? ' is: Catholic,0.5189221569498857,"The actual output identifies the Roman Catholic Church's allegations against Freemasons, which aligns with the expected output's focus on the Church's stance. However, it fails to clearly articulate the core truth that the religion in question is 'Catholic,' as specified in the expected output. While the retrieval context provides relevant historical details about the Church's objections, the actual output does not effectively summarize this information to directly answer the question posed."
what instrument was Phuture the first to use in house music?,Phuture was the first to use the Roland TB-303 bass synthesizer in house music.,The correct answer to the question 'what instrument was Phuture the first to use in house music?' is: TB-303,0.8146093436605588,"The actual output correctly identifies the TB-303 as the instrument used by Phuture in house music, addressing the core truth of the expected output. However, it provides additional context about the significance of the TB-303 in acid house music and Phuture's role, which, while informative, slightly deviates from the simplicity of the expected answer. Overall, it effectively answers the question while offering relevant details."
"What was responsible for creating thousands of scientific, technological, and knowledge-based businesses?","The consolidation of scientific societies and academies during the Enlightenment, which facilitated knowledge creation and innovation.","The correct answer to the question 'What was responsible for creating thousands of scientific, technological, and knowledge-based businesses?' is: the emergence and growth of several science parks throughout the world",0.22689414096510108,"The actual output discusses the consolidation of scientific societies during the Enlightenment, which is somewhat related to the broader theme of knowledge creation. However, it fails to address the specific question about what created thousands of scientific, technological, and knowledge-based businesses, which is the core truth of the expected output. The expected output specifically mentions the emergence and growth of science parks, which is not reflected in the actual output. Additionally, while the retrieval context provides relevant historical details, they do not enhance the actual output's alignment with the expected answer."
Media such as a radio and television have started to make their presences felt since what years?,Since the early 1990s.,The correct answer to the question 'Media such as a radio and television have started to make their presences felt since what years?' is: early 1990s,0.7140219256317296,"The actual output correctly identifies the time frame 'early 1990s' as the answer to the question, aligning with the core truth of the expected output. However, it lacks the explicit context of the question and the phrasing of the expected output, which could enhance clarity. While it does provide the correct information, it does not fully articulate the answer in the same structured manner as the expected output."
In modern day New Haven who makes up for majority of the demographics in terms of ethnicity?,"In modern-day New Haven, the majority of the demographics are Hispanic or Latino residents, making up 27.4% of the population, followed closely by White residents at 31.8% (non-Hispanic Whites at 31.8%).",The correct answer to the question 'In modern day New Haven who makes up for majority of the demographics in terms of ethnicity?' is: Italian-American,0.18674006947339697,"The actual output fails to identify the core truth of the expected output, which states that Italian-Americans make up the majority demographic in New Haven. Instead, it incorrectly claims that Hispanic or Latino residents are the majority, which is not aligned with the expected answer. While the actual output provides demographic statistics, it does not enhance understanding of the core truth and deviates from the question asked."
Which developer began releasing games for both NES and Sega in 1991?,Acclaim.,The correct answer to the question 'Which developer began releasing games for both NES and Sega in 1991?' is: Acclaim,0.7890385851042205,"The actual output 'Acclaim' correctly identifies the developer that began releasing games for both NES and Sega in 1991, aligning with the core truth of the expected output. However, it lacks the additional context provided in the expected output, which explicitly states the question and the full answer format. While the core truth is present, the absence of the question and the complete phrasing diminishes the clarity and completeness of the response."
What would someone in Belgium call the variation of Dutch spoken in Flanders?,"In Belgium, the variation of Dutch spoken in Flanders is commonly referred to as ""Flemish"" (Vlaams).",The correct answer to the question 'What would someone in Belgium call the variation of Dutch spoken in Flanders?' is: Vlaams,0.7884472890320934,"The actual output correctly identifies 'Flemish' as the variation of Dutch spoken in Flanders, aligning with the core truth of the expected output. However, it provides additional context about the term 'Vlaams' and its usage in Belgium, which, while relevant, slightly detracts from the simplicity of the expected answer. Overall, the response is informative and comprehensive, addressing the question effectively."
What culture did the Inca fear the most?,The Inca feared the Cañaris the most.,The correct answer to the question 'What culture did the Inca fear the most?' is: The Cañaris,0.794792447121585,"The actual output correctly identifies the Cañaris as the group feared by the Inca, aligning well with the expected output. However, it lacks the explicit phrasing of the question and the phrase 'The correct answer to the question...' which would enhance clarity and context. While the core truth is present, the absence of this framing slightly detracts from the overall completeness of the response."
How long did vertebrate recovery take?,Vertebrate recovery took about 30 million years after the Permian–Triassic extinction event.,The correct answer to the question 'How long did vertebrate recovery take?' is: 30 million years,0.7855388931279081,"The actual output correctly identifies the duration of vertebrate recovery as 30 million years, which aligns with the expected output. However, it lacks the explicit framing of the answer as a response to the question posed, which is a key aspect of the expected output. The retrieval context provides additional relevant information about the timeline of recovery, but it is not utilized in the actual output to enhance understanding, which slightly detracts from the overall effectiveness."
What island may have been spotted by the Spanish on January 15?,Ujelang.,The correct answer to the question 'What island may have been spotted by the Spanish on January 15?' is: Ujelang,0.6873069116183117,"The actual output correctly identifies 'Ujelang' as the answer to the question about the island spotted by the Spanish on January 15, aligning well with the expected output. However, it lacks the additional context provided in the expected output, which explicitly states the question and the phrasing of the answer. While the core truth is present, the absence of this framing slightly diminishes the clarity and completeness of the response."
The economic goal of the state was to serve as what for the ruler?,The economic goal of the state was to consolidate and extend the ruler's power.,The correct answer to the question 'The economic goal of the state was to serve as what for the ruler?' is: consolidation and extension of the ruler's power,0.7046260297356258,"The actual output identifies the core truth of the expected output by stating the economic goal of the state as the consolidation and extension of the ruler's power. However, it lacks the explicit phrasing of the question and answer format present in the expected output, which diminishes clarity. The retrieval context provides relevant details about the economic functions and goals of the state, which could enhance the understanding of the actual output, but these details are not integrated into the response."
What is a tradition unique to the Creole people?,"The ""gumbe"" music style, which fuses multiple folk traditions, is unique to the Creole people.",The correct answer to the question 'What is a tradition unique to the Creole people?' is: touloulous,0.20775040332259048,"The actual output discusses the 'gumbe' music style, which is not relevant to the expected output that specifically identifies 'touloulous' as a unique tradition of the Creole people. While the actual output provides some cultural context, it fails to address the core truth of the expected output, which is the identification of 'touloulous'. The additional details about music do not enhance understanding of the expected answer and instead distract from it."
Where are specialized FBI functions located?,"Specialized FBI functions are located at facilities in Quantico, Virginia, and a data campus in Clarksburg, West Virginia.","The correct answer to the question 'Where are specialized FBI functions located?' is: Quantico, Virginia",0.5841531823895941,"The actual output identifies both Quantico, Virginia, and Clarksburg, West Virginia, as locations for specialized FBI functions, which partially aligns with the expected output. However, the expected output specifically asks for the location of specialized functions, which is primarily Quantico. While the additional context about Clarksburg is relevant, it detracts from the clarity of the core truth that should focus solely on Quantico, Virginia."
Who commanded that Valencia be destroyed?,Abd al-Rahman I commanded that Valencia be destroyed.,The correct answer to the question 'Who commanded that Valencia be destroyed?' is: Abd al-Rahman I,0.7192409182777758,"The actual output correctly identifies Abd al-Rahman I as the commander who ordered Valencia's destruction, aligning with the expected output's core truth. However, it lacks the explicit phrasing of the expected output, which directly states the question and answer format. While the retrieval context provides relevant historical details about Abd al-Rahman I and Valencia, it does not enhance the clarity of the actual output, which could have been more informative by including the context of the command within the broader historical narrative."
What was the City of Boston's name before it was the City of Boston?,The Town of Boston.,The correct answer to the question 'What was the City of Boston's name before it was the City of Boston?' is: the Town of Boston,0.8493444102080255,"The actual output correctly identifies the core truth by stating 'The Town of Boston', which aligns with the expected output. However, it lacks the additional context provided in the expected output that explicitly states it is the answer to the question posed. While the actual output is accurate, it could be more comprehensive by including the phrasing from the expected output to enhance clarity."
How many student brothers were there in the year 2000?,"In 2000, there were 9,045 pupils in Bern, with a higher enrollment of boys than girls. However, the exact number of student brothers is not provided.",The correct answer to the question 'How many student brothers were there in the year 2000?' is: 917,0.2,"The actual output mentions the number of pupils in Bern and the higher enrollment of boys than girls, but it fails to provide the specific answer to the question about the number of student brothers, which is the core truth of the expected output. The lack of the exact figure '917' significantly detracts from the alignment with the expected output."
what was the prototype of ghetto house?,"The prototype of ghetto house was ""Time for the Perculator"" by Cajmere.","The correct answer to the question 'what was the prototype of ghetto house?' is: ""Time for the Perculator"" by Cajmere",0.85,"The actual output correctly identifies 'Time for the Perculator' by Cajmere as the prototype of ghetto house, aligning with the core truth of the expected output. However, it lacks the explicit phrasing of the expected output, which includes the question context. While it provides the correct answer, it does not fully encapsulate the expected format, which slightly detracts from its completeness."
Most names of Roman mosaic workers are what nationality?,Greek.,The correct answer to the question 'Most names of Roman mosaic workers are what nationality?' is: Greek,0.8539645617399858,"The actual output correctly identifies the nationality of Roman mosaic workers as 'Greek', which aligns with the expected output. However, it lacks the additional context provided in the expected output that explicitly states it is the correct answer to the question. While the core truth is present, the response could be improved by explicitly stating that it answers the question posed."
What percentage of the human genome consists of protein coding genes?,1–2% of the human genome consists of protein-coding genes.,The correct answer to the question 'What percentage of the human genome consists of protein coding genes?' is: 1–2%,0.8830945653015794,"The actual output correctly states that 1–2% of the human genome consists of protein-coding genes, which aligns with the core truth of the expected output. It succinctly answers the question posed, maintaining clarity. While it does not explicitly restate the question, the information provided is accurate and relevant. The additional context from the retrieval context is not included, but the core truth is effectively communicated."
How do some plants avoid cross pollination?,"Some plants avoid cross-pollination through morphological mechanisms (e.g., heteromorphic flowers with short carpels and long stamens) and physiological mechanisms (e.g., self-incompatibility) that prevent self-fertilization. Additionally, some species are dioecious, producing male and female gametes on separate individuals.",The correct answer to the question 'How do some plants avoid cross pollination?' is: pollen either fails to reach the stigma,0.38955241054932543,"The actual output provides detailed mechanisms by which plants avoid cross-pollination, such as morphological and physiological strategies, which are relevant to the topic. However, it does not address the core truth of the expected output, which specifically states that pollen may fail to reach the stigma. While the additional details enhance understanding, they do not align with the succinct answer required by the expected output."
Who did Armenia fight in teh Nagorno-Karabakh War?,Armenia fought Azerbaijan in the Nagorno-Karabakh War.,The correct answer to the question 'Who did Armenia fight in teh Nagorno-Karabakh War?' is: Azerbaijan,0.735952416906714,"The actual output correctly identifies Azerbaijan as the opponent of Armenia in the Nagorno-Karabakh War, aligning with the core truth of the expected output. However, it lacks the explicit phrasing of the question and the structured format of the expected answer, which diminishes clarity. While the retrieval context provides relevant historical background, it does not directly enhance the core message of the answer, which could have been more effectively communicated."
What Russian-Austrian agreement preceded the Seven Years War that started in 1755-56?,"The agreement was the defensive alliance concluded on June 2, 1746, between Austria and Russia.","The correct answer to the question 'What Russian-Austrian agreement preceded the Seven Years War that started in 1755-56?' is: June 2, 1746, Austria and Russia concluded a defensive alliance that covered their own territory and Poland against attack by Prussia or the Ottoman Empire",0.7209547325698482,"The actual output correctly identifies the date and nature of the agreement between Austria and Russia, aligning with the core truth of the expected output. However, it lacks the additional context about the agreement's implications for Poland and the secret clause regarding Silesia, which are crucial for a complete understanding. While it provides a clear answer, it does not fully enhance the core message with relevant details from the retrieval context."
In what language was Brahmi first used?,Brahmi was originally used for Prakrit.,The correct answer to the question 'In what language was Brahmi first used?' is: Prakrit,0.5081556245640172,"The actual output correctly identifies that Brahmi was originally used for Prakrit, which aligns with the core truth of the expected output. However, it lacks the explicit phrasing of the expected answer format, which states the question and provides a clear answer. While the actual output is factually correct, it does not enhance understanding with additional relevant details from the retrieval context, which could have provided more context about Brahmi's evolution or its relationship with other scripts."
Who said in 2008 that China was unsatisfied with its involvement in the Galileo project?,The South China Morning Post reported in January 2008 that China was unsatisfied with its involvement in the Galileo project.,The correct answer to the question 'Who said in 2008 that China was unsatisfied with its involvement in the Galileo project?' is: the Hong Kong-based South China Morning Post,0.7910221281820975,"The actual output correctly identifies the source of the information regarding China's dissatisfaction with the Galileo project, specifically naming the South China Morning Post. However, it lacks the explicit phrasing of the expected output, which directly answers the question posed. While it provides relevant context about the report's timing and content, it could be more aligned with the expected format by clearly stating that the South China Morning Post is the source of the claim."
Who made the first US mandolin?,Joseph Bohmann.,The correct answer to the question 'Who made the first US mandolin?' is: Joseph Bohm,0.529287619945227,"The actual output correctly identifies Joseph Bohmann as the maker of the first US mandolin, aligning with the core truth of the expected output. However, it fails to mention the context of the question or the specific phrasing of the expected answer, which includes the name 'Joseph Bohm' instead of 'Bohmann'. This discrepancy detracts from the overall clarity and completeness of the response."
Where did the OAU summit in July 1999 occur?,"Algiers, Algeria.",The correct answer to the question 'Where did the OAU summit in July 1999 occur?' is: Algiers,0.8308822327861825,"The actual output correctly identifies Algiers, Algeria as the location of the OAU summit in July 1999, aligning well with the expected output. However, it lacks the explicit context of the question and the phrasing of the expected answer, which diminishes its clarity. The retrieval context provides relevant historical details about Gaddafi and the OAU summit, which could enhance understanding but are not directly referenced in the actual output."
What caused the temporary NBA team to relocate to Oklahoma?,Hurricane Katrina.,The correct answer to the question 'What caused the temporary NBA team to relocate to Oklahoma?' is: Hurricane Katrina,0.927051183947856,"The actual output correctly identifies 'Hurricane Katrina' as the cause for the temporary relocation of the NBA team to Oklahoma, which aligns with the expected output. While the response is concise, it could have included a brief context about the relocation to enhance understanding, but it does not detract from the core truth being accurately represented."
Einstein's paper on the photoelectric effect earned him the Nobel Prize in what year?,1921,The correct answer to the question 'Einstein's paper on the photoelectric effect earned him the Nobel Prize in what year?' is: 1921,0.8026651728261465,"The actual output provides the correct year, 1921, which aligns with the core truth of the expected output. However, it lacks the additional context and clarity present in the expected output, which explicitly states the question and provides a complete sentence. While the core truth is present, the response could be improved by including more context to enhance understanding."
The Broadway Musical began in what decade?,1880s.,The correct answer to the question 'The Broadway Musical began in what decade?' is: 1880s,0.5955194260215362,"The actual output provides the correct decade, '1880s', which aligns with the expected output. However, it lacks the clarity and completeness of the expected output, which explicitly states the question and the answer format. While the core truth is present, the response could be improved by including the context of the question to enhance understanding."
What was the uranium-based bomb made by the US in World War II called?,Little Boy.,The correct answer to the question 'What was the uranium-based bomb made by the US in World War II called?' is: Little Boy,0.5154047595810922,"The actual output 'Little Boy' correctly identifies the uranium-based bomb, aligning with the core truth of the expected output. However, it lacks the context and clarity provided in the expected output, which explicitly states the question and the answer format. While the core truth is present, the response does not enhance understanding with additional relevant details from the retrieval context, which could have provided more background on the bomb's significance."
What type of music is John Lee Hooker known for?,John Lee Hooker is known for blues music.,The correct answer to the question 'What type of music is John Lee Hooker known for?' is: blues,0.6465781417170046,"The actual output correctly identifies that John Lee Hooker is known for blues music, which aligns with the expected output. However, it lacks the explicit phrasing of the expected answer format, which states 'The correct answer to the question... is: blues'. While the core truth is present, the response could be improved by more closely mirroring the expected output's structure and providing additional context from the retrieval context to enhance understanding."
Who has used programs such as Carnivore and NarusInsight to eavesdrop on the systems of internet service providers?,The FBI and NSA have used programs such as Carnivore and NarusInsight to eavesdrop on internet service providers.,The correct answer to the question 'Who has used programs such as Carnivore and NarusInsight to eavesdrop on the systems of internet service providers?' is: the FBI and NSA,0.813617782735515,"The actual output correctly identifies the FBI and NSA as the agencies that have used programs like Carnivore and NarusInsight to eavesdrop on internet service providers, aligning well with the core truth of the expected output. However, it provides additional context about the programs and their functions, which, while relevant, slightly deviates from the simplicity of the expected answer. Overall, it effectively answers the core question while offering extra detail."
How many people work in University of Oklahoma?,"The University of Oklahoma employs 11,900 people.","The correct answer to the question 'How many people work in University of Oklahoma?' is: 11,900",0.8237882938128005,"The actual output correctly states the number of employees at the University of Oklahoma, aligning with the core truth of the expected output. However, it lacks the explicit framing of the answer as a response to the specific question posed, which is present in the expected output. The retrieval context provides additional relevant information about the university but does not detract from the core truth, enhancing the overall understanding of the university's significance."
Where was the Northern Fleets nuclear-powered aircraft carrier supposed to be stationed?,Murmansk,The correct answer to the question 'Where was the Northern Fleets nuclear-powered aircraft carrier supposed to be stationed?' is: Murmansk,0.8029362455920692,"The actual output 'Murmansk' correctly identifies the location where the Northern Fleet's nuclear-powered aircraft carrier was supposed to be stationed, aligning with the core truth of the expected output. However, it lacks the additional context provided in the expected output, which explicitly states the question and the full answer format. While the core truth is present, the absence of the framing and context diminishes the completeness of the response."
What did Princeton claim the real reasons for the rejection of Li's application was?,"Princeton claimed Li was not admitted because ""many others had far better qualifications"" and his extracurricular activities were ""not all that outstanding.""",The correct answer to the question 'What did Princeton claim the real reasons for the rejection of Li's application was?' is: many others had far better qualifications,0.5578773086665405,"The actual output partially captures the core truth of the expected output by stating that Princeton claimed Li was not admitted due to 'many others had far better qualifications.' However, it fails to isolate this key reason from the additional context about extracurricular activities, which dilutes the focus on the primary reason for rejection. While the retrieval context provides relevant background, it does not enhance the clarity of the actual output in relation to the expected output."
Who was in control of Estonia before the Germans?,"Denmark was in control of Estonia before the Germans, from 1219 until 1346.",The correct answer to the question 'Who was in control of Estonia before the Germans?' is: the USSR,0.2021789380824559,"The actual output incorrectly states that Denmark controlled Estonia before the Germans, which contradicts the expected output that identifies the USSR as the correct answer. While the actual output provides historical context about Danish control, it fails to address the core truth of the expected output, leading to a significant misalignment."
What is the illusion given by these effects?,"The illusion created by these effects is the false memory or perception of events and objects, leading individuals to believe they've experienced or recognized things that they haven't, often influenced by imaginative or causal interpretations.",The correct answer to the question 'What is the illusion given by these effects?' is: the illusion of the room stretching,0.27424970901289153,"The actual output discusses the concept of false memories and perceptions, which is somewhat related to the topic of illusions. However, it fails to directly address the specific illusion mentioned in the expected output, which is the 'illusion of the room stretching.' The response lacks the core truth of the expected output and does not provide relevant details from the retrieval context that would clarify or support the expected answer."
What year did Sicily become ruled by the Holy Roman Empire?,1194.,The correct answer to the question 'What year did Sicily become ruled by the Holy Roman Empire?' is: 1194,0.8058858970173283,"The actual output provides the correct year, 1194, which aligns with the expected output. However, it lacks the contextual framing present in the expected output that clearly states the question being answered. While the core truth is present, the absence of the full sentence structure diminishes clarity and completeness, which is important for understanding the context of the answer."
"Some cardinals are bishop in name only, what are they called?",They are called cardinal deacons.,"The correct answer to the question 'Some cardinals are bishop in name only, what are they called?' is: Cardinal bishops",0.3255833983113448,"The actual output identifies 'cardinal deacons' but fails to address the expected output, which specifies 'cardinal bishops' as the correct answer. While the response is factually correct regarding cardinal deacons, it does not align with the core truth of the expected output, which is the specific term requested in the question. The additional context provided does not enhance the understanding of the expected answer, leading to a significant misalignment."
The IANA database works by connecting names to what information about the location?,The IANA database connects names to the historical and predicted clock shifts of the location.,The correct answer to the question 'The IANA database works by connecting names to what information about the location?' is: historical and predicted clock shifts,0.8512616273708378,"The actual output correctly identifies the core truth by stating that the IANA database connects names to historical and predicted clock shifts, which aligns with the expected output. However, while it provides accurate information, it could be more concise by omitting the introductory phrase about the database, which does not directly answer the question. Overall, the core truth is present and accurately represented."
How much of GE's revenues is derived from the financial services it provides?,Over half of GE's revenue is derived from financial services.,The correct answer to the question 'How much of GE's revenues is derived from the financial services it provides?' is: over half,0.8103644461713874,"The actual output accurately conveys the core truth that over half of GE's revenue comes from financial services, which aligns well with the expected output. However, while it provides additional context about GE's status as a financial company, this extra information could be seen as slightly detracting from the simplicity of the core message. Overall, the response is clear and relevant, enhancing understanding without being misleading."
Who was elected to be the new deputy general secretary of the Communist Part of the Soviet Union in July?,Eduard Shevardnadze was appointed Full Member of the Politburo and became Minister of Foreign Affairs in July.,The correct answer to the question 'Who was elected to be the new deputy general secretary of the Communist Part of the Soviet Union in July?' is: Volodymyr Ivashko,0.18827708897207646,"The actual output mentions Eduard Shevardnadze's appointment to the Politburo and as Minister of Foreign Affairs, which is relevant information but does not answer the question about who was elected as the new deputy general secretary. The core truth of the expected output, which identifies Volodymyr Ivashko as the answer, is completely absent. While the actual output provides some context about Shevardnadze's role, it does not enhance understanding of the specific question asked."
What meeting was conducted to discuss the PVA's problems?,A conference in Shenyang in November 1951 was conducted to discuss the PVA's logistical problems.,"The correct answer to the question 'What meeting was conducted to discuss the PVA's problems?' is: the Military Commission,",0.4700242820491649,"The actual output mentions a conference in Shenyang in November 1951 to discuss the PVA's logistical problems, which aligns with the core truth of the expected output regarding a meeting to address PVA issues. However, it fails to specify that the expected meeting was the Military Commission, which is a critical detail. While the actual output provides relevant context about logistical challenges, it does not fully answer the core question as clearly as the expected output."
What was the original projected cost of the viaduct replacement tunnel?,US$4.25 billion.,The correct answer to the question 'What was the original projected cost of the viaduct replacement tunnel?' is: $4.25 billion,0.8856381235031557,"The actual output correctly identifies the original projected cost of the viaduct replacement tunnel as US$4.25 billion, which aligns with the expected output. However, it lacks the introductory phrase that clearly states the question being answered, which slightly detracts from clarity. Overall, the core truth is accurately represented, and the additional context provided in the retrieval enhances understanding of the project."
"Along with Galicia's, which other two province's autonomy was annulled?",Catalonia and the Basque provinces.,"The correct answer to the question 'Along with Galicia's, which other two province's autonomy was annulled?' is: Catalonia and the Basque provinces",0.825114750343635,"The actual output correctly identifies the two provinces, Catalonia and the Basque provinces, which aligns with the core truth of the expected output. However, it lacks the explicit context of the question regarding the annulment of autonomy, which could enhance understanding. The response is concise but could benefit from a clearer connection to the question asked."
What electric instrument is often seen in adult contemporary?,Electric guitar.,The correct answer to the question 'What electric instrument is often seen in adult contemporary?' is: bass guitar,0.20344533747650906,"The actual output identifies an electric instrument, but it incorrectly states 'electric guitar' instead of the expected 'bass guitar'. This shows a lack of alignment with the core truth of the expected output. While the actual output is relevant to the topic of electric instruments, it does not answer the specific question posed, which diminishes its effectiveness."
When was the first Canadian Baptist church established?,"The first Canadian Baptist church was established on October 29, 1778.",The correct answer to the question 'When was the first Canadian Baptist church established?' is: 29 October 1778,0.7956259739142304,"The actual output correctly identifies the date of establishment for the first Canadian Baptist church, aligning with the core truth of the expected output. However, it lacks the explicit phrasing 'The correct answer to the question...' which is present in the expected output. While the core truth is conveyed, the absence of this framing slightly diminishes the overall clarity and completeness of the response."
What does ASEAN mean?,ASEAN stands for the Association of Southeast Asian Nations.,The correct answer to the question 'What does ASEAN mean?' is: Association of Southeast Asian Nations,0.8270565723898086,"The actual output correctly identifies ASEAN as the Association of Southeast Asian Nations, which aligns with the core truth of the expected output. However, it lacks the explicit phrasing of 'The correct answer to the question...' that is present in the expected output, which would enhance clarity. While the output is accurate, it could benefit from a more formal presentation to fully match the expected format."
What was lost in Prussia's history during the Plague?,"Approximately one-third of East Prussia's population died, including the last speakers of Old Prussian.",The correct answer to the question 'What was lost in Prussia's history during the Plague?' is: speakers of Old Prussian,0.6555533576286476,"The actual output identifies a significant aspect of the expected output by mentioning the last speakers of Old Prussian, which aligns with the core truth of what was lost in Prussia's history during the Plague. However, it lacks a direct reference to the specific question posed, which diminishes its clarity. While the retrieval context provides relevant historical details, the actual output could have been more focused on directly answering the question rather than providing a broader context."
Are communications services in Somalia mostly concentrated in the public or private sector?,Communications services in Somalia are mostly concentrated in the private sector.,The correct answer to the question 'Are communications services in Somalia mostly concentrated in the public or private sector?' is: private,0.7518779442593239,"The actual output correctly identifies that communications services in Somalia are mostly concentrated in the private sector, which aligns with the expected output's core truth. However, it lacks the explicit answer format requested in the expected output, which states 'private' directly. The retrieval context provides additional relevant details about the telecommunications landscape in Somalia, enhancing the understanding of the private sector's dominance, but the actual output could have been more concise and directly aligned with the expected format."
What public transportation is in the works to be completed by 2018?,No specific public transportation projects scheduled for completion by 2018 are mentioned in the provided information.,The correct answer to the question 'What public transportation is in the works to be completed by 2018?' is: A planned Mid-Coast extension of the Trolley,0.182470837070854,"The actual output fails to provide the specific planned project mentioned in the expected output, which is the Mid-Coast extension of the Trolley. While it correctly states that no projects are mentioned for completion by 2018, it does not address the core truth of the expected output, which is a specific planned project. The response lacks relevant details from the retrieval context that could have supported a more comprehensive answer."
In terms of scale how big is the harbor?,"New Haven Harbor, with the Port of New Haven, has approximately 400,000 sq ft (40,000 m²) of indoor storage and 50 acres (200,000 m²) outdoors.","The correct answer to the question 'In terms of scale how big is the harbor?' is: 400,000 square feet",0.7972016998111403,"The actual output correctly identifies the core truth regarding the size of New Haven Harbor by stating it has approximately 400,000 square feet of indoor storage, which aligns with the expected output. Additionally, it provides relevant details about outdoor storage and port facilities, enhancing understanding without deviating from the core question. However, it could have been more concise by directly stating the size without additional context, which slightly detracts from the clarity of the response."
What did the soldiers who emigrated form?,"The soldiers who emigrated formed paid troops and mercenary groups, contributing to the establishment of permanent armies in Europe.",The correct answer to the question 'What did the soldiers who emigrated form?' is: King's German Legion,0.2584527062193515,"The actual output mentions the formation of paid troops and mercenary groups, which is somewhat related to the expected output about the King's German Legion. However, it fails to directly answer the question posed in the expected output, which specifically identifies the King's German Legion as the formation in question. The additional details about the establishment of permanent armies do not enhance understanding of the core truth and instead detract from the clarity of the response."
What famous Greek author did Athanasius  quote?,"Athanasius frequently quoted from the Septuagint, a Greek translation of the Old Testament.",The correct answer to the question 'What famous Greek author did Athanasius  quote?' is: Homer,0.20083542968986046,"The actual output mentions Athanasius quoting from the Septuagint, which is relevant to his work, but it does not address the expected output regarding his quotation of Homer. The core truth of the expected output is not present, and while the actual output provides some context about Athanasius's knowledge of Greek, it fails to meet the accuracy and relevance required by the evaluation steps."
What stood out in Clark's response to Leibniz?,The provided information does not mention Wesley Clark's response to Leibniz.,The correct answer to the question 'What stood out in Clark's response to Leibniz?' is: the bucket argument,0.25946675568553534,"The actual output fails to address the core truth of the expected output, which specifically identifies 'the bucket argument' as a key aspect of Clark's response to Leibniz. While it correctly notes the absence of information regarding Clark's response, it does not provide any relevant details or context that could enhance understanding, nor does it attempt to summarize or infer the expected answer."
"Along with being carved, how were altarpieces often decorated in this period?","Altarpieces were often decorated with painted or carved wooden reliefs, and they frequently featured lavish carvings.","The correct answer to the question 'Along with being carved, how were altarpieces often decorated in this period?' is: Painted",0.4371257253863702,"The actual output mentions that altarpieces were decorated with painted or carved wooden reliefs, which partially addresses the expected output's focus on painted decoration. However, it fails to clearly articulate the core truth that the primary answer to the question is 'painted.' The additional details about lavish carvings, while relevant, do not enhance the understanding of the core question and may detract from the clarity of the response."
What band named after a floating vehicle influenced Queen?,"The band is ""Yes.""",The correct answer to the question 'What band named after a floating vehicle influenced Queen?' is: Led Zeppelin,0.03462303656686487,"The actual output incorrectly identifies the band as 'Yes,' while the expected output states that the correct answer is 'Led Zeppelin.' This shows a complete misunderstanding of the question, as the core truth regarding the influence on Queen is not present. Additionally, the actual output lacks any relevant details from the retrieval context that could support a correct answer."
What fraction of New Yorkers in the private sector are employed by foreign companies?,10% of private sector jobs in New York City are with foreign companies.,The correct answer to the question 'What fraction of New Yorkers in the private sector are employed by foreign companies?' is: One out of ten,0.8151876766383852,"The actual output correctly identifies that 10% of private sector jobs in New York City are with foreign companies, which aligns with the expected output's core truth of 'one out of ten.' However, while it conveys the essential information, it lacks the explicit phrasing of 'one out of ten' as stated in the expected output. The additional context about foreign companies in New York City enhances understanding without detracting from the core message."
What is the conviction that Jehovah's Witness leaders dispense absolute truth?,"Jehovah's Witness leaders assert they provide ""divine guidance"" based on scripture, claiming their teachings represent the sole interpretation of God's truth. Dissent is not tolerated, and questioning doctrines is discouraged.",The correct answer to the question 'What is the conviction that Jehovah's Witness leaders dispense absolute truth?' is: absolutism,0.4227082443748634,"The actual output discusses the concept of 'divine guidance' and the intolerance of dissent within Jehovah's Witnesses, which relates to the idea of absolutism. However, it fails to directly articulate the core truth of the expected output, which is the term 'absolutism'. While it provides relevant context about the organization's beliefs, it does not clearly answer the question posed, leading to a lack of alignment with the expected output."
What did they go to war against Bolshevick?,The text provided does not mention a war against the Bolsheviks. It primarily discusses the Crimean War and the Central African Republic Bush War.,The correct answer to the question 'What did they go to war against Bolshevick?' is: to maintain independence,0.20241276905954164,"The actual output fails to address the core truth of the expected output, which is about the war against the Bolsheviks and maintaining independence. While it correctly notes the absence of relevant information regarding the Bolsheviks, it does not provide any answer to the question posed. The additional details from the retrieval context, while informative, do not contribute to answering the core question, leading to a significant shortcoming in alignment with the evaluation steps."
What caused the resurface of the Grecian monotony in politics ?,"The resurface of Grecian monotony in politics was influenced by the focus on foreign and military policy during the Roman Republic, leading to a dominance of the senate and a lack of significant political changes or engagement from the plebeians.",The correct answer to the question 'What caused the resurface of the Grecian monotony in politics ?' is: the fall of Constantinople to the Crusaders of the Fourth Crusade in 1204,0.18053413997681253,"The actual output does not address the core truth of the expected output, which identifies the fall of Constantinople in 1204 as the cause of the Grecian monotony in politics. Instead, it discusses the influence of foreign and military policy during the Roman Republic, which is unrelated to the expected answer. While the actual output provides some historical context, it fails to connect to the specific event mentioned in the expected output, leading to a significant misalignment."
Serbo-Croatian is the only Slavic language to use what two scripts together?,Latin and Cyrillic.,The correct answer to the question 'Serbo-Croatian is the only Slavic language to use what two scripts together?' is: Latin and Cyrillic,0.67210608546958,"The actual output correctly identifies the two scripts used in Serbo-Croatian, aligning with the core truth of the expected output. However, it lacks the context and clarity provided in the expected output, which explicitly states the question and the answer format. While the retrieval context offers extensive background information that enhances understanding, the actual output does not utilize this context to provide a more comprehensive response."
How can obstruction be employed?,"Obstruction can be employed through dilatory motions, appeals of rulings, and numerous roll call vote requests to stall the majority party's agenda and attract public attention to its ineffectiveness.","The correct answer to the question 'How can obstruction be employed?' is: motions to adjourn, appeals of the presiding officer's ruling, or numerous requests for roll call votes",0.7724877837162754,"The actual output accurately identifies methods of obstruction, including dilatory motions and roll call votes, which align with the expected output. However, it lacks the specific mention of 'motions to adjourn' and does not present the answer in the same concise format as the expected output. Despite this, the additional context provided enhances understanding of the purpose behind obstruction, which is a relevant detail."
"In 2007, what kind of contest was Jennifer Strange participating in upon her death?",A water-drinking contest.,"The correct answer to the question 'In 2007, what kind of contest was Jennifer Strange participating in upon her death?' is: water-drinking",0.4334359165526599,"The actual output identifies the contest as a 'water-drinking contest,' which aligns with the expected output's core truth of Jennifer Strange's participation in such an event. However, it lacks the specificity of the expected output, which explicitly states the context of her death and the phrasing of the question. While the retrieval context provides relevant background information about the dangers of excessive water intake, it is not utilized in the actual output, limiting its depth and relevance."
What natural substance has been found to effectively increase crop yields,Composted yard waste has been found to effectively increase crop yields.,The correct answer to the question 'What natural substance has been found to effectively increase crop yields' is: carbon to nitrogen,0.28530009759449226,"The actual output mentions that composted yard waste increases crop yields, which aligns with the general theme of improving crop yields. However, it fails to address the specific expected output regarding the carbon to nitrogen ratio, which is the core truth of the expected answer. While the actual output provides some relevant information, it does not enhance understanding of the specific question asked."
For what type of goods are IP's ethical problems most pertinent?,"The ethical problems of IP rights are most pertinent for socially valuable goods, particularly life-saving medicines.",The correct answer to the question 'For what type of goods are IP's ethical problems most pertinent?' is: socially valuable,0.8066010411179725,"The actual output correctly identifies that the ethical problems of IP rights are most pertinent for socially valuable goods, specifically life-saving medicines, which aligns with the expected output's focus on 'socially valuable.' However, it provides additional context about the implications of IP rights on access to these goods, which, while relevant, slightly diverges from the simplicity of the expected answer. Overall, it effectively addresses the core truth while offering more detail."
Who was in charge of the American Idol band in season eleven?,Ray Chew.,The correct answer to the question 'Who was in charge of the American Idol band in season eleven?' is: Ray Chew,0.5845567197527364,"The actual output provides the correct name, Ray Chew, which aligns with the expected output's core truth. However, it lacks the context and clarity present in the expected output, which explicitly states the question and the answer format. While the answer is correct, the absence of additional context diminishes the overall effectiveness of the response."
In what direction out of Kathmandu does the Prithvi Highway travel?,The Prithvi Highway travels west out of Kathmandu.,The correct answer to the question 'In what direction out of Kathmandu does the Prithvi Highway travel?' is: west,0.7908652742774926,"The actual output correctly identifies the direction of the Prithvi Highway as west, which aligns with the core truth of the expected output. However, it lacks the explicit phrasing 'The correct answer to the question...' that would enhance clarity and formality. While the output is accurate, it could benefit from a more structured presentation to fully meet the expectations outlined in the evaluation steps."
Who is responsible for approving drugs in the United Kingdom?,The Medicines and Healthcare Products Regulatory Agency (MHRA) is responsible for approving drugs in the United Kingdom.,The correct answer to the question 'Who is responsible for approving drugs in the United Kingdom?' is: Medicines and Healthcare Products Regulatory Agency,0.784975361373096,"The actual output correctly identifies the Medicines and Healthcare Products Regulatory Agency (MHRA) as the body responsible for drug approval in the UK, aligning with the core truth of the expected output. However, it includes additional details about the evaluation process and related organizations, which, while informative, slightly detracts from the simplicity of the expected answer. Overall, it provides a comprehensive response that answers the core question effectively."
Whose winning design for public competition began the dominance of Greek style architecture?,"William Wilkins's winning design for Downing College, Cambridge.",The correct answer to the question 'Whose winning design for public competition began the dominance of Greek style architecture?' is: William Wilkins,0.8080545068129169,"The actual output correctly identifies William Wilkins as the designer, aligning with the core truth of the expected output. However, it lacks the explicit context of the public competition and the significance of the design in relation to Greek style architecture, which could enhance understanding. The response is accurate but could be more comprehensive by including these details."
What did encoders base the encoding rate for each frame on?,Encoders based the encoding rate for each frame on the complexity of the sound in that portion of the recording.,The correct answer to the question 'What did encoders base the encoding rate for each frame on?' is: the complexity of the sound,0.8540885705521253,"The actual output correctly identifies that encoders base the encoding rate on the complexity of the sound, which aligns with the expected output. However, while it provides additional context about how encoding rates are determined, it could be more concise to directly mirror the expected output's phrasing. The extra details enhance understanding but slightly detract from the clarity of the core answer."
"In through-hole construction, what are the leads on the front attached to on the back?","In through-hole construction, the leads on the front are attached to copper traces on the back.","The correct answer to the question 'In through-hole construction, what are the leads on the front attached to on the back?' is: copper traces",0.8098059451940554,"The actual output correctly identifies that the leads on the front are attached to copper traces on the back, which aligns with the core truth of the expected output. However, while it provides additional context about through-hole construction, it could be more concise to directly mirror the expected output's phrasing. The extra details enhance understanding but slightly detract from the straightforwardness of the answer."
Where is Tibet ranked among China's 31 provinces on the UN's Human Development Index?,Tibet is the lowest-ranked region among China's 31 provinces on the UN's Human Development Index.,The correct answer to the question 'Where is Tibet ranked among China's 31 provinces on the UN's Human Development Index?' is: lowest,0.7720879378242194,"The actual output correctly identifies Tibet as the lowest-ranked region among China's provinces on the UN's Human Development Index, which aligns with the core truth of the expected output. However, while it provides accurate information, it does not explicitly state the word 'lowest' as requested in the expected output, which slightly detracts from its alignment. The additional context about Tibet's ranking enhances understanding but could be seen as somewhat extraneous to the specific question asked."
Why didn't LaserDiscs become popular in North America?,"LaserDiscs didn't achieve popularity in North America due to high player and disc costs, inability to record TV, confusion with CED, and competition from VHS and Betamax.",The correct answer to the question 'Why didn't LaserDiscs become popular in North America?' is: high cost of the players and discs,0.6800279194357661,"The actual output identifies several reasons for the lack of popularity of LaserDiscs in North America, including high costs and competition, which aligns with the core truth of the expected output. However, it includes additional details that, while relevant, may detract from the simplicity of the expected answer. The expected output focuses solely on the high cost, which is a key point, but the actual output expands on this with multiple factors, making it less direct than the expected response."
What was Everton's nickname when they wore black before 1901?,The Black Watch.,The correct answer to the question 'What was Everton's nickname when they wore black before 1901?' is: The Black Watch,0.8233684416644051,"The actual output correctly identifies 'The Black Watch' as Everton's nickname when they wore black before 1901, aligning well with the expected output. However, it lacks the introductory phrase present in the expected output, which could enhance clarity. The retrieval context provides relevant historical details about Everton's nicknames, but the actual output could have benefited from a brief mention of the context to strengthen its relevance."
"Rousseau argued for a society based on what, rather than faith?",Reason.,"The correct answer to the question 'Rousseau argued for a society based on what, rather than faith?' is: reason",0.7661035661047434,"The actual output correctly identifies the core truth of the expected output by stating 'reason' as the answer to the question about Rousseau's argument for a society based on reason rather than faith. However, it lacks elaboration or context that could enhance understanding, such as mentioning Rousseau's views on natural law or the social contract, which are relevant details from the retrieval context that could provide a deeper insight into his philosophy."
What revoked Strasbourg's status as a free city? ,Strasbourg's status as a free city was revoked by the French Revolution.,The correct answer to the question 'What revoked Strasbourg's status as a free city? ' is: French Revolution,0.7942312075573524,"The actual output correctly identifies that Strasbourg's status as a free city was revoked by the French Revolution, which aligns with the expected output. However, while the core truth is present, the response could be improved by explicitly stating that the French Revolution is the answer to the question posed, as indicated in the expected output. The retrieval context provides relevant historical details that enhance understanding but are not directly referenced in the actual output."
Name the accent spoken in the area?,"London accents include Cockney, Multicultural London English (MLE), and Received Pronunciation (RP). Miami has the ""Miami accent,"" Philadelphia features the Philadelphia dialect, and New York has the New York dialect.",The correct answer to the question 'Name the accent spoken in the area?' is: The Philadelphia dialect,0.38500559158726955,"The actual output provides a list of various accents, including the Philadelphia dialect, but fails to directly answer the question regarding the accent spoken in the area, which is specifically requested in the expected output. While it includes relevant information about accents in London and other cities, it does not clearly articulate the core truth that the Philadelphia dialect is the answer to the question posed."
Do listing notices cross international soil?,"Yes, foreign nations may receive notice of a listing.",The correct answer to the question 'Do listing notices cross international soil?' is: Foreign nations may also receive notice of a listing,0.7667743767336956,"The actual output correctly identifies that foreign nations may receive notice of a listing, which aligns with the core truth of the expected output. However, it lacks the explicit framing of the question and the phrase 'The correct answer to the question...' that is present in the expected output, which would enhance clarity and context. The retrieval context supports the actual output by providing relevant information about public notice procedures, but the response could have been more comprehensive by integrating this context more effectively."
Strasbourg has an official seat in what parliament?,Strasbourg is the official seat of the European Parliament.,The correct answer to the question 'Strasbourg has an official seat in what parliament?' is: European,0.8034453371839403,"The actual output correctly identifies Strasbourg as the official seat of the European Parliament, which aligns with the core truth of the expected output. However, while it provides additional context about Strasbourg's significance, it does not explicitly answer the question posed in the expected output, which is more concise. The response could be improved by directly stating 'European Parliament' in a similar format to the expected output."
"What falls within the term ""cultural anthropology""?","Cultural anthropology encompasses the comparative study of how people make sense of their world, including knowledge, customs, and institutions, as well as overlaps with philosophy, literature, the arts, and social structures.","The correct answer to the question 'What falls within the term ""cultural anthropology""?' is: the ideology and analytical stance of cultural relativism",0.34203254058109284,"The actual output provides a broad overview of cultural anthropology but fails to address the specific core truth of the expected output, which is the ideology of cultural relativism. While it includes relevant details about the comparative study of cultures, it does not directly answer the question posed in the expected output, leading to a lack of alignment with the evaluation steps."
Which game publication does Jeff Gerstmann work for?,Jeff Gerstmann works for Giant Bomb.,The correct answer to the question 'Which game publication does Jeff Gerstmann work for?' is: GameSpot,0.1546682644976547,"The actual output states that Jeff Gerstmann works for Giant Bomb, which is incorrect as the expected output specifies he works for GameSpot. While the actual output provides a clear statement, it fails to align with the core truth of the expected output. There are no additional relevant details that enhance understanding, and the retrieval context is unrelated to the question about Gerstmann's employment."
Which site removed the option of downloading youtube videos after 2012?,Zamzar removed the ability to download YouTube videos after 2012.,The correct answer to the question 'Which site removed the option of downloading youtube videos after 2012?' is: Zamzar,0.794045725815058,"The actual output correctly identifies Zamzar as the site that removed the ability to download YouTube videos after 2012, aligning well with the expected output. However, it lacks the explicit phrasing of the question and the format of the expected answer, which diminishes its clarity slightly. The retrieval context provides relevant background information that supports the core truth but is not utilized in the actual output, which could enhance understanding."
Is there a larger or smaller number of Jews that speak Yiddish today than in the past?,Smaller number of Jews speak Yiddish today than in the past.,The correct answer to the question 'Is there a larger or smaller number of Jews that speak Yiddish today than in the past?' is: a far smaller number of Jews still speak Yiddish,0.6471512016729218,"The actual output correctly identifies that the number of Jews speaking Yiddish today is smaller than in the past, aligning with the core truth of the expected output. However, it lacks the explicit phrasing and context provided in the expected output, which emphasizes the significant reduction ('a far smaller number') and directly answers the posed question. While the actual output is accurate, it does not fully capture the depth of the expected response or include additional relevant details from the retrieval context that could enhance understanding."
What suburb is located on the north and west?,North Raleigh.,The correct answer to the question 'What suburb is located on the north and west?' is: Glen Allen,0.14930565391023345,"The actual output 'North Raleigh' does not match the expected output 'Glen Allen', which is the correct answer to the question. While the retrieval context provides detailed information about North Raleigh, it does not address the specific question asked, leading to a significant misalignment with the expected output."
Where did the Armenian Genocide death marches push the deportees to?,The Syrian desert.,The correct answer to the question 'Where did the Armenian Genocide death marches push the deportees to?' is: Syrian desert,0.8301683828274582,"The actual output correctly identifies the core truth of the expected output by stating 'The Syrian desert,' which directly answers the question about the destination of the deportees during the Armenian Genocide. However, it lacks the introductory context that the expected output provides, which explicitly states that this is the answer to the question posed. While the core truth is present, the absence of this framing slightly detracts from the clarity and completeness of the response."
Who reads the formal statement after the list of bills has been finished?,The Clerk of the Crown reads the formal statement.,The correct answer to the question 'Who reads the formal statement after the list of bills has been finished?' is: Clerk of the Senate,0.20446715562093304,"The actual output mentions the 'Clerk of the Crown' reading a formal statement, which is related but incorrect as the expected output specifies the 'Clerk of the Senate' as the one who reads the statement. The core truth is not present, and while the actual output is somewhat relevant, it does not align with the expected answer, leading to confusion."
Ibrahim Pasha landed with his army when?,Ibrahim Pasha landed in February 1825.,The correct answer to the question 'Ibrahim Pasha landed with his army when?' is: February 1825,0.7544979708419174,"The actual output correctly identifies the landing date of Ibrahim Pasha as February 1825, which aligns with the core truth of the expected output. However, it lacks the explicit framing of the answer as a response to the question posed, which is present in the expected output. While the core truth is present, the absence of context that directly ties the answer to the question slightly detracts from its clarity."
What report discussed the United States's goals for containing communism?,The National Security Council Report 68 (NSC-68).,The correct answer to the question 'What report discussed the United States's goals for containing communism?' is: National Security Council Report 68,0.9238364719969198,"The actual output correctly identifies the National Security Council Report 68 (NSC-68) as the report discussing the United States's goals for containing communism, which aligns with the core truth of the expected output. It succinctly provides the title of the report, addressing the question directly. While the output could have included the phrase 'The correct answer to the question...' for full alignment with the expected format, it does not detract significantly from the clarity of the response."
In which city was Karl Popper born?,Vienna.,The correct answer to the question 'In which city was Karl Popper born?' is: Vienna,0.7518176261528124,"The actual output correctly identifies Vienna as the city where Karl Popper was born, aligning with the expected output. However, it lacks the additional context provided in the retrieval context that could enhance understanding, such as details about Popper's background and significance. While the core truth is present, the response could be improved by incorporating relevant details from the retrieval context to provide a richer answer."
Who was previously Starr's public relations agent?,Max Clifford.,The correct answer to the question 'Who was previously Starr's public relations agent?' is: Max Clifford,0.7569963926268405,"The actual output correctly identifies Max Clifford as Starr's public relations agent, which aligns with the core truth of the expected output. However, it lacks the additional context provided in the expected output, such as the phrasing of the question and the explicit statement that this is the correct answer. While the core truth is present, the response could be improved by including more context to enhance understanding."
The Autopista AP-53 was originally built by whom?,The Xunta de Galicia.,The correct answer to the question 'The Autopista AP-53 was originally built by whom?' is: Xunta de Galicia,0.8183035335242821,"The actual output correctly identifies the Xunta de Galicia as the entity that built the Autopista AP-53, aligning well with the expected output. However, it lacks the context of the question and the phrase 'The correct answer to the question...' which would enhance clarity and understanding. The retrieval context provides relevant background information about the Xunta de Galicia's role in road construction, but this context is not utilized in the actual output, which could have further strengthened the response."
What Samanid dynasty capital was Avicenna born near?,Bukhara.,The correct answer to the question 'What Samanid dynasty capital was Avicenna born near?' is: Bukhara,0.6350985664683703,"The actual output correctly identifies 'Bukhara' as the answer to the question about the Samanid dynasty capital, aligning with the core truth of the expected output. However, it lacks the additional context provided in the expected output, such as the phrasing 'The correct answer to the question...' which adds clarity and completeness. While the actual output is accurate, it could benefit from a more comprehensive presentation that includes the context of the question."
Glaciars from what period depressed the height of northern lands by 591 feet?,The glaciers from the Quaternary period depressed the height of northern lands by 591 feet.,The correct answer to the question 'Glaciars from what period depressed the height of northern lands by 591 feet?' is: Pleistocene,0.4758775928528832,"The actual output identifies the Quaternary period as the time when northern lands were depressed by 591 feet, which is relevant but does not directly answer the expected question about the Pleistocene. While it provides a factual statement, it lacks the specific identification of the Pleistocene as required by the expected output. The output does not detract from the core truth but fails to align fully with the expected answer."
What year did Harper Lee pack up to go live in New York City?,1950,The correct answer to the question 'What year did Harper Lee pack up to go live in New York City?' is: 1950,0.8364263423565491,"The actual output correctly identifies the year 1950, which aligns with the expected output's core truth regarding when Harper Lee moved to New York City. However, it lacks the additional context provided in the expected output that clarifies the answer as a response to a specific question, which could enhance understanding. While the core truth is present, the absence of the full context slightly detracts from the completeness of the response."
The Jornado painted onto what surface?,"The information provided does not mention the ""Jornado"" or the surface it was painted on. Therefore, I cannot answer that question based on the given text.",The correct answer to the question 'The Jornado painted onto what surface?' is: rock,0.14360805491057277,"The actual output fails to provide the correct answer regarding the surface the Jornado was painted on, which is explicitly stated in the expected output. While it correctly identifies the absence of information about the 'Jornado' in the retrieval context, it does not acknowledge that the expected answer is 'rock', thus missing the core truth. The response does not enhance understanding or provide relevant details that could lead to the correct answer."
What song did Caleb Johnson first release after winning American Idol? ,"""As Long as You Love Me""",The correct answer to the question 'What song did Caleb Johnson first release after winning American Idol? ' is: As Long as You Love Me,0.8273194062764245,"The actual output correctly identifies 'As Long as You Love Me' as the song released by Caleb Johnson after winning American Idol, aligning well with the expected output. However, it lacks the explicit context that this song is his coronation single, which would enhance the understanding of its significance. The retrieval context provides relevant details about Johnson's win and his song, but the actual output does not incorporate this additional information, which could have strengthened the response."
What is the Red Hat Amphitheater also called?,The Downtown Raleigh Amphitheater.,The correct answer to the question 'What is the Red Hat Amphitheater also called?' is: Downtown Raleigh Amphitheater,0.8232862609233059,"The actual output correctly identifies the Downtown Raleigh Amphitheater as the answer to the question about the Red Hat Amphitheater, aligning well with the expected output. However, it lacks the introductory phrase present in the expected output, which diminishes clarity. The retrieval context provides relevant background information about the amphitheater, enhancing understanding, but the actual output could have been more comprehensive by including this context."
What work did the Bishop suggest for Athanasius?,Bishop Alexander suggested that Athanasius be his commensal and secretary.,The correct answer to the question 'What work did the Bishop suggest for Athanasius?' is: clerical careers,0.35000000000000003,"The actual output mentions Bishop Alexander suggesting Athanasius be his commensal and secretary, which is relevant but does not directly answer the expected output regarding the clerical careers. While it provides some context about Athanasius's role, it lacks the core truth of the expected output and does not include additional relevant details that would enhance understanding of the clerical careers mentioned."
Dogs were depicted as art on the walls of what?,Caves.,The correct answer to the question 'Dogs were depicted as art on the walls of what?' is: caves,0.6718551089428613,"The actual output 'Caves' correctly identifies the core truth of the expected output, which is that dogs were depicted in caves. However, it lacks the clarity and completeness of the expected output, which explicitly states the question and provides context. While the core truth is present, the response could be improved by including additional relevant details from the retrieval context to enhance understanding."
What put English Freemasonry at risk?,"English Freemasonry faced risks from political opposition due to its perceived threat to state authority, particularly from the Roman Catholic Church, and growing reservations within the Anglican Church regarding its compatibility with Christianity.",The correct answer to the question 'What put English Freemasonry at risk?' is: Parliamentary proclamation,0.38163498930004425,"The actual output identifies some risks faced by English Freemasonry, particularly from political opposition and the Roman Catholic Church, which is relevant to the question. However, it fails to mention the core truth of the expected output, which is the 'Parliamentary proclamation.' While the actual output provides additional context about the opposition Freemasonry faced, it does not directly answer the question posed, leading to a lower score."
What could a criminal in this era expect not to happen if he was convicted of a crime?,"If convicted of a crime, a criminal could expect not to receive mere lawsuits, as criminal law involves state prosecution and potential incarceration. Additionally, they would not receive a sentence of jail time for infractions, nor would they face the death penalty for non-death capital offenses, as no one has been sentenced to death for those.",The correct answer to the question 'What could a criminal in this era expect not to happen if he was convicted of a crime?' is: criminals were never imprisoned,0.3106158220679102,"The actual output partially addresses the expected output by discussing what a criminal could expect not to receive if convicted, but it fails to clearly articulate the core truth that 'criminals were never imprisoned.' Instead, it mentions potential incarceration, which contradicts the expected output. While it provides some relevant context about criminal law and sentencing, it does not enhance understanding of the core message and introduces confusion regarding imprisonment."
What is one way that the ancestry of Bermudian black population differs from that of British West Indian black population?,"Bermudian black ancestry includes a higher degree of European and Native American admixture compared to British West Indian black ancestry, which predominantly comes from West Africa.",The correct answer to the question 'What is one way that the ancestry of Bermudian black population differs from that of British West Indian black population?' is: the source of the African ancestry,0.783426516715066,"The actual output accurately identifies a key difference in ancestry between Bermudian blacks and British West Indian blacks, specifically highlighting the higher degree of European and Native American admixture in Bermudian ancestry. This aligns with the expected output's focus on the source of African ancestry. However, while the actual output provides additional relevant details, it could have more directly addressed the expected output's phrasing regarding the 'source of the African ancestry' for a perfect match."
When did more people begin to keep dogs as pets?,"Pet dog populations grew significantly after World War II, particularly in the 1950s and 1960s.",The correct answer to the question 'When did more people begin to keep dogs as pets?' is: after World War II,0.7404931603115205,"The actual output correctly identifies the significant growth of pet dog populations after World War II, aligning with the expected output's core truth. However, while it provides additional context about the trends in dog ownership during the 1950s and 1960s, this extra detail, although relevant, somewhat detracts from the simplicity of the expected answer. The response could be more focused on directly answering the question without the additional historical context."
When was Westminster Diocese dissolved?,The Westminster diocese was dissolved in 1550.,The correct answer to the question 'When was Westminster Diocese dissolved?' is: 1550,0.7918686348595927,"The actual output correctly identifies the dissolution of the Westminster diocese in 1550, which aligns with the core truth of the expected output. However, it lacks the explicit framing of the answer as a response to the question posed, which is a minor shortcoming. The additional context provided in the retrieval context is relevant and enhances understanding, but the actual output could have been more comprehensive by explicitly stating it as the answer to the question."
"By tradition, when a Sephardic or Mizrahi woman marries into an Orthodox or Haredi Ashkenazi Jewish family she raises her children to be which type of Jew?",Ashkenazi Jews.,"The correct answer to the question 'By tradition, when a Sephardic or Mizrahi woman marries into an Orthodox or Haredi Ashkenazi Jewish family she raises her children to be which type of Jew?' is: Ashkenazi Jews",0.8439521058709696,"The actual output correctly identifies 'Ashkenazi Jews' as the answer to the question posed, aligning with the core truth of the expected output. However, it lacks the additional context provided in the retrieval context that could enhance understanding, such as the cultural implications of the marriage customs mentioned. While the core answer is accurate, the absence of these details slightly detracts from the overall completeness of the response."
What did Bell call the best thing he ever made?,"Bell considered the telephone an intrusion on his real work, indicating he didn't view it as the best thing he ever made.",The correct answer to the question 'What did Bell call the best thing he ever made?' is: The photophone,0.233807216911547,"The actual output mentions Bell's view of the telephone as an intrusion, which is relevant but does not address the core truth of the expected output, which is that Bell referred to the photophone as the best thing he ever made. The actual output fails to provide the correct answer and lacks clarity on the specific question asked."
What was the main benefit of the creation of new forms of partnerships during the commercial revolution?,"The main benefit was the reduction of risk in commercial ventures, enhancing financial security and encouraging trade.",The correct answer to the question 'What was the main benefit of the creation of new forms of partnerships during the commercial revolution?' is: reducing the risk of commercial ventures,0.767917870566917,"The actual output captures the core truth of the expected output by stating that the main benefit was the reduction of risk in commercial ventures. It also adds context by mentioning enhanced financial security and encouragement of trade, which are relevant details that support the core message. However, the phrasing is slightly more verbose than necessary, which could detract from the clarity of the core truth."
What was Spielberg's mother's career?,Spielberg's mother was a restaurateur and concert pianist.,The correct answer to the question 'What was Spielberg's mother's career?' is: restaurateur and concert pianist,0.7851913744003706,"The actual output correctly identifies Spielberg's mother's careers as a restaurateur and concert pianist, which aligns with the expected output. However, it lacks the explicit framing of the answer as a response to the question posed, which would enhance clarity. While the core truth is present, the absence of context that directly ties the answer to the question slightly detracts from its effectiveness."
What does the MP3 compression take advantage of?,"MP3 compression takes advantage of psychoacoustics to eliminate less audible sounds, reducing storage and transmission requirements.",The correct answer to the question 'What does the MP3 compression take advantage of?' is: perceptual limitation,0.5391741326825708,"The actual output correctly identifies that MP3 compression utilizes psychoacoustics, which aligns with the core truth of the expected output regarding perceptual limitations. However, it does not explicitly mention 'perceptual limitation' as the answer, which is the key detail in the expected output. While the additional context about storage and transmission benefits enhances understanding, it somewhat detracts from the direct answer to the question posed."
Who was the Holy Roman Church leader that authorized the change ?,Pope Paul VI.,"The correct answer to the question 'Who was the Holy Roman Church leader that authorized the change ?' is: Pope Sixtus IV, authorized those dioceses",0.08107317004754801,"The actual output identifies Pope Paul VI, while the expected output correctly states Pope Sixtus IV as the leader who authorized the change. This indicates a complete misalignment with the core truth of the expected output. Additionally, the actual output does not provide any relevant details from the retrieval context that would enhance understanding of the question asked."
When was Adolf Hitlers first visit to the Alps?,1923,The correct answer to the question 'When was Adolf Hitlers first visit to the Alps?' is: 1923,0.8671049034529364,"The actual output correctly identifies the year 1923 as Adolf Hitler's first visit to the Alps, aligning with the expected output. However, it lacks the explicit phrasing found in the expected output that contextualizes the answer as a response to the specific question. While the core truth is present, the absence of a complete sentence diminishes clarity slightly."
How many buses does the region have for public transit?,"London: 8,500 buses; Metrobus: 53 buses; New York City: not specified in numbers.",The correct answer to the question 'How many buses does the region have for public transit?' is: 53,0.3989202365666261,"The actual output mentions the number of buses for London and Metrobus, but it fails to clearly articulate the core truth of the expected output, which specifically states that the answer to the question is 53. While it provides relevant details about the bus systems, it does not directly answer the question posed in the expected output, leading to a lack of clarity and focus."
How long did it take Columbia to produce a consumer friendly long play record?,About eight years.,The correct answer to the question 'How long did it take Columbia to produce a consumer friendly long play record?' is: about eight years,0.9,"The actual output correctly identifies the duration it took Columbia to produce a consumer-friendly long play record, aligning well with the expected output. While the expected output includes a more formal structure, the core truth is present in the actual output. The response could be slightly improved by explicitly stating the context of the question, but it does not detract significantly from the accuracy of the answer."
Why does race undermine social cohesion in America?,"Race undermines social cohesion in America due to historical racism, segregation, and discrimination, leading to moral and social divisions among ethnic groups.",The correct answer to the question 'Why does race undermine social cohesion in America?' is: sensitive issue,0.27728682661054804,"The actual output addresses the issue of race undermining social cohesion in America, which aligns with the expected output's core truth of it being a sensitive issue. However, it lacks the specific phrasing of 'sensitive issue' and does not directly answer the question posed. While it provides relevant context about historical racism and its effects, it does not fully capture the essence of the expected output, leading to a lower score."
"Is ""low"" voltage used by trains safe for people?","""Low"" voltage used by trains (e.g., 600 V) can be lethal upon contact, posing safety hazards to individuals.","The correct answer to the question 'Is ""low"" voltage used by trains safe for people?' is: lethal",0.7218856751238796,"The actual output correctly identifies that 'low' voltage can be lethal, which aligns with the core truth of the expected output. However, it does not explicitly answer the question posed in the expected output, which is a direct 'lethal' response. While the additional context about safety hazards enhances understanding, it slightly deviates from the succinctness of the expected answer."
In what year did Novgorod aquire its own archbishop?,Novgorod acquired its own archbishop in 1169.,The correct answer to the question 'In what year did Novgorod aquire its own archbishop?' is: 1169,0.7715380091130905,"The actual output correctly identifies the year Novgorod acquired its own archbishop as 1169, which aligns with the expected output. However, it lacks the explicit framing of the answer as a response to the question posed, which would enhance clarity. The retrieval context provides relevant historical background that supports the significance of this event, but the actual output could have integrated this context more effectively to enrich the understanding of the answer."
Which theorist argued that not everyone fully achieves identity?,"Erik Erikson argued that not everyone fully achieves identity, as some may experience 'identity diffusion' or have 'foreclosed' identities.",The correct answer to the question 'Which theorist argued that not everyone fully achieves identity?' is: Erik Erikson,0.6184959696991118,"The actual output correctly identifies Erik Erikson as the theorist who argued that not everyone fully achieves identity, which aligns with the core truth of the expected output. However, it lacks the directness of the expected output, which simply states Erik Erikson's name in response to the question. While the additional context about identity diffusion and foreclosed identities provides valuable information, it detracts from the clarity and conciseness expected in the answer."
What world leader visited Gaddafi in 2004?,UK Prime Minister Tony Blair.,The correct answer to the question 'What world leader visited Gaddafi in 2004?' is: Tony Blair,0.8822406609836708,"The actual output correctly identifies Tony Blair as the UK Prime Minister who visited Gaddafi in 2004, aligning well with the expected output. However, it lacks the explicit phrasing of the question and the context provided in the expected output, which could enhance clarity. The retrieval context supports the answer by providing relevant historical background, but the actual output could have included a brief mention of the visit to strengthen its relevance."
Which mosque is believed to be the first with a dome?,The Dome of the Rock mosque is believed to be the first with a dome.,The correct answer to the question 'Which mosque is believed to be the first with a dome?' is: Dome of the Rock mosque,0.7277567311111641,"The actual output correctly identifies the Dome of the Rock mosque as the first mosque with a dome, which aligns with the core truth of the expected output. However, it lacks the explicit phrasing of the expected output that clearly states it as the answer to the question. While it provides relevant information about the mosque, it could be more direct in addressing the question format presented in the expected output."
With whom was he said to have conspired?,Nasser was suspected of conspiring with a secret group of dissenting officers.,The correct answer to the question 'With whom was he said to have conspired?' is: Ángel Trías,0.1850104045924284,"The actual output mentions Nasser's suspicion of conspiring with a secret group of dissenting officers, but it fails to address the specific question about with whom he was said to have conspired, which is Ángel Trías. The core truth of the expected output is not present, and while the context provides some relevant background on Nasser, it does not enhance the understanding of the expected answer."
Where was pop star Frankie Vaughan from?,Liverpool.,The correct answer to the question 'Where was pop star Frankie Vaughan from?' is: Liverpool,0.8606948183922336,"The actual output correctly identifies Liverpool as the answer to the question about Frankie Vaughan's origin, aligning with the core truth of the expected output. However, it lacks the additional context provided in the expected output, which explicitly states the question and the phrase 'The correct answer to the question...'. While the actual output is concise, it could benefit from a more comprehensive presentation that includes the question for clarity."
How have the enlisted forces of the US Air Force been seen?,"Enlisted forces in the US Air Force are perceived as vital support, often working closely with officers in combat roles, fostering a unique camaraderie unlike in other branches.",The correct answer to the question 'How have the enlisted forces of the US Air Force been seen?' is: primarily a rear echelon support force,0.4192520667269716,"The actual output acknowledges the role of enlisted forces in the US Air Force and their camaraderie with officers, which somewhat aligns with the expected output's characterization of them as a support force. However, it fails to clearly articulate the core truth of the expected output, which is that they are primarily seen as a rear echelon support force. The additional details about camaraderie, while relevant, do not enhance the understanding of the core truth and instead distract from it."
What is formed by Chinese principles? ,"Chinese principles form a diverse political philosophy that includes Confucianism, Legalism, Mohism, Agrarianism, and Taoism, focusing on political unity, stability, governance structures, and ethical human values.",The correct answer to the question 'What is formed by Chinese principles? ' is: Characters,0.1642761348718157,"The actual output discusses Chinese political philosophy and its components, which diverges significantly from the expected output that simply states 'Characters' as the answer to the question. While the actual output provides relevant context about Chinese principles, it fails to address the core truth of the expected output, leading to a lack of alignment with the evaluation steps."
Which programfacilitates the exchange students across Europe?,The European Socrates-Erasmus Program.,The correct answer to the question 'Which programfacilitates the exchange students across Europe?' is: The European Socrates-Erasmus Program,0.8017839032426742,"The actual output correctly identifies the European Socrates-Erasmus Program as the program facilitating student exchanges across Europe, aligning well with the expected output. However, it lacks the explicit phrasing of the expected output, which includes the question and a complete sentence structure. While the core truth is present, the response could be improved by incorporating the full context of the question for clarity."
What should Whitehead's students organically link due to his teaching methods?,Students should organically link a few important concepts to many different areas of knowledge and their applications in real life.,"The correct answer to the question 'What should Whitehead's students organically link due to his teaching methods?' is: different areas of knowledge, discovering their application in actual life.",0.7218856757993692,"The actual output captures the essence of the expected output by stating that students should link important concepts to different areas of knowledge and their real-life applications. However, it lacks the explicit mention of 'discovering their application in actual life,' which is a key part of the expected output. While the additional detail about linking concepts is beneficial, it does not fully align with the core truth as articulated in the expected output."
How did the French defend the Fortress of Louisbourg?,The French defended the Fortress of Louisbourg in 1757 through naval deployments that secured the seaward approaches to Quebec.,The correct answer to the question 'How did the French defend the Fortress of Louisbourg?' is: French naval deployments,0.7605844185437725,"The actual output correctly identifies the core truth of the expected output by stating that the French defended the Fortress of Louisbourg through naval deployments. It provides additional context about securing the seaward approaches to Quebec, which enhances the answer without detracting from the core truth. However, it could be more concise, as the expected output is more direct and succinct."
What was the name of the first sulfonamine antibiotic?,Prontosil.,The correct answer to the question 'What was the name of the first sulfonamine antibiotic?' is: Prontosil,0.7559614440066029,"The actual output correctly identifies 'Prontosil' as the first sulfonamine antibiotic, aligning with the core truth of the expected output. However, it lacks the additional context provided in the expected output, which explicitly states the question and the phrase 'The correct answer to the question...'. While the core truth is present, the absence of this framing reduces clarity and completeness."
"According to family economic and financial education specialists, how do adolescents develop sound money management skills?","Adolescents develop sound money management skills through practices of saving, spending, and planning for future economic goals.","The correct answer to the question 'According to family economic and financial education specialists, how do adolescents develop sound money management skills?' is: saving and spending money",0.7042627066511605,"The actual output captures the essence of the expected output by mentioning that adolescents develop sound money management skills through saving and spending, which aligns with the core truth. However, it includes additional details about planning for future economic goals and the influence of family dynamics, which, while relevant, slightly detracts from the simplicity of the expected answer. Overall, it enhances understanding but could be more concise."
What is another name for Universal Studios Inc.?,Universal Pictures.,The correct answer to the question 'What is another name for Universal Studios Inc.?' is: Universal Pictures,0.8652058855966004,"The actual output correctly identifies Universal Pictures as another name for Universal Studios Inc., aligning well with the expected output. However, it lacks the introductory phrase present in the expected output, which explicitly states that it is the answer to the question. While the core truth is present, the absence of this context slightly diminishes clarity. The retrieval context provides additional relevant information about Universal Pictures, enhancing understanding without detracting from the core message."
When was the last time the Chicago Cubs appeared in the Fall Classic?,1945,The correct answer to the question 'When was the last time the Chicago Cubs appeared in the Fall Classic?' is: 1945,0.8709484528482407,"The actual output correctly identifies the year 1945 as the last time the Chicago Cubs appeared in the Fall Classic, which aligns with the expected output. However, it lacks the explicit phrasing found in the expected output that clearly states the answer in the context of the question. While the core truth is present, the response could be improved by including a more complete sentence structure to enhance clarity."
Which Apple engineer led original iPod design group?,Jon Rubinstein led the original iPod design group.,The correct answer to the question 'Which Apple engineer led original iPod design group?' is: Jon Rubinstein,0.751420758129858,"The actual output correctly identifies Jon Rubinstein as the leader of the original iPod design group, aligning with the core truth of the expected output. However, it lacks the explicit phrasing of the expected output, which states the answer in the context of the question. While the retrieval context provides relevant background information about the iPod's development, it does not enhance the core truth presented in the actual output, which could have been more directly linked to the question asked."
What is the plot from which film speed is derived called?,The plot is called the D–log H curve or Hurter–Driffield curve.,The correct answer to the question 'What is the plot from which film speed is derived called?' is: the D–log H curve or Hurter–Driffield curve,0.8451822156210191,"The actual output correctly identifies the plot as the D–log H curve or Hurter–Driffield curve, which aligns with the expected output. However, it lacks the explicit framing of the answer as a response to the question posed, which diminishes its clarity. The retrieval context provides additional relevant details about film speed and the curve, enhancing understanding, but the core truth could have been more directly articulated."
How much difficulty do contemporary Czechs have in understanding material from the 18th century?,Contemporary Czechs have little difficulty understanding 18th-century material.,The correct answer to the question 'How much difficulty do contemporary Czechs have in understanding material from the 18th century?' is: little,0.8310374287793081,"The actual output accurately conveys the core truth of the expected output by stating that contemporary Czechs have little difficulty understanding 18th-century material. However, it lacks the explicit phrasing of the expected output, which directly answers the question posed. While the additional context provided in the retrieval context supports the understanding of the Czech language's evolution, it does not detract from the core truth, thus enhancing the overall response."
