Pregunta,Respuesta_Generada,Respuesta_Esperada,Nota_Correctness,Justificacion
﻿What was the primary use of Japanese submarines?,"Japanese submarines were primarily used for long-range reconnaissance and occasionally for attacking U.S. supply lines, rather than for commerce raiding.",The correct answer to the question 'What was the primary use of Japanese submarines?' is: long-range reconnaissance,0.6921032456458851,"The actual output correctly identifies the primary use of Japanese submarines as long-range reconnaissance, which aligns with the expected output. However, it includes additional details about their occasional attacks on U.S. supply lines and the context of their limited impact during the war. While this context is relevant, it somewhat detracts from the core truth by introducing complexity that may confuse the main point."
Rhythmic gymnastics places greater emphaises on aesthetics rather than what?,Rhythmic gymnastics places greater emphasis on aesthetics rather than acrobatics.,The correct answer to the question 'Rhythmic gymnastics places greater emphaises on aesthetics rather than what?' is: the acrobatic,0.5456639382190377,"The actual output correctly identifies that rhythmic gymnastics emphasizes aesthetics over acrobatics, which aligns with the core truth of the expected output. However, it fails to explicitly answer the question posed in the expected output by not including the phrase 'the acrobatic,' which is crucial for full alignment. While the response is relevant and informative, it lacks the completeness required to fully satisfy the evaluation criteria."
In which year did Popper give a secret interview concerning his views about God?,1969,The correct answer to the question 'In which year did Popper give a secret interview concerning his views about God?' is: 1969,0.8128210151299203,"The actual output provides the correct year, 1969, which aligns with the expected output's core truth. However, it lacks the additional context and phrasing present in the expected output that articulates the answer as a complete sentence. While the core truth is present, the response could be improved by including a more comprehensive explanation that enhances understanding."
Which Iranian scientist co-invented the first gas laser?,Ali Javan.,The correct answer to the question 'Which Iranian scientist co-invented the first gas laser?' is: Ali Javan,0.8088145507456744,"The actual output correctly identifies Ali Javan as the co-inventor of the first gas laser, aligning with the core truth of the expected output. However, it lacks the additional context provided in the expected output, which explicitly states the question and the phrase 'The correct answer to the question...'. While the core truth is present, the response could be improved by including this framing to enhance clarity and completeness."
In what year did Southampton's fourth cruise terminal open in the western docklands?,2009,The correct answer to the question 'In what year did Southampton's fourth cruise terminal open in the western docklands?' is: 2009,0.8453118545114803,"The actual output provides the correct year, 2009, which aligns with the core truth of the expected output. However, it lacks the additional context and clarity present in the expected output, which explicitly states the question and provides a complete sentence. While the core answer is correct, the absence of a more comprehensive presentation slightly detracts from its effectiveness."
Miami is located in which Florida county?,Miami is located in Miami-Dade County.,The correct answer to the question 'Miami is located in which Florida county?' is: Miami-Dade County,0.7649013802807172,"The actual output correctly identifies that Miami is located in Miami-Dade County, which aligns with the core truth of the expected output. However, it lacks the explicit phrasing of the expected output, which includes the question and the phrase 'The correct answer to the question...'. While the retrieval context provides relevant information about Miami, it does not enhance the core truth of the answer directly, leading to a slight deduction in the score."
Of what area was Valencia the largest city?,Valencia was the largest city of the province of Valencia (Medina al-Turab).,The correct answer to the question 'Of what area was Valencia the largest city?' is: Crown of Aragon,0.2259641195340484,"The actual output provides some factual information about Valencia but fails to address the core truth of the expected output, which is specifically about Valencia being the largest city of the Crown of Aragon. The actual output does not mention the Crown of Aragon at all, indicating a significant shortcoming in directly answering the question posed."
How many people in Kazakhstan speak Russian natively?,Approximately 4.2 million native speakers.,"The correct answer to the question 'How many people in Kazakhstan speak Russian natively?' is: 4,200,000",0.8457391332655384,"The actual output correctly identifies the number of native speakers of Russian in Kazakhstan as approximately 4.2 million, which aligns with the expected output of 4,200,000. However, the phrasing 'approximately' introduces slight ambiguity compared to the precise figure in the expected output. The retrieval context provides relevant background information about the status of the Russian language in Kazakhstan, which enhances understanding but is not directly reflected in the actual output."
How many freshwater fish species can be found in Portugal?,More than 100 freshwater fish species can be found in Portugal.,The correct answer to the question 'How many freshwater fish species can be found in Portugal?' is: more than 100,0.7717071898026331,"The actual output correctly identifies the core truth by stating that there are more than 100 freshwater fish species in Portugal, which aligns with the expected output. However, it lacks the explicit phrasing of the expected output, which could enhance clarity. The additional context about the variety of species adds relevant detail without detracting from the core truth, making the response more informative."
When did Israel host and win the Asian Nations Cup?,Israel hosted and won the Asian Nations Cup in 1964.,The correct answer to the question 'When did Israel host and win the Asian Nations Cup?' is: 1964,0.7284857145767862,"The actual output correctly identifies the year 1964 as the time when Israel hosted and won the Asian Nations Cup, which aligns with the core truth of the expected output. However, it lacks the explicit phrasing of the question and the format of the expected answer, which diminishes its clarity. While it provides additional context about Israel's participation in the Asian Nations Cup, this information, while relevant, could be seen as slightly detracting from the directness of the core message."
﻿What year was the turning point for Germany in the Nation Brands Index?,2006,The correct answer to the question 'What year was the turning point for Germany in the Nation Brands Index?' is: 2006,0.7834601883389055,"The actual output provides the correct year, 2006, which aligns with the expected output. However, it lacks the additional context that enhances understanding, such as the significance of the year in relation to the Nation Brands Index. While the core truth is present, the absence of elaboration on why 2006 is important detracts slightly from the overall effectiveness of the response."
Which scholar believes the Quran's fragmentary writing style is an effective literary device for a prophetic message?,Michael Sells.,The correct answer to the question 'Which scholar believes the Quran's fragmentary writing style is an effective literary device for a prophetic message?' is: Michael Sells,0.7635141214990552,"The actual output correctly identifies Michael Sells as the scholar in question, aligning with the core truth of the expected output. However, it lacks the additional context provided in the expected output, which explicitly states the question being answered. While the response is concise, it could benefit from a more comprehensive presentation that includes the question for clarity."
Could a club appeal a requirement?,"Yes, a club can appeal if a non-EU player does not meet work permit criteria.","The correct answer to the question 'Could a club appeal a requirement?' is: If a player does not meet those criteria, the club wishing to sign him may appeal.",0.7926535476971085,"The actual output correctly identifies that a club can appeal if a non-EU player does not meet work permit criteria, which aligns with the core truth of the expected output. However, it lacks the explicit phrasing of the expected output, which provides a clearer context by stating the conditions under which an appeal can be made. While the actual output is concise, it could benefit from additional detail to enhance clarity and comprehensiveness."
What happens when a doctor doesn't know the microorganism yet?,"When a doctor doesn't know the microorganism, they diagnose infectious diseases based on medical history, physical examination, and clinical presentation. Treatment is often based on epidemiological considerations rather than specific identification, especially for minor infections.",The correct answer to the question 'What happens when a doctor doesn't know the microorganism yet?' is: broad spectrum antibiotic,0.3722187311004067,"The actual output provides a detailed explanation of how doctors approach diagnosing infectious diseases when the microorganism is unknown, which aligns with the broader context of the retrieval information. However, it fails to directly address the core truth of the expected output, which specifically states that the treatment in such cases is often broad spectrum antibiotics. The response lacks the concise answer that the expected output provides, leading to a significant gap in alignment."
What book did Thomas Burnet right in 1681?,"Thomas Burnet wrote ""Telluris Theoria Sacra"" in 1681.",The correct answer to the question 'What book did Thomas Burnet right in 1681?' is: Sacred Theory of the Earth,0.4391629576158693,"The actual output correctly identifies the book written by Thomas Burnet in 1681, but it uses the title 'Telluris Theoria Sacra' instead of the expected title 'Sacred Theory of the Earth'. While the core truth is present, the discrepancy in the title affects the alignment with the expected output. Additionally, the actual output lacks any additional relevant details from the retrieval context, which could have enhanced the response."
A medical staff training college named in his honor is how many miles away from his birthplace?,"The information provided does not specify a medical staff training college named in honor of any individual, nor does it give details about a birthplace or distance. Therefore, I cannot provide an answer.",The correct answer to the question 'A medical staff training college named in his honor is how many miles away from his birthplace?' is: 16,0.1875730994183485,"The actual output fails to provide the core truth of the expected output, which is the distance of 16 miles from the birthplace to the medical staff training college. While it correctly identifies the lack of specific information in the provided context, it does not attempt to infer or deduce the answer based on the retrieval context, which could have included relevant details about the institutions mentioned."
In what years was CP1251 encoding used in most Russian online usage?,CP1251 was predominantly used in Russian online communication from 1995 to 2005.,The correct answer to the question 'In what years was CP1251 encoding used in most Russian online usage?' is: 1995–2005,0.7940433886263111,"The actual output correctly identifies the years CP1251 was predominantly used in Russian online communication, aligning with the core truth of the expected output. However, while it provides relevant context about the encoding's usage, it lacks the explicit phrasing of the expected output, which could enhance clarity. Overall, it is informative and relevant, but slightly less direct than the expected response."
How much of a decrease in sales have Windows devices experienced?,Windows devices experienced a 21% decrease in sales compared to the same period in 2011.,The correct answer to the question 'How much of a decrease in sales have Windows devices experienced?' is: 21 percent,0.7728350925954862,"The actual output correctly identifies the core truth of the expected output by stating that Windows devices experienced a 21% decrease in sales. However, it could be more concise by directly answering the question posed in the expected output without additional context. While the information provided is relevant and supports the claim, it slightly detracts from the clarity of the core message by not explicitly stating '21 percent' as requested."
"Besides being the official language and language of education, what other group uses Catalan?",Catalan is used in mass media and is promoted by the Generalitat of Catalunya.,"The correct answer to the question 'Besides being the official language and language of education, what other group uses Catalan?' is: mass media",0.7424907905826889,"The actual output correctly identifies mass media as a group that uses Catalan, aligning with the core truth of the expected output. However, it lacks the explicit phrasing of the question and the direct answer format requested in the expected output. While it provides additional context about the promotion of Catalan by the Generalitat, it does not deviate from the core truth, but it could be more concise and directly answer the question posed."
How are the Houston Community College and Lone Star College systems ranked among educational facilities?,The Houston Community College and Lone Star College systems are among the 10 largest institutions of higher learning in the U.S.,The correct answer to the question 'How are the Houston Community College and Lone Star College systems ranked among educational facilities?' is: within the 10 largest,0.8414389935590346,"The actual output correctly identifies that the Houston Community College and Lone Star College systems are among the 10 largest institutions of higher learning in the U.S., which aligns with the core truth of the expected output. However, it lacks the explicit phrasing 'within the 10 largest' as stated in the expected output, which slightly diminishes its alignment. The output does provide relevant context from the retrieval data, enhancing its comprehensiveness."
﻿"After Tripoli was conquered where did Gaddafi go?",Gaddafi retreated to Sirte.,"The correct answer to the question 'After Tripoli was conquered, where did Gaddafi go?' is: Sirte",0.6137529633973828,"The actual output correctly identifies Sirte as the location Gaddafi retreated to, which aligns with the expected output. However, it lacks the explicit framing of the answer as a response to the question posed, which diminishes clarity. While the core truth is present, the absence of context or additional relevant details from the retrieval context limits the overall effectiveness of the response."
Where did Chinese merchants explore? ,"Chinese merchants explored the entire Indian Ocean, reaching as far as East Africa.",The correct answer to the question 'Where did Chinese merchants explore? ' is: all of the Indian Ocean,0.7740816964895286,"The actual output correctly identifies that Chinese merchants explored the entire Indian Ocean, which aligns with the core truth of the expected output. However, it adds the detail of reaching East Africa, which, while relevant, slightly diverges from the simplicity of the expected answer. Overall, the response enhances understanding without misleading, but could be more concise."
How many students were enrolled in primary school in 2010?,"In 2010, there were 5,040 pupils enrolled in primary school in Bern.",The correct answer to the question 'How many students were enrolled in primary school in 2010?' is: 230,0.0,"The actual output states that there were 5,040 pupils enrolled in primary school in Bern in 2010, which contradicts the expected output of 230. The core truth regarding the number of students is not present in the actual output, and it fails to align with the expected answer. Additionally, while the retrieval context provides relevant information about enrollment, it does not support the actual output's claim, further detracting from its validity."
Who created the formula E = mc2?,Albert Einstein (1905).,The correct answer to the question 'Who created the formula E = mc2?' is: Albert Einstein,0.7020093993418216,"The actual output correctly identifies Albert Einstein as the creator of the formula E = mc², which aligns with the core truth of the expected output. However, it lacks the explicit phrasing of the question and the complete context provided in the expected output, which diminishes its clarity. While it does not deviate from the core truth, it could be more comprehensive by including the full context of the question."
What was the film that Madonna starred in 2000?,The information provided does not mention a specific film that Madonna starred in during 2000.,The correct answer to the question 'What was the film that Madonna starred in 2000?' is: The Next Best Thing,0.20344533747650906,"The actual output fails to provide the specific film that Madonna starred in during 2000, which is the core truth of the expected output. While it correctly states that no specific film is mentioned, it does not answer the question posed. The retrieval context does not contain relevant information about Madonna's 2000 film, which further detracts from the completeness of the response."
Which was the first Spanish city founded in the region?,"Santa Barbara, founded in 1567.",The correct answer to the question 'Which was the first Spanish city founded in the region?' is: Santa Barbara,0.6734379961899685,"The actual output correctly identifies Santa Barbara as the first Spanish city founded in the region, aligning with the core truth of the expected output. However, it lacks the explicit phrasing of the question and the structured format of the expected output, which diminishes clarity. While it provides a factual statement, it does not fully encapsulate the expected response format, which could enhance comprehension."
What was the Qing reorganization of the Tibetan called?,"The Qing reorganization of Tibet is referred to as the establishment of the ""Tibet Autonomous Region.""",The correct answer to the question 'What was the Qing reorganization of the Tibetan called?' is: Twenty-Nine Regulations for Better Government in Tibet,0.2273803358208784,"The actual output fails to provide the correct answer to the question regarding the Qing reorganization of Tibet, which is specifically identified as the 'Twenty-Nine Regulations for Better Government in Tibet' in the expected output. While the actual output mentions the establishment of the 'Tibet Autonomous Region,' it does not address the core truth of the expected output and lacks relevant details from the retrieval context that could have supported a more accurate response."
Are attendance remittances that important to the Premier League?,"Yes, attendance is a significant source of regular income for Premier League clubs, contributing to their overall revenue and financial stability.",The correct answer to the question 'Are attendance remittances that important to the Premier League?' is: Stadium attendances are a significant source of regular income for Premier League clubs.,0.7877439174515957,"The actual output correctly identifies attendance as a significant source of income for Premier League clubs, aligning with the core truth of the expected output. However, it lacks the explicit phrasing of the question and the phrase 'attendance remittances' from the expected output, which slightly diminishes its alignment. The additional context about financial stability adds value, making the response more comprehensive, but it could have been more concise to match the expected output's directness."
In what treatise did negative numbers first appear?,"Negative numbers first appeared in the ""Nine Chapters on the Mathematical Art.""",The correct answer to the question 'In what treatise did negative numbers first appear?' is: the Nine Chapters on the Mathematical Art,0.7729161553059718,"The actual output correctly identifies that negative numbers first appeared in the 'Nine Chapters on the Mathematical Art,' which aligns with the expected output. However, it lacks the explicit phrasing of the expected answer format, which states the answer should be presented as a complete sentence. The retrieval context provides relevant historical details about negative numbers, enhancing the understanding of their significance, but the actual output could have benefited from a more structured presentation."
Who did France restore into power?,France restored Louis XVI and the royal family into power before the Revolution led to their eventual execution during the Reign of Terror.,The correct answer to the question 'Who did France restore into power?' is: Dacko,0.026346091568699204,"The actual output does not address the core question of who France restored into power, instead discussing Louis XVI's fate during the Revolution. This fails to align with the expected output, which clearly states the answer is 'Dacko'. Additionally, the actual output does not include any relevant details from the retrieval context that would support the expected answer."
﻿What country has the largest population of Buddhists?,"China has the largest population of Buddhists, with approximately 244 million.",The correct answer to the question 'What country has the largest population of Buddhists?' is: China,0.8122560833090938,"The actual output correctly identifies China as the country with the largest population of Buddhists, aligning with the core truth of the expected output. It provides additional context by specifying the approximate number of Buddhists in China, which enhances the response without deviating from the main question. However, the expected output is more concise, and while the extra detail is relevant, it could be seen as slightly more than what was required."
"What did Shurden claim was never ideal, has often produced positive results?","Shurden claimed that ""the democratic approach"" was never ideal but has often produced positive results.","The correct answer to the question 'What did Shurden claim was never ideal, has often produced positive results?' is: controversies that have shaped Baptists",0.1266956406486977,"The actual output does not address the core truth of the expected output, which is about Shurden's claim regarding 'controversies that have shaped Baptists.' Instead, it discusses Shurden's views on the democratic approach, which is unrelated. There is no alignment with the expected answer, and the actual output fails to provide relevant details from the retrieval context that would support the expected output."
When was the Release Preview revealed to consumers?,"May 31, 2012.","The correct answer to the question 'When was the Release Preview revealed to consumers?' is: May 31, 2012",0.9591469434996467,"The actual output correctly identifies the date 'May 31, 2012', which aligns perfectly with the expected output that specifies this date as the answer to the question about the Release Preview's reveal. The core truth is clearly articulated, and there are no extraneous details that detract from the main message. The response is concise and directly answers the question posed."
What type of population lives in Tiahuac?,The provided text does not mention Tiahuac or its population. Please provide more specific information for an accurate answer.,The correct answer to the question 'What type of population lives in Tiahuac?' is: rural,0.22954885892892712,"The actual output fails to provide the core truth of the expected output, which states that the population of Tiahuac is rural. Instead, it incorrectly claims that the text does not mention Tiahuac or its population, missing the essential information. While it correctly identifies the need for more specific information, it does not address the question asked, leading to a low score."
Who invented the beer pump in England?,John Lofting.,The correct answer to the question 'Who invented the beer pump in England?' is: John Lofting,0.5568696168550781,"The actual output identifies John Lofting as the inventor of the beer pump, which aligns with the core truth of the expected output. However, it lacks the context and clarity provided in the expected output, such as the phrasing of the question and the explicit statement of the answer. While it does mention the correct name, it does not enhance understanding with additional relevant details from the retrieval context, which could have provided more background on Lofting's contributions."
What university is in Raleigh?,North Carolina State University and Shaw University.,The correct answer to the question 'What university is in Raleigh?' is: North Carolina State University,0.6366049274411385,"The actual output correctly identifies North Carolina State University as a university in Raleigh, which aligns with the core truth of the expected output. However, it also includes Shaw University, which is not necessary for answering the specific question posed. While the additional detail does not deviate from the core truth, it makes the response less focused than the expected output. The response could be improved by directly stating that North Carolina State University is the answer to the question without including the extra university."
What type of political religious beliefs does Elizabeth seemed to support?,"Elizabeth supports constitutional monarchy and Anglicanism, emphasizing inter-faith relations and civic duty.",The correct answer to the question 'What type of political religious beliefs does Elizabeth seemed to support?' is: inter-faith relations,0.6257157762632782,"The actual output identifies Elizabeth's support for inter-faith relations, which aligns with the core truth of the expected output. However, it includes additional details about her support for constitutional monarchy and Anglicanism, which, while relevant, detracts from the focus on inter-faith relations as the primary answer. The expected output is more concise and directly answers the question, while the actual output is somewhat broader but still maintains the core truth."
What was code pleading ultimately replaced by?,Code pleading was ultimately replaced by modern notice pleading.,The correct answer to the question 'What was code pleading ultimately replaced by?' is: modern notice pleading,0.8654532875378724,"The actual output correctly identifies that code pleading was replaced by modern notice pleading, which aligns with the core truth of the expected output. However, it lacks the explicit phrasing of the question and answer format present in the expected output, which could enhance clarity. The additional context provided does not detract from the core truth but could be more directly related to the question asked."
What country has provided Burma with the most military aid ?,China has provided Myanmar with the most military aid.,The correct answer to the question 'What country has provided Burma with the most military aid ?' is: Myanmar has received extensive military aid from China,0.6537974271588436,"The actual output correctly identifies China as the country providing military aid to Myanmar, aligning with the core truth of the expected output. However, it lacks the explicit mention of 'extensive military aid' and does not directly address the question format, which diminishes its clarity. While it is accurate, it could be more comprehensive by including the phrasing from the expected output to enhance understanding."
"Because of low sanitation coverage 17,000 Egyptian children to die each year from what condition?",Diarrhea.,"The correct answer to the question 'Because of low sanitation coverage 17,000 Egyptian children to die each year from what condition?' is: diarrhoea",0.7483767751199808,"The actual output 'Diarrhea' correctly identifies the core truth of the expected output, which is the condition causing the deaths of Egyptian children due to low sanitation coverage. However, it lacks the additional context provided in the expected output, such as the specific phrasing of the question and the statistic of 17,000 children. While it is concise, it could enhance understanding by including these details to provide a fuller picture of the issue."
﻿What other group of people does Seattle have the largest percentage of in the US?,Seattle has the highest percentage of same-sex households in the U.S. at 2.6%.,The correct answer to the question 'What other group of people does Seattle have the largest percentage of in the US?' is: self-identified mixed-race,0.24364046255312344,"The actual output provides a fact about Seattle's same-sex households, which is relevant but does not address the expected output regarding the largest percentage of self-identified mixed-race individuals. While it includes some demographic information, it fails to answer the core question, leading to a low score."
What two exports has the Congo begun producing recently?,Natural gas and diamonds.,The correct answer to the question 'What two exports has the Congo begun producing recently?' is: Natural gas and diamonds,0.8332545909503303,"The actual output correctly identifies the two exports, 'Natural gas and diamonds', which aligns with the core truth of the expected output. However, it lacks the introductory phrase present in the expected output, which explicitly states it as the answer to the question. While the actual output is concise, it could benefit from a more formal presentation to match the expected output's structure."
How many rpm did the electrically powered synchronous turanable motor run at?,3600 rpm,The correct answer to the question 'How many rpm did the electrically powered synchronous turanable motor run at?' is: 3600 rpm,0.8046219939419703,"The actual output correctly identifies the rpm of the motor as 3600, which aligns with the core truth of the expected output. However, it lacks the contextual framing provided in the expected output, which explicitly states the question being answered. While the core truth is present, the absence of the question diminishes clarity and context, preventing a perfect score."
What percentage of Africans make up NYC?,"The provided information does not specify the percentage of Africans in NYC. However, it notes that over 61,000 individuals identified as ""Sub-Saharan African,"" making up 4.4% of the Bronx's population, not the entirety of NYC. No overall percentage for NYC is given.",The correct answer to the question 'What percentage of Africans make up NYC?' is: 25.5,0.22087734538723494,"The actual output fails to provide the expected percentage of Africans in NYC, which is 25.5%. While it correctly identifies the number of Sub-Saharan Africans in the Bronx and their percentage of that borough's population, it does not address the overall percentage for NYC as requested. The additional context provided does not enhance the understanding of the expected output, as it does not relate to the specific question about NYC's African population percentage."
Who was the Army Chief of Staff at this time?,General Douglas MacArthur.,The correct answer to the question 'Who was the Army Chief of Staff at this time?' is: General Martin Dempsey,0.08085782235941089,"The actual output identifies General Douglas MacArthur, but it does not address the expected output, which specifies General Martin Dempsey as the Army Chief of Staff. The core truth of the expected output is not present, and while the retrieval context provides relevant historical information, it does not support the actual output's claim."
Who directed 'Batman'?,Tim Burton directed 'Batman'.,The correct answer to the question 'Who directed 'Batman'?' is: Tim Burton,0.7991819803409583,"The actual output correctly identifies Tim Burton as the director of 'Batman', which aligns with the core truth of the expected output. However, it lacks the explicit phrasing of the expected output, which states the answer in a more formal manner. While the actual output is accurate, it could be improved by including the context of the question more clearly, but it does not detract from the correctness of the answer."
What happened to British Isles area when the ice melted after the last ice age?,"After the last ice age, rising sea levels separated Ireland from Great Britain and flooded the English Channel, shaping the British Isles into their current form.",The correct answer to the question 'What happened to British Isles area when the ice melted after the last ice age?' is: sea levels rose,0.5057337503106256,"The actual output provides a detailed explanation of the events following the last ice age, including the rise in sea levels and the separation of Ireland from Great Britain. However, it does not directly answer the question posed in the expected output, which is simply 'sea levels rose.' While the core truth is present, the additional details may detract from the clarity of the response, making it less aligned with the evaluation steps."
What is a single panel door referred to as?,"A single panel door is referred to as a ""slab"" door.","The correct answer to the question 'What is a single panel door referred to as?' is: ""slab"" door",0.8191733635417903,"The actual output correctly identifies that a single panel door is referred to as a 'slab' door, which aligns well with the expected output. However, it lacks the explicit phrasing of the expected output, which includes the question and the phrase 'the correct answer is'. While the retrieval context provides relevant information about slab doors, it does not directly enhance the core truth presented in the actual output."
What was the name of the legislative body that was brought into existance in 1989?,Congress of People's Deputies.,The correct answer to the question 'What was the name of the legislative body that was brought into existance in 1989?' is: Congress of People's Deputies,0.7918446279982364,"The actual output correctly identifies the 'Congress of People's Deputies' as the legislative body established in 1989, aligning well with the expected output. However, it lacks the introductory context that explicitly states it is the answer to the posed question, which slightly detracts from clarity. The retrieval context provides relevant historical details that could enhance understanding, but they are not utilized in the actual output, which could have made the response more informative."
What caused the sea to rise during the Jurassic?,Increased seafloor spreading caused the sea levels to rise during the Jurassic.,The correct answer to the question 'What caused the sea to rise during the Jurassic?' is: increase in seafloor,0.7463887553506207,"The actual output correctly identifies the increase in seafloor spreading as the cause of rising sea levels during the Jurassic, aligning well with the expected output. However, while it captures the core truth, it could be more concise and directly state the answer as requested in the expected output. The retrieval context provides additional relevant details that enhance understanding, but the actual output could benefit from a clearer articulation of the answer format specified in the expected output."
﻿How many free states are there in Germany?,"There are three free states in Germany: Bavaria, Saxony, and Thuringia.",The correct answer to the question 'How many free states are there in Germany?' is: three,0.8031083984564937,"The actual output correctly identifies the number of free states in Germany as three, which aligns with the core truth of the expected output. However, it provides additional context by naming the specific free states (Bavaria, Saxony, and Thuringia), which enhances the response without detracting from the core answer. While the expected output is more succinct, the actual output's detail is acceptable and informative."
What county in England was named after Hampton?,Hampshire.,The correct answer to the question 'What county in England was named after Hampton?' is: Hampshire,0.4731497584382449,"The actual output provides the correct answer 'Hampshire', which aligns with the core truth of the expected output. However, it lacks the context and clarity present in the expected output, which explicitly states the question it answers. While the retrieval context contains relevant historical details about Hampshire, the actual output does not incorporate any of this additional information, which could enhance understanding."
How many rooms does the palace have?,The palace has 775 rooms.,The correct answer to the question 'How many rooms does the palace have?' is: 775 rooms,0.8153615420773738,"The actual output correctly states the number of rooms in the palace, which aligns with the core truth of the expected output. However, it lacks the explicit framing of the answer as a response to the question posed, which diminishes its clarity. While the output is accurate and straightforward, it could benefit from a more structured presentation that directly addresses the question, enhancing its alignment with the expected format."
The Bean Approach Training Development Unit were fitted with what kind of transmitter to search for the Knickebein? ,They were fitted with a 30 MHz receiver.,The correct answer to the question 'The Bean Approach Training Development Unit were fitted with what kind of transmitter to search for the Knickebein? ' is: 30 MHz receiver,0.8100540109141331,"The actual output correctly identifies the type of receiver fitted to the Bean Approach Training Development Unit, which aligns with the core truth of the expected output. However, it lacks the explicit context of the question being answered, which diminishes its clarity. Including the phrase 'The correct answer to the question...' from the expected output would enhance understanding and provide a clearer connection to the inquiry."
With what broader style of music does adult contemporary share its structure?,Adult contemporary shares its structure with pop music.,The correct answer to the question 'With what broader style of music does adult contemporary share its structure?' is: pop music,0.6823875816493289,"The actual output correctly identifies that adult contemporary shares its structure with pop music, which aligns with the core truth of the expected output. However, it lacks the explicit phrasing of the expected output, which clearly states the question and answer format. While the actual output is accurate, it could be more comprehensive by incorporating additional context from the retrieval context to enhance understanding."
When was President Johnson's speech for John XXIII?,6 December 1963.,The correct answer to the question 'When was President Johnson's speech for John XXIII?' is: 6 December 1963,0.8266798771638857,"The actual output correctly identifies the date of President Johnson's speech as 6 December 1963, which aligns with the expected output. However, it lacks the explicit context that the speech was in recognition of Pope John XXIII, which could enhance understanding. While the core truth is present, additional relevant details from the retrieval context could have been integrated to provide a fuller picture."
In what year did Xinhai revolt against the Qing dynasty?,"The Xinhai Revolution began on October 11, 1911.",The correct answer to the question 'In what year did Xinhai revolt against the Qing dynasty?' is: 1912,0.3391703917011183,"The actual output states the start date of the Xinhai Revolution but fails to provide the year 1912 as the expected output specifies. While it mentions October 11, 1911, it does not align with the core truth of the expected output, which is focused on the year 1912. The additional context about the revolution's timeline is relevant but does not enhance the understanding of the specific question asked."
Where is the starting point of the terminus line in New Haven?,The starting point of the terminus line in New Haven is Union Station.,The correct answer to the question 'Where is the starting point of the terminus line in New Haven?' is: New Haven's Union Station,0.7942312074181929,"The actual output correctly identifies Union Station as the starting point of the terminus line in New Haven, aligning with the core truth of the expected output. However, it lacks the phrasing 'New Haven's Union Station' which is present in the expected output, slightly diminishing its completeness. The response is clear and directly answers the question without introducing misleading information, but it could enhance understanding by incorporating the expected phrasing."
What nationality can tolerate the least amount of electric shock?,Italian women can tolerate the least amount of electric shock.,The correct answer to the question 'What nationality can tolerate the least amount of electric shock?' is: Italian,0.7348492192919797,"The actual output correctly identifies that Italian women can tolerate the least amount of electric shock, which aligns with the core truth of the expected output. However, it lacks the explicit mention of the question format and the concise phrasing found in the expected output. While it provides relevant details about the specific group (Italian women), it could be more succinct and directly answer the question as posed."
About how many tonnes of uranium is theorized to be present in the sea?,Approximately 10 million tonnes of uranium are theorized to be present in the sea.,The correct answer to the question 'About how many tonnes of uranium is theorized to be present in the sea?' is: 4.6 billion,0.2048338418658509,"The actual output provides a figure of approximately 10 million tonnes of uranium in the sea, which is significantly lower than the expected output of 4.6 billion tonnes. This indicates a failure to capture the core truth of the expected output. While the actual output is a relevant detail, it does not align with the expected answer, and the additional context does not enhance the accuracy of the response."
﻿What stage of the slave trade provided slaves to Charles Town?,The Middle Passage provided slaves to Charles Town.,The correct answer to the question 'What stage of the slave trade provided slaves to Charles Town?' is: Middle Passage,0.6746054785579803,"The actual output identifies the Middle Passage as the source of slaves to Charles Town, which aligns with the expected output's core truth. However, it lacks the explicit phrasing of the question and answer format found in the expected output, which diminishes clarity. The retrieval context provides valuable historical details that could enhance the response, but these are not utilized in the actual output, limiting its depth and relevance."
Where was the Russians building a new fort?,"The Russians were building a new fort at Mamelon, located on a hill in front of Malakoff.",The correct answer to the question 'Where was the Russians building a new fort?' is: Mamelon,0.7518463281708805,"The actual output correctly identifies Mamelon as the location of the new fort being built by the Russians, which aligns with the core truth of the expected output. However, it lacks the explicit phrasing that directly answers the question posed in the expected output, which could enhance clarity. The retrieval context provides relevant historical details that support the actual output, but the response could have been more concise to focus solely on the answer."
Which of Alexanders commanders were the first to visit Bahrain?,Nearchus.,The correct answer to the question 'Which of Alexanders commanders were the first to visit Bahrain?' is: Nearchus,0.8321561516306911,"The actual output correctly identifies 'Nearchus' as the answer to the question about Alexander's commanders visiting Bahrain, aligning well with the expected output. However, it lacks the additional context provided in the retrieval context that could enhance understanding, such as the significance of Nearchus's visit and the historical background of Bahrain. Including this information would have strengthened the response further."
What components can be surface mounted to save space?,"Small capacitors, discrete transistors, and diodes can be surface mounted to save space.",The correct answer to the question 'What components can be surface mounted to save space?' is: small-sized SMD components,0.6680218064146259,"The actual output correctly identifies specific components (small capacitors, discrete transistors, and diodes) that can be surface mounted, aligning with the core truth of the expected output. However, it lacks the explicit mention of 'small-sized SMD components' as stated in the expected output, which is a more precise term. The actual output provides relevant details about the components but does not fully encapsulate the expected phrasing, leading to a slightly lower score."
What is the lowest median income in Philadelphia?,"$14,185","The correct answer to the question 'What is the lowest median income in Philadelphia?' is: $14,185",0.8705478856381011,"The actual output correctly identifies the lowest median income in Philadelphia as $14,185, which aligns with the expected output. It succinctly provides the answer without additional context, but it could have included a brief mention of the source or context for completeness. Overall, it effectively answers the core question."
What metaphysical concepts were included in the Vedanta school? ,"The Vedanta school included metaphysical concepts such as ātman (soul) and Brahman (ultimate reality), emphasizing non-dualism, knowledge, meditation, and self-knowledge.",The correct answer to the question 'What metaphysical concepts were included in the Vedanta school? ' is: ātman and Brahman,0.6869624884529699,"The actual output correctly identifies the metaphysical concepts of ātman and Brahman, which aligns with the core truth of the expected output. However, it includes additional details about the Vedanta school's emphasis on non-dualism, knowledge, meditation, and self-knowledge, which, while relevant, may detract from the simplicity of the expected answer. The response could be more concise to enhance clarity."
What is the STA?,The Somali Telecommunication Association (STA) is a watchdog organization that regulates Somalia's ICT sector and oversees policy development.,The correct answer to the question 'What is the STA?' is: Somali Telecommunication Association,0.7387942586552746,"The actual output correctly identifies the Somali Telecommunication Association (STA) and provides additional context about its role in regulating Somalia's ICT sector and overseeing policy development. However, while it answers the core question, it does not explicitly state that the correct answer is simply 'Somali Telecommunication Association', which is the expected output. The additional details enhance understanding but slightly detract from the simplicity of the expected response."
What is another term for the act of spying for another country?,Espionage.,The correct answer to the question 'What is another term for the act of spying for another country?' is: espionage,0.7328854694830117,"The actual output 'Espionage' correctly identifies the core truth of the expected output, which is to provide another term for the act of spying for another country. However, it lacks the additional context and clarity present in the expected output, which explicitly states the question and provides a complete sentence. While the core truth is present, the response could be improved by including more context to enhance understanding."
Which countries initiated the Age of Exploration following the Reconquista?,Spain and Portugal initiated the Age of Exploration following the Reconquista.,The correct answer to the question 'Which countries initiated the Age of Exploration following the Reconquista?' is: Portugal and Spain,0.7837384576747455,"The actual output correctly identifies Spain and Portugal as the initiators of the Age of Exploration following the Reconquista, aligning with the core truth of the expected output. However, it lacks the explicit phrasing of the question and the format of the expected answer, which could enhance clarity. The response is concise and directly answers the question, but it could benefit from a more structured presentation to match the expected output format."
In what periodical was the new sovereign status of the Russian Federation first published?,"The new sovereign status of the Russian Federation was first published in ""Rossiyskaya Gazeta"" on January 6, 1992.",The correct answer to the question 'In what periodical was the new sovereign status of the Russian Federation first published?' is: Rossiyskaya Gazeta,0.780083430330148,"The actual output correctly identifies the publication of the new sovereign status of the Russian Federation in 'Rossiyskaya Gazeta' on January 6, 1992, which aligns with the core truth of the expected output. However, it could be more concise by omitting the date, as the expected output does not include it. The additional context from the retrieval context is relevant and supports the answer, enhancing understanding without detracting from the core message."
﻿Who recorded early records of migration?,"Early records of migration were made by Ancient Greek authors including Hesiod, Homer, Herodotus, and Aristotle, as well as in the Bible (Book of Job, Jeremiah).",The correct answer to the question 'Who recorded early records of migration?' is: Ancient Greek writers,0.7424907897323346,"The actual output identifies specific Ancient Greek authors who recorded early migration, aligning with the expected output's core truth of naming 'Ancient Greek writers.' However, it includes additional details that, while relevant, may detract from the simplicity of the expected answer. The response is informative and comprehensive, but it could be more concise to match the expected output's directness."
Who stated that the character of a gas and free molecule were in ether?,The information provided does not mention anyone stating that the character of a gas and free molecule were in ether.,The correct answer to the question 'Who stated that the character of a gas and free molecule were in ether?' is: Henry Pickering,0.20484129916166077,"The actual output fails to provide the correct answer to the question regarding who stated that the character of a gas and free molecule were in ether, which is Henry Pickering. Instead, it only states that no one mentioned this, missing the core truth of the expected output. Additionally, it does not include any relevant details from the retrieval context that could enhance understanding of the topic."
What is commonly used for the basketball courts the NBA plays on?,NBA teams commonly use wooden hardwood courts for their games.,The correct answer to the question 'What is commonly used for the basketball courts the NBA plays on?' is: parquetry,0.2804667454628863,"The actual output mentions that NBA teams use wooden hardwood courts, which is somewhat related to the expected output that specifies 'parquetry' as the material used. However, it fails to directly address the question posed in the expected output and does not include the specific term 'parquetry', which is crucial for accuracy. The additional context provided does not enhance the understanding of the core truth regarding the court material."
what tiny island was house music also being devloped on?,House music was also being developed on Ibiza.,The correct answer to the question 'what tiny island was house music also being devloped on?' is: Ibiza,0.47026762922445614,"The actual output identifies Ibiza as a location associated with house music, which aligns with the core truth of the expected output. However, it lacks the explicit phrasing of the question and the definitive statement that the answer is 'Ibiza', which diminishes its clarity and directness. While it provides relevant context about house music's development, it does not fully meet the expectation of a clear answer format."
What highway connecting Kathmandu to elsewhere in Nepal is currently being built?,The BP Highway is currently under construction to connect Kathmandu to eastern Nepal.,The correct answer to the question 'What highway connecting Kathmandu to elsewhere in Nepal is currently being built?' is: BP,0.6354726609866846,"The actual output identifies the BP Highway and its purpose of connecting Kathmandu to eastern Nepal, which aligns with the core truth of the expected output. However, it lacks the explicit mention of the highway's name as the answer to the question posed, which is a key detail in the expected output. While the additional context about the highway's construction is relevant, it does not enhance the clarity of the core message as effectively as it could have."
What other newspaper was accused of bias?,The Daily Mirror was accused of bias.,The correct answer to the question 'What other newspaper was accused of bias?' is: Libération,0.2558535058549455,"The actual output mentions the Daily Mirror being accused of bias, which is somewhat related to the topic, but it fails to answer the specific question about which other newspaper was accused of bias. The expected output clearly identifies Libération as the answer, which is missing in the actual output. Additionally, while the retrieval context contains relevant information about Libération, the actual output does not incorporate this detail, leading to a lack of alignment with the evaluation steps."
What did early American leaders worry a large standing army would involve America in?,Early American leaders worried a large standing army would involve America in excessive foreign wars and allow a domestic tyrant to seize power.,The correct answer to the question 'What did early American leaders worry a large standing army would involve America in?' is: foreign wars,0.8047924386750192,"The actual output correctly identifies the core truth that early American leaders worried a large standing army would lead to excessive foreign wars and the potential for domestic tyranny. This aligns well with the expected output, which focuses on foreign wars. However, the actual output provides additional context about domestic tyranny, which, while relevant, is not part of the core question. Overall, the response is comprehensive and informative, but slightly diverges from the specific focus of the expected output."
Which port in Melborne is the busiest seaport for containerised and general cargo?,Port of Melbourne.,The correct answer to the question 'Which port in Melborne is the busiest seaport for containerised and general cargo?' is: Port of Melbourne,0.8396818128562289,"The actual output correctly identifies the Port of Melbourne as the busiest seaport for containerised and general cargo, aligning well with the expected output. However, it lacks the introductory context that explicitly states it is the answer to the posed question, which slightly detracts from clarity. While the retrieval context provides relevant information about the port, the actual output could have included a brief mention of its significance to enhance understanding further."
How were the recordings released for the initial five seasons?,The recordings were released as a compilation album at the end of each season.,The correct answer to the question 'How were the recordings released for the initial five seasons?' is: as a compilation album,0.8247887891953025,"The actual output correctly identifies that the recordings were released as a compilation album at the end of each season, which aligns with the core truth of the expected output. However, it lacks the explicit mention of 'the initial five seasons' as specified in the expected output, which slightly diminishes its precision. The additional context about the success of these albums enhances the response without deviating from the core truth."
What example of post-translational modification of a protein was first described in 1961?,The first example of post-translational modification of a protein described in 1961 was protein phosphorylation.,The correct answer to the question 'What example of post-translational modification of a protein was first described in 1961?' is: The regulation of lactose metabolism genes in E. coli,0.13487737235142466,"The actual output mentions protein phosphorylation as a post-translational modification described in 1961, which is somewhat related to the topic. However, it fails to address the expected output regarding the regulation of lactose metabolism genes in E. coli, missing the core truth of the question. The response lacks relevance to the specific example requested and does not incorporate additional context from the retrieval material."
﻿Thomas J. Watson Sr. was fired from what company?,National Cash Register Company (NCR).,The correct answer to the question 'Thomas J. Watson Sr. was fired from what company?' is: National Cash Register Company,0.7547098534387771,"The actual output correctly identifies the company 'National Cash Register Company' as the answer to the question about Thomas J. Watson Sr.'s firing, aligning well with the expected output. However, it lacks the additional context provided in the retrieval context that could enhance understanding, such as details about Watson's subsequent career and contributions to CTR and IBM. Including such information would have strengthened the response without detracting from the core truth."
"In what year did the ""Revolution within a Revolution"" begin?",1973,"The correct answer to the question 'In what year did the ""Revolution within a Revolution"" begin?' is: 1987",0.03130666513930659,"The actual output states '1973', which is incorrect and does not align with the expected output of '1987'. The core truth of the expected output is not present in the actual output, as it fails to provide the correct year for the start of the 'Revolution within a Revolution'. Additionally, the retrieval context does not support the actual output, as it discusses events related to Gaddafi's proclamation in 1973 but does not confirm the expected answer of 1987."
What type of Judaism advocated segregation from non-Jewish culture?,"Orthodox Judaism, particularly Haredi and Chassidic communities, advocate segregation from non-Jewish culture.",The correct answer to the question 'What type of Judaism advocated segregation from non-Jewish culture?' is: Haredi Judaism,0.5748424023241132,"The actual output identifies Haredi Judaism as a community that advocates segregation from non-Jewish culture, which aligns with the expected output's focus on Haredi Judaism. However, it lacks the clarity and directness of the expected output, which specifically names Haredi Judaism as the answer to the question. While the retrieval context provides relevant background on Jewish communities, it does not enhance the core truth of the expected output, which is simply to identify Haredi Judaism as the answer."
What is the largest Anglican church in Nigeria?,The largest Anglican church in Nigeria is the Church of Nigeria of the Anglican Communion.,The correct answer to the question 'What is the largest Anglican church in Nigeria?' is: the Church of Nigeria of the Anglican Communion,0.8362436697131705,"The actual output correctly identifies the largest Anglican church in Nigeria, aligning with the core truth of the expected output. However, it lacks the explicit phrasing 'The correct answer to the question...' which would enhance clarity and directly match the expected format. The response is accurate and relevant, but the absence of this phrasing slightly detracts from its completeness."
What was the event that ended religious unity in the Western Church?,The Protestant Reformation.,The correct answer to the question 'What was the event that ended religious unity in the Western Church?' is: the Protestant Reformation,0.5061474282316754,"The actual output identifies the Protestant Reformation as the event that ended religious unity in the Western Church, which aligns with the core truth of the expected output. However, it lacks the clarity and completeness of the expected output, which explicitly states the question and provides a full sentence answer. While the retrieval context offers relevant historical details, the actual output does not incorporate any of this additional context, which could enhance understanding."
This species relies on other species to provide a reproductive host for their offspring.,The species mentioned relies on mutualistic symbiosis with endosymbionts for nutrient provision and reproductive support.,The correct answer to the question 'This species relies on other species to provide a reproductive host for their offspring.' is: ichneumon wasps,0.3150090189564644,"The actual output discusses mutualistic symbiosis and nutrient provision, which is related to the concept of reliance on other species, but it does not directly address the specific reproductive host aspect mentioned in the expected output. The core truth of the expected output, which identifies ichneumon wasps as the species in question, is not clearly articulated or represented in the actual output. While the additional details about symbiosis are informative, they do not enhance understanding of the specific question asked."
In theory how were all polish noblemen viewed?,"In theory, all Polish noblemen were viewed as social equals and legal peers.",The correct answer to the question 'In theory how were all polish noblemen viewed?' is: equals,0.586913321190253,"The actual output captures the core truth that Polish noblemen were viewed as social equals, aligning with the expected output. However, it lacks the succinctness of the expected answer, which simply states 'equals.' While the additional context about legal peers and the nuances of noble status provides depth, it detracts from the clarity and directness of the expected response."
 What can be credited for the changes in the definition of humanism? ,"The changes in the definition of humanism can be credited to the influence of the French Revolution, Left Hegelian thought, the Enlightenment, the development of Religious Humanism in the late 19th and early 20th centuries, and the historical contexts, critiques, and responses from both early 20th-century critics and postmodern thinkers.",The correct answer to the question ' What can be credited for the changes in the definition of humanism? ' is: intellectual movements,0.3801824757288454,"The actual output provides a detailed account of various influences on the definition of humanism, which aligns with the expected output's core truth of identifying intellectual movements. However, it fails to succinctly articulate the core message, making it less clear and focused than necessary. The additional details, while relevant, detract from the simplicity of the expected answer, which could lead to confusion rather than enhancing understanding."
Where are equine events hosted?,Equine events are hosted at Remington Park and state fairgrounds.,The correct answer to the question 'Where are equine events hosted?' is: state fairgrounds,0.5881520884859106,"The actual output mentions that equine events are hosted at both Remington Park and state fairgrounds, which partially aligns with the expected output that identifies state fairgrounds as a location. However, it does not clearly articulate the core truth that state fairgrounds is the correct answer to the question posed. Additionally, while the mention of Remington Park adds context, it detracts from the focus on the expected output, leading to some confusion about the primary answer."
What is one way you could group pesticides?,"Pesticides can be grouped by their biological mechanism, such as herbicides, insecticides, and fungicides.",The correct answer to the question 'What is one way you could group pesticides?' is: application method,0.28186104952879787,"The actual output identifies a method of grouping pesticides based on their biological mechanism, which is relevant but does not align with the expected output that specifies 'application method' as the grouping criterion. While the actual output provides some relevant context about pesticide types, it fails to address the core truth of the expected output directly, leading to a lack of clarity in answering the question."
﻿Which website criticized Apple's battery life claims?,MP3.com criticized Apple's battery life claims.,The correct answer to the question 'Which website criticized Apple's battery life claims?' is: MP3.com,0.7664620272609467,"The actual output correctly identifies MP3.com as the entity that criticized Apple's battery life claims, which aligns with the core truth of the expected output. However, it lacks the explicit phrasing of the expected output, which states the answer in a complete sentence format. While the response is accurate and relevant, it could enhance clarity by mirroring the expected output's structure more closely."
What type of motor is used?,"Electric motors, including DC, AC, universal, induction, permanent magnet, and servomotors.",The correct answer to the question 'What type of motor is used?' is: high-speed drive motor,0.2619911687076041,"The actual output lists various types of electric motors but fails to directly address the expected output, which specifies 'high-speed drive motor' as the answer. While the additional details about different motor types provide context, they do not align with the core truth of the expected output, leading to a significant misalignment."
Where did hundreds of pro-Tibet protesters meet?,Hundreds of pro-Tibet protesters met in Buenos Aires and Bangkok.,The correct answer to the question 'Where did hundreds of pro-Tibet protesters meet?' is: the Trocadéro,0.2511920805376271,"The actual output mentions protests in Buenos Aires and Bangkok, which is somewhat related to the expected output about where pro-Tibet protesters met. However, it fails to identify the specific location of 'the Trocadéro' as stated in the expected output, which is the core truth. The response lacks clarity and does not accurately represent the expected answer."
What may have occurred if the war was expanded to the Soviet Union?,"If the war had expanded to the Soviet Union, it could have led to a prolonged and massive military conflict, potentially drawing in additional allies and resulting in greater casualties and widespread destruction. The balance of power in Europe could have shifted significantly, possibly altering the course of World War II.",The correct answer to the question 'What may have occurred if the war was expanded to the Soviet Union?' is: atomic warfare,0.27674132958633996,"The actual output discusses the potential consequences of a war expanding to the Soviet Union, which is somewhat related to the expected output about atomic warfare. However, it fails to directly address the core truth of the expected output, which is specifically about atomic warfare. While the actual output provides relevant context about military conflict and shifts in power, it does not enhance understanding of the expected answer and diverges from the core message."
Where are green eyes most common?,"Green eyes are most common in Northern and Central Europe, particularly Iceland, where 89% of women and 87% of men have blue or green eyes.",The correct answer to the question 'Where are green eyes most common?' is: Northern and Central Europe,0.5461809119961937,"The actual output identifies Northern and Central Europe as the region where green eyes are most common, which aligns with the expected output. However, it includes excessive details about eye color prevalence in Iceland and other regions, which, while informative, detracts from the clarity and focus of the core truth. The additional context provided does not enhance the understanding of the expected output and may confuse the reader."
When did the Governing Council define price stability?,The Governing Council defined price stability in October 1998.,The correct answer to the question 'When did the Governing Council define price stability?' is: October 1998,0.7715279956405288,"The actual output correctly identifies the date when the Governing Council defined price stability, which aligns with the core truth of the expected output. However, it lacks the explicit phrasing 'The correct answer to the question...' found in the expected output, which would have made it more aligned. The additional context about the definition of price stability is relevant but not necessary for answering the specific question, which slightly detracts from the focus on the core truth."
What are the programs that gives credit to households for delivering electricity to the grid called?,Net metering programs.,The correct answer to the question 'What are the programs that gives credit to households for delivering electricity to the grid called?' is: Net metering programs,0.7749014157057807,"The actual output correctly identifies 'Net metering programs' as the answer to the question posed in the expected output, fulfilling the core truth requirement. However, it lacks the additional context provided in the retrieval context that explains how net metering works, which could enhance understanding. While the core message is clear, the absence of elaboration on the mechanism of net metering slightly detracts from the overall completeness of the response."
What war was 'Saving Private Ryan' about?,World War II.,The correct answer to the question 'What war was 'Saving Private Ryan' about?' is: World War II,0.43334420241625227,"The actual output correctly identifies the core truth that 'Saving Private Ryan' is about World War II, but it lacks the clarity and completeness of the expected output, which explicitly states the question and provides a full sentence answer. While the core truth is present, the response does not include additional relevant details from the retrieval context that could enhance understanding, such as the film's significance or context within World War II."
How long are females required to go to school?,Females are required to attend school from ages 7 to 13.,The correct answer to the question 'How long are females required to go to school?' is: 11 years,0.3926042539292521,"The actual output correctly identifies the age range for compulsory education for females, which aligns with the core truth of the expected output. However, it fails to provide the total duration of schooling (11 years) as specified in the expected output. While the information about the age requirement is relevant, it does not fully address the question posed, and lacks additional context that could enhance understanding of the educational system."
Which government was overthrown during the October Revolution?,The Russian Provisional Government.,The correct answer to the question 'Which government was overthrown during the October Revolution?' is: the Russian Provisional Government,0.6000398901944852,"The actual output identifies the Russian Provisional Government, which is the core truth of the expected output. However, it lacks the clarity and completeness of the expected output, which explicitly states the question and provides context. While it correctly answers the question, it does not enhance understanding with additional relevant details from the retrieval context, which could have provided more background on the October Revolution."
﻿"In 2008 Melbourne overtook what city with the amount of money that domestic tourists spent in the city?",Melbourne overtook Sydney in 2008.,"The correct answer to the question 'In 2008, Melbourne overtook what city with the amount of money that domestic tourists spent in the city?' is: Sydney",0.8,"The actual output correctly identifies that Melbourne overtook Sydney in 2008, which aligns with the core truth of the expected output. However, it lacks the explicit mention of the context regarding the amount of money that domestic tourists spent, which is crucial for fully addressing the expected output. The retrieval context provides relevant details about tourism spending, but the actual output does not incorporate this information, slightly detracting from its completeness."
What business development did the British use to establish a hold on the global cotton market?,"The British developed a commercial chain by purchasing raw cotton from colonial plantations, processing it in Lancashire mills, and exporting finished textiles to captive markets, leveraging technological advancements like the cotton gin to increase efficiency.",The correct answer to the question 'What business development did the British use to establish a hold on the global cotton market?' is: commercial chain,0.7684432323787949,"The actual output effectively identifies the British development of a commercial chain as a key factor in establishing dominance in the global cotton market, aligning well with the expected output. It provides additional context about the processes involved, such as purchasing raw cotton and leveraging technological advancements like the cotton gin, which enhances understanding. However, while the core truth is present, the response could be more concise and focused on the specific answer to the question, which is simply 'commercial chain'."
What city does San Diego come in second to in the biotech industry?,Boston.,The correct answer to the question 'What city does San Diego come in second to in the biotech industry?' is: Boston,0.8156008592993131,"The actual output correctly identifies Boston as the city that San Diego comes in second to in the biotech industry, aligning with the core truth of the expected output. However, it lacks the additional context provided in the expected output, such as the phrasing of the question and the explicit statement of the answer format. While the response is concise, it could benefit from a more comprehensive presentation that includes these details."
What mode of transport is encouraged in Central Tuscon?,Walking and biking are encouraged in Central Tucson.,The correct answer to the question 'What mode of transport is encouraged in Central Tuscon?' is: bicycle,0.4656122763897893,"The actual output mentions that walking and biking are encouraged in Central Tucson, which aligns with the core truth of the expected output that highlights bicycle as a mode of transport. However, it lacks specificity by not directly stating 'bicycle' as the encouraged mode, which is the key detail in the expected output. While it captures the general idea, it does not fully meet the clarity and precision required."
What is the floor space of the palace?,"The floor space of the palace is 77,000 m² (830,000 sq ft).","The correct answer to the question 'What is the floor space of the palace?' is: 77,000 m2 (830,000 sq ft)",0.8642573849035944,"The actual output correctly identifies the floor space of the palace as 77,000 m² (830,000 sq ft), which aligns with the expected output. However, it lacks the introductory phrase present in the expected output that clearly states it as the answer to the question. While the core truth is present, the absence of this framing diminishes the clarity of the response."
Most town people lived in what type of houses?,Most town people lived in terraced houses.,The correct answer to the question 'Most town people lived in what type of houses?' is: terraced houses,0.7161086973800186,"The actual output correctly identifies the type of houses most town people lived in as 'terraced houses,' which aligns with the expected output. However, it lacks the explicit framing of the answer as a response to the question posed, which diminishes clarity. While the core truth is present, the response could be improved by directly stating it as an answer to the question, as indicated in the expected output."
What type of precipitation is the Piedmont known for?,The Piedmont is known for sleet and freezing rain.,The correct answer to the question 'What type of precipitation is the Piedmont known for?' is: sleet and freezing rain,0.7592823496072996,"The actual output correctly identifies sleet and freezing rain as the types of precipitation the Piedmont is known for, aligning with the expected output's core truth. However, it lacks the explicit phrasing of the expected output, which states the answer in a complete sentence format. While the core truth is present, the absence of additional context from the retrieval context that could enhance understanding slightly detracts from the overall quality of the response."
What is the one way Hayek argued that resource distribution could succeed?,Through the price mechanism in free markets.,The correct answer to the question 'What is the one way Hayek argued that resource distribution could succeed?' is: through the price mechanism in free markets,0.8042020322451464,"The actual output correctly identifies the core truth of the expected output by stating that resource distribution can succeed through the price mechanism in free markets. However, it lacks the explicit framing of the answer as a response to the specific question posed, which diminishes clarity. While it captures the essential concept, it does not include additional relevant details from the retrieval context that could enhance understanding, such as Hayek's arguments against central planning or the role of local knowledge, which would provide a richer context for the answer."
Are treaties permanently binding upon the signatory parties?,"No, treaties are not necessarily permanently binding; many allow for withdrawal under specific procedures.",The correct answer to the question 'Are treaties permanently binding upon the signatory parties?' is: not necessarily,0.8152396499268784,"The actual output correctly addresses the core truth of the expected output by stating that treaties are not necessarily permanently binding. It provides additional context about withdrawal procedures, which enhances understanding without deviating from the core truth. However, it could be more concise, as the expected output is more straightforward and directly answers the question posed."
On what day were beer houses closed?,Beer houses were closed on Sundays.,The correct answer to the question 'On what day were beer houses closed?' is: Sundays,0.6711031747066303,"The actual output correctly identifies the day beer houses were closed, aligning with the core truth of the expected output. However, it lacks the explicit phrasing of the question and the format of the expected answer, which diminishes clarity. While the response is accurate, it could be improved by directly stating 'The correct answer is: Sundays' to enhance understanding and match the expected output format more closely."
﻿Who killed Filiberto Ojeda Ríos?,Filiberto Ojeda Ríos died in a gun battle with FBI agents.,The correct answer to the question 'Who killed Filiberto Ojeda Ríos?' is: FBI agents,0.525622538962321,"The actual output states that Filiberto Ojeda Ríos died in a gun battle with FBI agents, which aligns with the expected output that identifies FBI agents as the ones responsible for his death. However, the actual output does not explicitly answer the question posed in the expected output, which diminishes its clarity. While the retrieval context provides additional relevant details about the incident, it does not enhance the core truth of the answer, leading to a moderate score."
How many women are members of the Sweet Adelines?,"Nearly 25,000 women.","The correct answer to the question 'How many women are members of the Sweet Adelines?' is: nearly 25,000",0.7898257854335503,"The actual output correctly identifies the core truth regarding the number of women members of the Sweet Adelines, stating 'nearly 25,000'. However, it lacks the clarity and completeness of the expected output, which explicitly states the context of the question and provides a full sentence. While the core truth is present, the response could be improved by including the question for better understanding."
What historian was quoted as saying that London had all the necessary characteristics to be a major capital city?,Frank Stenton.,The correct answer to the question 'What historian was quoted as saying that London had all the necessary characteristics to be a major capital city?' is: Frank Stenton,0.8295716962448475,"The actual output correctly identifies Frank Stenton as the historian quoted, which aligns with the core truth of the expected output. However, it lacks the additional context provided in the expected output, such as the phrasing of the question and the explicit statement that this is the correct answer. While the response is accurate, it could be improved by including more detail to enhance clarity and completeness."
What interstate highways cross the Grand Division in Tennessee?,"Interstate highways crossing the Grand Division in Tennessee include I-24, I-81, I-40, I-75, and I-26.","The correct answer to the question 'What interstate highways cross the Grand Division in Tennessee?' is: I-24, I-81, I-40, I-75, and I-26",0.9660347547173416,"The actual output accurately lists the interstate highways that cross the Grand Division in Tennessee, matching the expected output perfectly. It includes all the highways mentioned in the expected response without omitting any details, thus fulfilling the core truth of the question. Additionally, the output does not detract from the core truth and remains focused on the relevant information."
Who is an example of a major anti-piracy organization?,BSA (Business Software Alliance).,The correct answer to the question 'Who is an example of a major anti-piracy organization?' is: the BSA,0.5884004629138812,"The actual output identifies the BSA as a major anti-piracy organization, which aligns with the expected output. However, it lacks the complete phrasing and context provided in the expected output, which explicitly states the question and the answer format. While the core truth is present, the response could benefit from additional context from the retrieval context to enhance understanding and relevance."
Which regime did Güshi Khan help establish? ,Güshi Khan helped establish the Ganden Phodrang regime.,The correct answer to the question 'Which regime did Güshi Khan help establish? ' is: the Ganden Phodrang,0.7933989597647157,"The actual output correctly identifies the Ganden Phodrang regime as the one established by Güshi Khan, aligning well with the expected output. However, it lacks the explicit phrasing of the question and the structured format of the expected answer, which diminishes clarity. While it provides a correct answer, it does not include additional relevant details from the retrieval context that could enhance understanding of Güshi Khan's role, which would have made the response more comprehensive."
What language is the source of the term Catellain?,French,The correct answer to the question 'What language is the source of the term Catellain?' is: French,0.6296839258462005,"The actual output correctly identifies 'French' as the answer to the question, aligning with the core truth of the expected output. However, it lacks the additional context provided in the expected output, which explicitly states the question and the phrasing of the answer. This omission detracts from the completeness and clarity of the response, as it does not fully articulate the relationship between the question and the answer."
What type of tradition includes ceremonial music used in funerals?,Folk traditions.,The correct answer to the question 'What type of tradition includes ceremonial music used in funerals?' is: folk,0.4994739733987011,"The actual output 'Folk traditions' partially captures the core truth of the expected output, which specifies 'folk' as the answer to the question about ceremonial music used in funerals. However, it lacks the clarity and completeness of the expected output, which explicitly states the context of the question and the answer. The retrieval context provides relevant details about folk traditions and their connection to funerals, but the actual output does not effectively utilize this information to enhance understanding."
What was another requirement of foreign players?,Foreign players must have played for their country in at least 75% of competitive matches available for selection and the country must be ranked at least 70th in FIFA rankings.,The correct answer to the question 'What was another requirement of foreign players?' is: his country must have averaged at least 70th place in the official FIFA world rankings over the previous two years.,0.5231443401804545,"The actual output correctly identifies one of the requirements for foreign players, specifically the 75% participation in competitive matches. However, it fails to accurately represent the expected output's requirement regarding the FIFA ranking, which specifies an average ranking over the previous two years rather than a current ranking. This discrepancy affects the alignment with the core truth of the expected output."
What converts absorbed light energy into an electric current?,A P-N junction converts absorbed light energy into an electric current.,The correct answer to the question 'What converts absorbed light energy into an electric current?' is: P-N junction,0.8048141285044297,"The actual output correctly identifies that a P-N junction converts absorbed light energy into an electric current, which aligns with the core truth of the expected output. However, while it provides additional context about the P-N junction's functionality, it does not explicitly state that the P-N junction is the answer to the question posed, which is a key element of the expected output. The additional details enhance understanding but slightly detract from the directness of the response."
﻿Why is zinc oxide used in nuclear reactors?,"Zinc oxide is used in nuclear reactors as an anti-corrosion agent, specifically depleted of the isotope 64Zn to minimize the production of radioactive 65Zn from neutron activation.",The correct answer to the question 'Why is zinc oxide used in nuclear reactors?' is: anti-corrosion agent,0.6954870459472002,"The actual output correctly identifies zinc oxide as an anti-corrosion agent, which aligns with the core truth of the expected output. However, it includes additional details about the depletion of the isotope 64Zn and its implications, which, while relevant, may detract from the simplicity of the core message. The extra information enhances understanding of the context but could confuse someone looking for a straightforward answer."
When did Napoleon Bonaparte gain power as the First Consul?,Napoleon Bonaparte gained power as First Consul on 9 November 1799.,The correct answer to the question 'When did Napoleon Bonaparte gain power as the First Consul?' is: 9 November 1799,0.8894328961455054,"The actual output correctly identifies the date when Napoleon Bonaparte gained power as First Consul, directly addressing the core truth of the expected output. It provides the essential information succinctly, although it lacks the explicit framing of the answer as a response to the question posed, which is present in the expected output. The retrieval context offers additional relevant details about Napoleon's rise to power, enhancing understanding, but the actual output remains focused on the specific question asked."
How was the 2008 stimulus plan payed for?,The 2008 stimulus plan was financed by city bonds and funded through about 15% of the wagering tax.,The correct answer to the question 'How was the 2008 stimulus plan payed for?' is: earmarking about 15% of the wagering tax,0.7032504975830883,"The actual output correctly identifies that the 2008 stimulus plan was financed by city bonds and funded through about 15% of the wagering tax, which aligns with the core truth of the expected output. However, it lacks the specific phrasing of 'earmarking about 15% of the wagering tax' as stated in the expected output, which slightly detracts from its accuracy. The retrieval context provides relevant details about the stimulus plan, but the actual output could have better emphasized the earmarking aspect to fully align with the expected response."
How prevalent is Principia Mathematica today?,Principia Mathematica is held by nearly every major academic library worldwide.,The correct answer to the question 'How prevalent is Principia Mathematica today?' is: today there is likely no major academic library in the world which does not hold a copy of Principia Mathematica,0.8224377428666196,"The actual output accurately conveys the core truth that Principia Mathematica is widely held by major academic libraries, aligning well with the expected output's assertion. However, it lacks the explicit phrasing 'there is likely no major academic library in the world which does not hold a copy,' which would have strengthened the alignment. The retrieval context provides additional relevant details about the book's significance and historical context, enhancing the overall understanding without detracting from the core truth."
About how many cultural and artistic organizations are in New York City?,"More than 2,000 arts and cultural organizations.","The correct answer to the question 'About how many cultural and artistic organizations are in New York City?' is: 2,000",0.7742943695427524,"The actual output correctly identifies that New York City has more than 2,000 arts and cultural organizations, which aligns with the expected output's core truth of providing a numerical estimate. However, the phrasing 'more than 2,000' is less precise than the expected output's '2,000', which could lead to ambiguity. The retrieval context supports the actual output by providing additional relevant details about the cultural landscape of New York City, enhancing the understanding of the arts scene without detracting from the core truth."
What Seven Wonder of the Ancient world was built by the Archaemenid Empire in the 4th Century BC?,The Mausoleum at Halicarnassus.,The correct answer to the question 'What Seven Wonder of the Ancient world was built by the Archaemenid Empire in the 4th Century BC?' is: the Mausoleum at Halicarnassus,0.7849973184604659,"The actual output correctly identifies the Mausoleum at Halicarnassus as the answer to the question, aligning with the core truth of the expected output. However, it lacks the additional context provided in the expected output, such as the phrasing of the question and the specific mention of the Archaemenid Empire and the 4th Century BC, which would enhance clarity and completeness. While the core question is answered correctly, the response could be more comprehensive."
As of May 2010 how many total video views had youtube attained?,Over 14 billion video views.,The correct answer to the question 'As of May 2010 how many total video views had youtube attained?' is: 14 billion,0.524099236181721,"The actual output mentions 'Over 14 billion video views,' which aligns with the core truth of the expected output regarding YouTube's total views as of May 2010. However, it lacks the specificity of stating '14 billion' directly as required in the expected output. While it conveys a similar message, it does not fully articulate the answer to the question posed, and it does not include the context of the question itself, which diminishes its effectiveness."
What act was the bureau initially tasked with enforcing?,"The bureau was initially tasked with enforcing the ""White Slave Traffic Act,"" or Mann Act.",The correct answer to the question 'What act was the bureau initially tasked with enforcing?' is: White Slave Traffic Act,0.8165734829025224,"The actual output correctly identifies the 'White Slave Traffic Act' as the act the bureau was initially tasked with enforcing, which aligns with the expected output. However, it includes additional context about the Mann Act and the bureau's history, which, while informative, slightly diverges from the simplicity of the expected answer. Overall, the core truth is present and accurately represented."
When was the quantum mechanical treatment of the hydrogen atom developed?,Mid-1920s.,The correct answer to the question 'When was the quantum mechanical treatment of the hydrogen atom developed?' is: 1920s,0.7344664213096443,"The actual output correctly identifies the time period as 'Mid-1920s', which aligns with the expected output's reference to the '1920s'. However, it lacks the explicit context of the question regarding the quantum mechanical treatment of the hydrogen atom, which is crucial for clarity. While it provides a correct timeframe, it does not fully articulate the core truth of the expected output, which is to directly answer the question posed."
"What other date is 25 October known for, that keeps the Battle of Agincourt on 25 October,1415?",Saint Crispin's Day.,"The correct answer to the question 'What other date is 25 October known for, that keeps the Battle of Agincourt on 25 October,1415?' is: Saint Crispin's Day",0.9655884993055832,"The actual output 'Saint Crispin's Day' accurately reflects the core truth of the expected output, which identifies this date as significant in relation to the Battle of Agincourt. The retrieval context further supports this by confirming the historical association of the date with the battle, enhancing the understanding without detracting from the core truth."
﻿"In 1960 what group made up 16.45% of Tennessee's population?",African Americans.,"The correct answer to the question 'In 1960, what group made up 16.45% of Tennessee's population?' is: African Americans",0.8924037406221427,"The actual output correctly identifies 'African Americans' as the group that made up 16.45% of Tennessee's population in 1960, aligning well with the expected output. While it lacks the introductory phrase present in the expected output, it still conveys the core truth effectively. The retrieval context provides additional relevant historical details that enhance understanding without detracting from the main answer."
"Which book of literature standards suggests capitalizing the first word and all nouns, pronouns, adjectives, verbs, and adverbs?",R. M. Ritter's Oxford Manual of Style (2002) suggests this capitalization standard.,"The correct answer to the question 'Which book of literature standards suggests capitalizing the first word and all nouns, pronouns, adjectives, verbs, and adverbs?' is: R. M. Ritter's Oxford Manual of Style",0.7699598856233633,"The actual output correctly identifies R. M. Ritter's Oxford Manual of Style as the source for the capitalization standard, which aligns with the core truth of the expected output. However, it lacks the explicit phrasing of the question and the complete answer format requested in the expected output, which diminishes its clarity. The additional context about the capitalization standard is relevant and informative, enhancing the response without deviating from the core truth."
Where did Kerry earn his 2nd Purple Heart?,Kerry earned his 2nd Purple Heart on the Bồ Đề River.,The correct answer to the question 'Where did Kerry earn his 2nd Purple Heart?' is: on the Bồ Đề River,0.8448047142610186,"The actual output correctly identifies the location where Kerry earned his 2nd Purple Heart, aligning with the core truth of the expected output. However, it lacks the explicit phrasing 'The correct answer to the question...' which would enhance clarity and formality. The additional context about the circumstances of the injury on the Bồ Đề River is relevant and informative, providing a deeper understanding without detracting from the core truth."
What is the Western Front?,"The Western Front is a significant feature in north-central Montana, part of the Rocky Mountains.","The correct answer to the question 'What is the Western Front?' is: a system of opposing manned trenches and fortifications (separated by a ""No man's land"") running from the North Sea to the border of Switzerland.",0.1388060249541596,"The actual output provides a geographical description of the Western Front in Montana, which is not aligned with the expected output that defines the Western Front as a system of trenches in World War I. While the actual output is factually correct regarding its geographical context, it fails to address the core truth of the expected output, which is focused on military history rather than geography."
How many travelers pass through Waterloo station yearly?,Over 184 million.,The correct answer to the question 'How many travelers pass through Waterloo station yearly?' is: over 184 million,0.8776071759054387,"The actual output correctly identifies the core truth of the expected output by stating 'Over 184 million', which aligns with the expected answer regarding the number of travelers passing through Waterloo station yearly. However, it lacks the explicit phrasing 'The correct answer to the question...' found in the expected output, which would enhance clarity and completeness. Overall, the core truth is present and accurately represented."
Prince Alexander was the second son of whom? ,Prince Alexander was the second son of Vladimir the Great.,The correct answer to the question 'Prince Alexander was the second son of whom? ' is: Prince of Orange,0.09203975980300019,"The actual output states that Prince Alexander was the second son of Vladimir the Great, which does not address the expected output that identifies him as the 'Prince of Orange.' The core truth of the expected output is not present in the actual output, and there is no relevant context provided that connects the two statements. Therefore, the response fails to align with the evaluation steps."
What percentage accounts for the total number people living in Hiiumaa that are ethnic Estonians?,98.4%,The correct answer to the question 'What percentage accounts for the total number people living in Hiiumaa that are ethnic Estonians?' is: 98.4%,1.0,"The actual output of 98.4% directly answers the question posed in the expected output, confirming the core truth that this percentage represents the total number of ethnic Estonians in Hiiumaa. Additionally, the retrieval context supports this answer by providing relevant background information about the ethnic composition of Estonia, enhancing understanding without detracting from the core truth."
What year did rebecca host the match? ,The provided information does not mention a host named Rebecca or any specific match associated with her.,The correct answer to the question 'What year did rebecca host the match? ' is: for the 2010–11 to 2012–13 season,0.2194507050024091,"The actual output correctly identifies that there is no mention of a host named Rebecca, which aligns with the core truth of the expected output. However, it fails to provide the specific year or season associated with Rebecca hosting the match, which is crucial information from the expected output. The response lacks comprehensiveness and does not enhance understanding of the core truth, as it does not address the time frame of the hosting season."
What made digimon different from similar digital pets?,"Digimon allowed battles, evolution (Digivolution), and had a narrative involving human partnerships, unlike other digital pets focused mainly on care.",The correct answer to the question 'What made digimon different from similar digital pets?' is: being more difficult and being able to fight other Digimon v-pets,0.5449826961729719,"The actual output identifies some key differences between Digimon and other digital pets, such as battles and evolution, which aligns with the expected output's focus on difficulty and fighting. However, it lacks a direct mention of the 'being more difficult' aspect, which is crucial to the core truth. While it provides relevant context about human partnerships, it does not enhance the understanding of the core truth as effectively as it could, leading to a moderate score."
What type of wood did Edison use in his improved filament?,Edison used carbonized bamboo for his improved filament.,The correct answer to the question 'What type of wood did Edison use in his improved filament?' is: bamboo,0.6223890500497524,"The actual output correctly identifies that Edison used bamboo for his filament, which aligns with the core truth of the expected output. However, it lacks the explicit mention of the question being answered ('What type of wood did Edison use in his improved filament?'), which diminishes clarity. While the additional detail about carbonized bamboo is relevant, it could be seen as slightly detracting from the simplicity of the expected answer, which is just 'bamboo'. Overall, the response is informative but could be more directly aligned with the expected output."
﻿"Dutch people didn't have an officially established word for the ""Dutch"" language until what century?",The 16th century.,"The correct answer to the question 'Dutch people didn't have an officially established word for the ""Dutch"" language until what century?' is: 19th",0.12946456793466116,"The actual output states 'The 16th century,' which is incorrect as it does not answer the question about when the Dutch language was officially named, which is the 19th century according to the expected output. While the retrieval context provides relevant historical information about the evolution of the term 'Dutch,' it does not support the actual output's claim. The core truth is not accurately represented, leading to a low score."
Who calculated the Global Value Development Index?,The Global Value Development Index is calculated by the United Nations Development Program (UNDP).,The correct answer to the question 'Who calculated the Global Value Development Index?' is: Arno Tausch,0.24126058870391226,"The actual output identifies the organization responsible for calculating the Global Value Development Index, which is relevant, but it fails to mention Arno Tausch, the individual specified in the expected output. While it provides some context about the UNDP, it does not address the core truth of who calculated the index, leading to a significant shortcoming in alignment with the evaluation steps."
Where did the MDNA Tour start?,"Tel Aviv, Israel.","The correct answer to the question 'Where did the MDNA Tour start?' is: Tel Aviv, Israel",0.7923810074686715,"The actual output correctly identifies Tel Aviv, Israel as the starting location of the MDNA Tour, which aligns with the core truth of the expected output. However, it lacks the additional context provided in the expected output, such as the phrasing of the question and the explicit statement that this is the correct answer. While the core truth is present, the absence of these details slightly detracts from the completeness of the response."
A stepper system's motor is relied on to not do what?,"A stepper system's motor is relied on not to ""miss steps.""",The correct answer to the question 'A stepper system's motor is relied on to not do what?' is: miss steps,0.7654502469982825,"The actual output correctly identifies the core truth that a stepper system's motor is relied on not to 'miss steps,' which aligns with the expected output. However, while it succinctly answers the question, it lacks the explicit phrasing of the expected output, which could enhance clarity. The additional context provided in the retrieval context is relevant but not utilized in the actual output, which could have made the response more comprehensive."
"What forces measurement attempts to choose between trade-offs, in quanta?",The uncertainty principle forces measurement attempts to choose between trade-offs in quanta.,"The correct answer to the question 'What forces measurement attempts to choose between trade-offs, in quanta?' is: either-or nature of uncertainty",0.5265112314593635,"The actual output identifies the uncertainty principle as the factor influencing measurement trade-offs, which aligns with the core truth of the expected output. However, it lacks the specific phrasing 'either-or nature of uncertainty' found in the expected output, which diminishes its alignment. While it provides relevant context about the nature of uncertainty, it does not fully encapsulate the expected answer, leading to a moderate score."
Do shift values for symbols on modern keyboards correspond closely to the ASCII table?,"Yes, shift values for symbols on modern keyboards closely correspond to the ASCII table.",The correct answer to the question 'Do shift values for symbols on modern keyboards correspond closely to the ASCII table?' is: do not correspond as closely,0.057685304916306836,"The actual output incorrectly states that shift values for symbols on modern keyboards closely correspond to the ASCII table, which directly contradicts the expected output that asserts they do not correspond closely. This fundamental misalignment with the core truth of the expected output results in a score of zero."
In 1678 what was  the new name of the Northern part of New Haven?,Hamden.,The correct answer to the question 'In 1678 what was  the new name of the Northern part of New Haven?' is: Hamden,0.8,"The actual output correctly identifies 'Hamden' as the answer to the question regarding the new name of the Northern part of New Haven in 1678, which aligns with the core truth of the expected output. However, it lacks the additional context provided in the expected output that explicitly states it is the correct answer to the question, which slightly diminishes its clarity. The retrieval context supports the answer but is not utilized in the actual output, which could have enhanced the response's comprehensiveness."
Is trird rail system being used exclusively with AC or DC ?,Third rail systems exclusively use DC.,The correct answer to the question 'Is trird rail system being used exclusively with AC or DC ?' is: DC distribution,0.7756865103523141,"The actual output correctly identifies that third rail systems exclusively use DC, which aligns with the core truth of the expected output. However, it lacks the explicit mention of the context of the question regarding AC or DC distribution, which is crucial for full alignment. The retrieval context provides relevant details about the technical aspects of third rail systems, enhancing understanding, but the actual output could have better articulated the connection to the expected output's phrasing."
What is the nickname given to A.C. Milan?,"A.C. Milan is nicknamed ""Rossoneri.""",The correct answer to the question 'What is the nickname given to A.C. Milan?' is: i rossoneri,0.5393204051193845,"The actual output correctly identifies A.C. Milan's nickname as 'Rossoneri,' which aligns with the expected output. However, it lacks the full context provided in the expected output, such as the phrasing 'The correct answer to the question...' and the Italian article 'i' before the nickname. While the core truth is present, the response could be improved by including this additional context to enhance clarity and completeness."
Queen's Crazy Little Thing Called Love was an ode to which singer?,Elvis Presley.,The correct answer to the question 'Queen's Crazy Little Thing Called Love was an ode to which singer?' is: Elvis Presley,0.7439021387845277,"The actual output correctly identifies Elvis Presley as the answer to the question, aligning with the core truth of the expected output. However, it lacks the additional context provided in the expected output, which explicitly states that this is the answer to the question about 'Queen's Crazy Little Thing Called Love.' While the response is accurate, it could be improved by including the phrasing from the expected output to enhance clarity and completeness."
﻿What industry did Kanye turn to after taking a break from recording music?,Fashion.,The correct answer to the question 'What industry did Kanye turn to after taking a break from recording music?' is: fashion,0.432702549622029,"The actual output provides the core truth that Kanye turned to fashion after a break from music, but it lacks the clarity and completeness of the expected output. The expected output explicitly states the question and provides a full sentence answer, while the actual output is overly brief and does not convey the context or significance of the transition to fashion. Additionally, it does not incorporate any relevant details from the retrieval context that could enhance understanding."
Which film studio from Denmark is older than Universal?,Nordisk Film.,The correct answer to the question 'Which film studio from Denmark is older than Universal?' is: Nordisk,0.4657668747075494,"The actual output correctly identifies 'Nordisk Film' as the answer, aligning with the core truth of the expected output. However, it lacks the additional context and clarity provided in the expected output, which explicitly states the question and the phrase 'is older than Universal.' This omission detracts from the completeness and understanding of the response."
What failure causes surges?,"Surges in glaciers are caused by the failure of underlying bedrock, pooling meltwater at the base, or accumulation of mass beyond a critical ""tipping point.""",The correct answer to the question 'What failure causes surges?' is: failure of the underlying bedrock,0.5301372131843368,"The actual output correctly identifies the failure of the underlying bedrock as a cause of glacier surges, which aligns with the core truth of the expected output. However, it includes additional details about other factors contributing to surges, such as pooling meltwater and mass accumulation, which, while relevant, detract from the simplicity of the expected answer. This additional information could confuse the core message, leading to a moderate score."
Which two nations has The Sun been very antagonistic towards?,France and Germany.,The correct answer to the question 'Which two nations has The Sun been very antagonistic towards?' is: French and Germans,0.5710656964492137,"The actual output identifies the two nations, France and Germany, which aligns with the expected output. However, it lacks the additional context that the expected output provides, such as the phrasing 'French and Germans' and the explicit mention of antagonism by The Sun. While the core truth is present, the response could be improved by including more detail to enhance understanding without detracting from the main message."
"Where was Kerry's boat on Dec 2-3, 1968?",Kerry's boat was near a peninsula north of Cam Ranh Bay.,"The correct answer to the question 'Where was Kerry's boat on Dec 2-3, 1968?' is: near a peninsula north of Cam Ranh Bay",0.9244313672370982,"The actual output accurately captures the core truth of the expected output by stating that Kerry's boat was near a peninsula north of Cam Ranh Bay. It directly answers the question regarding the location of Kerry's boat on the specified dates, aligning perfectly with the expected output. Additionally, the context provides relevant details about the events surrounding that time, enhancing the understanding without detracting from the core message."
Where in Houston is the University of Houston campus located?,The University of Houston campus is located in southeast Houston.,The correct answer to the question 'Where in Houston is the University of Houston campus located?' is: southeast,0.5979436481746837,"The actual output correctly identifies the location of the University of Houston campus as 'southeast Houston,' which aligns with the core truth of the expected output. However, it does not explicitly state that 'southeast' is the answer to the question posed, which is a key element of the expected output. While the additional context about the campus being in southeast Houston is relevant, it does not enhance the understanding of the core message as it could have been more concise."
How often are pigeons able to breed for the consumption process ?,Pigeons can produce two squabs every four weeks during a breeding season lasting several months.,The correct answer to the question 'How often are pigeons able to breed for the consumption process ?' is: a prolific pair should produce two squabs every four weeks during a breeding season lasting several months,0.8088750036970082,"The actual output correctly conveys the core truth that a prolific pair of pigeons can produce two squabs every four weeks during a breeding season lasting several months, which aligns well with the expected output. However, it lacks the explicit mention of the context of breeding for consumption, which is a key aspect of the expected output. While the information is accurate and relevant, the absence of the specific phrasing regarding breeding for consumption slightly detracts from its completeness."
To whom did Napoleon send a letter detailing his plans for the campaign with Prussia?,Napoleon sent a letter to General Pierre Augereau.,The correct answer to the question 'To whom did Napoleon send a letter detailing his plans for the campaign with Prussia?' is: Marshal Soult,0.16288195612133735,"The actual output identifies a recipient of a letter from Napoleon, but it incorrectly states General Pierre Augereau instead of the expected Marshal Soult. This indicates a failure to capture the core truth of the expected output. While the response is relevant to the context of Napoleon's communications, it does not provide the correct answer to the specific question posed."
Who was set up as Patriarch of Kiev and all Ukraine on the 18th of November?,"Mstyslav was set up as Patriarch of Kiev and all Ukraine on November 18, 1990.",The correct answer to the question 'Who was set up as Patriarch of Kiev and all Ukraine on the 18th of November?' is: Mstyslav,0.8009300907311662,"The actual output correctly identifies Mstyslav as the Patriarch of Kiev and all Ukraine on the specified date, aligning well with the core truth of the expected output. However, it lacks the explicit phrasing of the question and the format of the expected output, which could enhance clarity. The additional context about the enthronement ceremony adds relevant detail without detracting from the core answer."
Which musical artist suggested Queen release Another One Bites the Dust as a single?,"Michael Jackson suggested Queen release ""Another One Bites the Dust"" as a single.",The correct answer to the question 'Which musical artist suggested Queen release Another One Bites the Dust as a single?' is: Michael Jackson,0.7782054735824395,"The actual output correctly identifies Michael Jackson as the artist who suggested Queen release 'Another One Bites the Dust' as a single, aligning well with the core truth of the expected output. However, it lacks the explicit phrasing of the question and the structured format of the expected answer, which diminishes its clarity. The additional context about the suggestion being made backstage at a concert adds relevant detail without detracting from the core truth."
﻿What did Lee Walker recruit members to Dell for?,Lee Walker recruited members to the board of directors when Dell went public in 1988.,The correct answer to the question 'What did Lee Walker recruit members to Dell for?' is: board of directors,0.8046904632029248,"The actual output correctly identifies that Lee Walker recruited members to the board of directors, which aligns with the core truth of the expected output. However, while it provides additional context about the timing and role of Walker, it could be more concise by directly stating the answer without extra details. Overall, it effectively answers the question while maintaining relevance to the retrieval context."
When was Neptune first observed? ,Neptune was first observed on 23 September 1846.,The correct answer to the question 'When was Neptune first observed? ' is: 23 September 1846,0.8108552616448798,"The actual output correctly identifies the date of Neptune's first observation, which aligns with the expected output. However, it lacks the explicit framing of the answer as a response to the question posed, which diminishes its clarity. The retrieval context provides additional relevant details about Neptune's discovery, but these are not integrated into the actual output, which could enhance understanding."
"What did Microsoft change the tablet resolution requirements on March 12, 2013?","Microsoft changed the minimum tablet resolution requirement from 1366×768 to 1024×768 on March 12, 2013.","The correct answer to the question 'What did Microsoft change the tablet resolution requirements on March 12, 2013?' is: 1024×768",0.7707665884817827,"The actual output correctly identifies the new minimum tablet resolution of 1024×768, which aligns with the core truth of the expected output. However, it includes additional context about the change from 1366×768 and the date of the change, which, while relevant, slightly detracts from the simplicity of the expected answer. Overall, it provides a clear and accurate response, but the extra details could be seen as unnecessary for the specific question asked."
"What provision rewards ""whistle-blowers""?","The provision establishes a whistleblower office, offering protections and incentives for reporting misconduct.","The correct answer to the question 'What provision rewards ""whistle-blowers""?' is: qui tam",0.33051819423590045,"The actual output mentions the establishment of a whistleblower office and protections for reporting misconduct, which is somewhat related to the expected output about rewarding whistleblowers. However, it fails to directly address the core truth of the expected output, which specifically identifies 'qui tam' as the provision that rewards whistleblowers. The actual output lacks the precise terminology and does not enhance understanding of the expected answer."
"When founded by the Romans, what was the name they gave the city of London?",Londinium.,"The correct answer to the question 'When founded by the Romans, what was the name they gave the city of London?' is: Londinium",0.8427497242443094,"The actual output correctly identifies the name given to London by the Romans as 'Londinium', which aligns with the core truth of the expected output. However, it lacks the additional context provided in the expected output that explicitly states it is the answer to the question posed. While the actual output is concise, it could benefit from a more explicit connection to the question format, which would enhance clarity and completeness."
How does the online Windows installer know which version to install?,The online installer automatically installs the version corresponding to the architecture of the system's existing Windows installation.,The correct answer to the question 'How does the online Windows installer know which version to install?' is: automatically installs the version corresponding with the architecture of the system's existing Windows installation,0.9652513363551278,"The actual output accurately captures the core truth of the expected output by clearly stating that the online installer automatically installs the version corresponding to the architecture of the system's existing Windows installation. This aligns perfectly with the expected answer, confirming that the core truth is present and accurately represented. Additionally, the retrieval context provides relevant details about the architecture support of Windows 8, which enhances the understanding of the actual output without detracting from its clarity."
Where did Chopin and Sand move to in 1842?,Chopin and Sand moved to the Square d'Orléans in 1842.,The correct answer to the question 'Where did Chopin and Sand move to in 1842?' is: Square d'Orléans,0.9,"The actual output correctly identifies the location where Chopin and Sand moved in 1842, aligning well with the expected output. It clearly states 'Square d'Orléans', which is the core truth of the expected answer. The retrieval context provides additional relevant details about their relationship and circumstances, enhancing the understanding of the historical context without detracting from the main answer. However, the actual output could have been slightly more explicit in framing the answer as a response to the posed question."
During which year was Chihuahua declared free of enemy control?,1866,The correct answer to the question 'During which year was Chihuahua declared free of enemy control?' is: 1866,0.81652414448718,"The actual output provides the correct year, 1866, which aligns with the expected output's core truth. However, it lacks the contextual framing present in the expected output, which explicitly states the question and provides a complete sentence. While the core truth is present, the response could be improved by including a more comprehensive explanation or context to enhance understanding."
Between what years did the main engineering work on the port of Montevideo Bay take place?,1870 to 1930.,The correct answer to the question 'Between what years did the main engineering work on the port of Montevideo Bay take place?' is: 1870 and 1930,0.8128210177523456,"The actual output correctly identifies the years 1870 to 1930 as the period of main engineering work on the port of Montevideo Bay, aligning well with the expected output. However, it lacks the explicit phrasing found in the expected output, which states 'The correct answer to the question... is: 1870 and 1930.' This omission slightly detracts from the clarity and completeness of the response. The retrieval context provides relevant background information about the port, enhancing understanding, but the actual output could have benefited from a more explicit connection to the question asked."
What did Koch call the ineffective treatment for TB he came up with in 1890?,"Koch called it ""tuberculin.""",The correct answer to the question 'What did Koch call the ineffective treatment for TB he came up with in 1890?' is: tuberculin,0.776399742909659,"The actual output correctly identifies 'tuberculin' as the term Koch used for the ineffective treatment for TB, which aligns with the core truth of the expected output. However, it lacks the explicit framing of the answer as a response to the specific question posed, which diminishes its clarity. The retrieval context provides additional relevant information about Koch and the historical significance of tuberculin, which enhances understanding but is not directly reflected in the output itself."
﻿Did changes move along at a uniform pace for the Burmese people?,"No, changes did not move at a uniform pace; there were significant variations, particularly due to military influence, ethnic disparities, and colonial legacies.",The correct answer to the question 'Did changes move along at a uniform pace for the Burmese people?' is: pace of reforms were uneven and ultimately proved insufficient,0.5660434903252453,"The actual output identifies that changes did not move at a uniform pace, which aligns with the core truth of the expected output regarding uneven reforms. However, it lacks the specific phrasing of 'insufficient' and does not directly address the question posed, which diminishes its effectiveness. The retrieval context provides relevant historical details that could enhance the understanding of the uneven pace of reforms, but these are not integrated into the actual output."
What office did Western emperor Gratian decline?,Pontifex maximus.,The correct answer to the question 'What office did Western emperor Gratian decline?' is: pontifex maximus,0.9710784763521112,"The actual output correctly identifies 'pontifex maximus' as the answer to the question regarding the office declined by Western emperor Gratian, which aligns perfectly with the expected output. The core truth is clearly articulated and accurately represented without any extraneous information, fulfilling the evaluation criteria effectively."
What English musician did Kanye cite as one of his biggest inspirations?,David Bowie.,The correct answer to the question 'What English musician did Kanye cite as one of his biggest inspirations?' is: David Bowie,0.7869590707449468,"The actual output correctly identifies David Bowie as the musician cited by Kanye West, aligning with the expected output. However, it lacks the additional context provided in the expected output, which explicitly states the question being answered. While the core truth is present, the response could be improved by including the context of the question to enhance clarity."
What is insufficient to establish a direct origin from ancient festivals to Carnival?,Evidence.,The correct answer to the question 'What is insufficient to establish a direct origin from ancient festivals to Carnival?' is: evidence,0.8127377605450734,"The actual output correctly identifies 'evidence' as the answer to the question posed, aligning with the expected output. However, it lacks additional context or explanation that could enhance understanding of why 'evidence' is insufficient to establish a direct origin from ancient festivals to Carnival, which is present in the retrieval context. Including a brief mention of the reasoning behind this conclusion would have strengthened the response."
What region did the Tumed Mongols move into?,The Tumed Mongols moved into Tibet.,The correct answer to the question 'What region did the Tumed Mongols move into?' is: the Kokonor region,0.23550333761236414,"The actual output mentions that the Tumed Mongols moved into Tibet, which is partially relevant but does not accurately reflect the expected output that specifies the Kokonor region. The core truth of the expected output is not clearly articulated in the actual output, leading to a significant misalignment. Additionally, the retrieval context provides historical details about Mongol interactions with Tibet but does not enhance the actual output's relevance to the expected answer."
What is used to produce the metal zinc?,"Zinc metal is produced using extractive metallurgy, which includes grinding the ore, froth flotation, roasting, and electrowinning.",The correct answer to the question 'What is used to produce the metal zinc?' is: extractive metallurgy.,0.6439032793817617,"The actual output correctly identifies that zinc metal is produced using extractive metallurgy, which aligns with the core truth of the expected output. However, it provides excessive detail about the processes involved (grinding, froth flotation, roasting, and electrowinning) that, while relevant, detracts from the simplicity of the expected answer. The expected output succinctly states 'extractive metallurgy' as the answer, which is not as clearly articulated in the actual output."
What political structure did Vietnam have?,"Vietnam had a communist political structure, particularly after reunification in 1975, under the leadership of the Communist Party of Vietnam.",The correct answer to the question 'What political structure did Vietnam have?' is: communist,0.776817958410201,"The actual output correctly identifies Vietnam's political structure as communist, which aligns with the core truth of the expected output. It provides additional context about the political structure post-reunification in 1975 and the leadership of the Communist Party, enhancing the response without deviating from the core question. However, the expected output is more concise, and while the extra details are relevant, they may not be necessary for a straightforward answer."
What search engine was added in Windows 8.1?,Bing.,The correct answer to the question 'What search engine was added in Windows 8.1?' is: Bing-based unified search system,0.24989520651951835,"The actual output 'Bing.' does not clearly articulate the core truth of the expected output, which specifies 'Bing-based unified search system.' While it mentions Bing, it fails to provide the necessary context or detail about the unified search system, leading to a significant lack of alignment with the expected output. The retrieval context contains relevant information about the search system, but it is not utilized in the actual output."
Who expanded on Avicenna's work in temporal logic?,Najm al-Dīn al-Qazwīnī al-Kātibī expanded on Avicenna's work in temporal logic.,The correct answer to the question 'Who expanded on Avicenna's work in temporal logic?' is: Najm al-Dīn al-Qazwīnī al-Kātibī,0.7911249960892929,"The actual output correctly identifies Najm al-Dīn al-Qazwīnī al-Kātibī as the individual who expanded on Avicenna's work in temporal logic, aligning well with the core truth of the expected output. However, it lacks the explicit framing of the answer as a response to the question posed, which slightly detracts from clarity. The retrieval context provides relevant background on Avicenna's contributions, but the actual output does not incorporate any of this additional context, which could enhance understanding of the significance of al-Qazwīnī's work."
What affects the climate in Europe? ,"Climate in Europe is affected by the Mediterranean climate, the Alps' elevation and rain shadow effect, prevailing winds, and the geographical features of regions like Greece and Portugal.",The correct answer to the question 'What affects the climate in Europe? ' is: The altitude and size of the range,0.3844265021021295,"The actual output identifies several factors affecting the climate in Europe, such as the Mediterranean climate and the Alps' elevation, which partially aligns with the expected output's focus on altitude. However, it lacks a clear articulation of the core truth that the altitude and size of the range are the primary influences, leading to a less direct answer. Additionally, while the output includes relevant details from the retrieval context, it does not enhance the understanding of the core message effectively."
﻿What is raised locally for the domestic market?,"Food crops such as cassava, peanuts, maize, sorghum, millet, sesame, and plantain are raised locally for the domestic market.",The correct answer to the question 'What is raised locally for the domestic market?' is: opium poppy,0.06426061117137302,"The actual output lists various food crops raised locally for the domestic market, which is unrelated to the expected output that specifies opium poppy. While the actual output provides information about local agriculture, it fails to address the specific question posed in the expected output, demonstrating a significant misalignment with the core truth."
From what period do researchers believe that the oldest known full-body impression of a flying insect originates?,Carboniferous period.,The correct answer to the question 'From what period do researchers believe that the oldest known full-body impression of a flying insect originates?' is: Carboniferous,0.49229581781612025,"The actual output correctly identifies the Carboniferous period, which aligns with the core truth of the expected output. However, it lacks the context and clarity provided in the expected output, which explicitly states the question and the answer format. While the core truth is present, the response does not enhance understanding with additional relevant details from the retrieval context, making it less informative."
What kind of books did housebuilders use?,Housebuilders used pattern books and architectural journals.,The correct answer to the question 'What kind of books did housebuilders use?' is: pattern books and architectural journals,0.8175854340151298,"The actual output correctly identifies the core truth by stating that housebuilders used pattern books and architectural journals, which aligns with the expected output. It also provides relevant context from the retrieval information, emphasizing the use of these resources in architectural design. However, it could have been more comprehensive by briefly explaining how these resources influenced housebuilding, which would enhance the detail beyond the expected output."
How much energy does an HVAC system use in residential locations?,HVAC systems account for nearly 50% (10.1 EJ/yr) of energy used in residential buildings.,The correct answer to the question 'How much energy does an HVAC system use in residential locations?' is: 50% (10.1 EJ/yr),0.8270955124761776,"The actual output accurately conveys the core truth regarding HVAC systems, stating that they account for nearly 50% of energy used in residential buildings, which aligns well with the expected output. However, it lacks the explicit framing of the answer to the question posed, which is a minor shortcoming. The additional detail about the energy amount (10.1 EJ/yr) is relevant and enhances understanding without detracting from the core message."
Which Greek dialect is barely spoken currently?,Cappadocian dialect.,The correct answer to the question 'Which Greek dialect is barely spoken currently?' is: Cappadocian,0.5971935395116026,"The actual output correctly identifies the Cappadocian dialect, which aligns with the expected output's core truth. However, it lacks the additional context and clarity provided in the expected output, such as explicitly stating that it is the answer to the question posed. While it is accurate, it does not fully articulate the answer in a comprehensive manner."
When was a church first founded at the site?,A church was first founded at the site in the 7th century.,The correct answer to the question 'When was a church first founded at the site?' is: 7th century,0.8654532853128684,"The actual output correctly identifies the founding of the church in the 7th century, which aligns with the core truth of the expected output. However, it lacks the explicit phrasing of 'the correct answer to the question' and does not directly restate the question, which slightly detracts from its clarity. The response is accurate and relevant, but could be improved by mirroring the expected output's structure more closely."
What is one problem with biomass?,"Direct combustion in cook stoves produces pollutants, leading to health and environmental issues.",The correct answer to the question 'What is one problem with biomass?' is: material directly combusted in cook stoves produces pollutants,0.760883182902597,"The actual output correctly identifies the core issue of pollutants produced by direct combustion in cook stoves, aligning well with the expected output. However, it lacks the explicit phrasing 'the correct answer to the question' and does not directly reference the question about biomass, which slightly detracts from its clarity as a response. The additional context about health and environmental issues enhances understanding but could be seen as somewhat extraneous to the core truth."
How many polychaete families are there?,The exact number of polychaete families is not specified in the provided information.,The correct answer to the question 'How many polychaete families are there?' is: approximately 80,0.31452160899330206,"The actual output acknowledges that the exact number of polychaete families is not specified, which aligns with the retrieval context that discusses the classification of polychaetes. However, it fails to provide the expected answer of approximately 80 families, which is the core truth of the expected output. While it does not mislead, it lacks the essential information needed to fully address the question."
 What was the name of the constitution drafted by Napoleon?,The Constitution of the Year VIII.,The correct answer to the question ' What was the name of the constitution drafted by Napoleon?' is: the Constitution of the Year VIII,0.73613979585895,"The actual output correctly identifies the Constitution of the Year VIII as the answer to the question about Napoleon's drafted constitution, aligning well with the expected output. However, it lacks the explicit phrasing of the expected output, which includes the question and the phrase 'the correct answer is'. While the core truth is present, the absence of this framing slightly detracts from clarity and completeness."
What album was Van Halen's commercial high point?,Van Halen's commercial high point was the album *1984*.,The correct answer to the question 'What album was Van Halen's commercial high point?' is: 1984,0.8150905007648414,"The actual output correctly identifies *1984* as Van Halen's commercial high point, aligning with the core truth of the expected output. However, it lacks the explicit phrasing of the expected output, which states the question and answer format. While the additional context about the album's significance is relevant, it could have been more concise to better match the expected output's clarity."
﻿What year did the crop economy change?,"The crop economy began to change significantly with the development of agriculture, transitioning from hunter-gatherer lifestyles to farming communities over several millennia. Specific economic shifts in the agricultural sector occurred in the late 20th century, particularly after the Soviet Union's dissolution in 1991.",The correct answer to the question 'What year did the crop economy change?' is: 1966,0.23683204957862883,"The actual output provides a historical overview of the crop economy's evolution but fails to directly answer the specific question regarding the year of change, which is 1966. While it includes relevant context about agricultural shifts, it does not align with the core truth of the expected output, which is a straightforward answer to a specific year."
What event sets the boundary for the Triassic?,The Permian–Triassic extinction event sets the boundary for the Triassic.,The correct answer to the question 'What event sets the boundary for the Triassic?' is: Permian–Triassic extinction,0.7694235541227203,"The actual output correctly identifies the Permian–Triassic extinction event as the boundary for the Triassic, aligning with the core truth of the expected output. However, it lacks the explicit phrasing of the question and the format of the expected answer, which diminishes its clarity. While it provides accurate information, it could be more comprehensive by including the context of the extinction event's significance, which is present in the retrieval context."
Who was the first European to see the Athabascan oil sands?,Henry Kelsey in 1719.,The correct answer to the question 'Who was the first European to see the Athabascan oil sands?' is: Alexander MacKenzie,0.1798207968415066,"The actual output incorrectly identifies Henry Kelsey as the first European to see the Athabascan oil sands, while the expected output correctly states that it was Alexander MacKenzie. The core truth of the expected output is not present in the actual output, leading to a significant misalignment. Although the retrieval context provides relevant historical details, they are not effectively utilized in the actual output to answer the question correctly."
In 1840 what did Saint Helena become?,"In 1840, Saint Helena was under the control of the East India Company (EIC).",The correct answer to the question 'In 1840 what did Saint Helena become?' is: a provisioning station,0.40218122987941507,"The actual output identifies that Saint Helena was under the control of the East India Company in 1840, which is relevant but does not directly answer the expected output regarding its status as a provisioning station. While it provides some context, it lacks the core truth of the expected output and does not include additional relevant details that would enhance understanding of the provisioning role."
What frequencies is associated with shorter wavelengths?,Higher frequencies are associated with shorter wavelengths.,The correct answer to the question 'What frequencies is associated with shorter wavelengths?' is: higher frequencies,0.7141833684177037,"The actual output correctly identifies the relationship between higher frequencies and shorter wavelengths, aligning with the core truth of the expected output. However, it lacks the explicit phrasing of the expected answer, which is 'higher frequencies' as a direct response to the question. While the additional context about wavelengths is relevant, it does not enhance the clarity of the core message as effectively as a more direct answer would."
What was the primary problem with early carbon filaments?,"Early carbon filaments had a negative temperature coefficient of resistance, causing them to be sensitive to voltage fluctuations, leading to increased power draw and heat, resulting in short lifespans.","The correct answer to the question 'What was the primary problem with early carbon filaments?' is: as they got hotter, their electrical resistance decreased",0.5916884507618597,"The actual output correctly identifies a key issue with early carbon filaments, specifically their negative temperature coefficient of resistance, which aligns with the expected output's mention of resistance decreasing as they got hotter. However, the actual output is more detailed and includes additional context about voltage fluctuations and power draw, which, while informative, diverges from the core truth of the expected output. This additional information, while relevant, detracts from the simplicity of the expected answer."
How many passengers travel by Palermo ferry annually?,Almost 2 million passengers annually.,The correct answer to the question 'How many passengers travel by Palermo ferry annually?' is: 2 million,0.7871625039755508,"The actual output conveys the core truth regarding the number of passengers traveling by the Palermo ferry annually, stating 'Almost 2 million passengers annually.' However, it lacks the explicit phrasing of '2 million' as found in the expected output, which would have strengthened the alignment. The response does not include additional relevant details from the retrieval context, but it does not detract from the core truth either, maintaining clarity in the information provided."
When does Nanjing expect to finish it's light rail line?,By 2030.,The correct answer to the question 'When does Nanjing expect to finish it's light rail line?' is: 2030,0.6005585618595801,"The actual output provides the year '2030', which aligns with the expected output's core truth regarding the completion of Nanjing's light rail line. However, it lacks the clarity and completeness of the expected output, which explicitly states the question and provides context. The retrieval context offers relevant details about Nanjing's transportation plans, but the actual output does not utilize this information to enhance understanding, resulting in a less informative response."
What kind of turnout did the Congolese Observatory of Human Rights experience in the 2009 elections?,"The Congolese Observatory of Human Rights reported ""very low"" turnout in the 2009 elections.",The correct answer to the question 'What kind of turnout did the Congolese Observatory of Human Rights experience in the 2009 elections?' is: very low,0.8166079064412315,"The actual output correctly identifies the core truth of the expected output by stating that the turnout was 'very low', which directly answers the question posed. However, it could have been slightly more concise by omitting the attribution to the Congolese Observatory of Human Rights, as the expected output does not include this detail. The additional context about the election being marked by 'fraud and irregularities' is relevant but not necessary for answering the core question, which slightly detracts from the focus."
What part of the province of Tarragona is Central Catalan spoken?,Central Catalan is spoken in the eastern half of the province of Tarragona.,The correct answer to the question 'What part of the province of Tarragona is Central Catalan spoken?' is: eastern half,0.802011762928809,"The actual output correctly identifies that Central Catalan is spoken in the eastern half of the province of Tarragona, which aligns with the core truth of the expected output. However, it lacks the explicit phrasing of the expected output, which directly states the answer to the question. While the additional context about Central Catalan being the standard pronunciation is relevant, it does not enhance the core message and could potentially distract from the main answer."
﻿Who uses swinging sticks or flags to drive game out?,The information provided does not mention anyone using swinging sticks or flags to drive the game out.,"The correct answer to the question 'Who uses swinging sticks or flags to drive game out?' is: ""beaters""",0.19046018928340055,"The actual output fails to identify the core truth of the expected output, which is that 'beaters' use swinging sticks or flags to drive the game out. Instead, it incorrectly states that no one is mentioned using such items, which does not address the question. While the retrieval context provides relevant information about football, it does not enhance the actual output's alignment with the expected answer."
Where is the American Theatre Company based?,"Tulsa, Oklahoma.",The correct answer to the question 'Where is the American Theatre Company based?' is: Tulsa,0.7924665445778281,"The actual output correctly identifies Tulsa, Oklahoma, as the location of the American Theatre Company, aligning well with the expected output. However, it lacks the explicit phrasing that connects it to the question asked, which diminishes clarity. While the core truth is present, additional context from the retrieval could have been utilized to enhance understanding without detracting from the main answer."
What caused a dramatic shift in Italian sentiment toward the war?,Bismarck's demand for the return of Alsace caused a dramatic shift in Italian sentiment toward the war.,The correct answer to the question 'What caused a dramatic shift in Italian sentiment toward the war?' is: Bismarck's demand for the return of Alsace,0.8436404595146054,"The actual output correctly identifies Bismarck's demand for the return of Alsace as the cause of the shift in Italian sentiment, aligning well with the expected output. However, while it provides relevant context about the sentiment in Italy and Garibaldi's reaction, it could be more concise and focused solely on the core truth without additional details that, while informative, may detract from the clarity of the main point."
What department initiated the emergency contingency plan?,The National Disaster Relief Commission initiated the emergency contingency plan.,The correct answer to the question 'What department initiated the emergency contingency plan?' is: National Disaster Relief Commission,0.8180012026164818,"The actual output correctly identifies the National Disaster Relief Commission as the entity that initiated the emergency contingency plan, aligning with the core truth of the expected output. It provides additional context by specifying that the plan was a 'Level II emergency contingency plan', which enhances the comprehensiveness of the response. However, it could have been slightly more detailed in explaining the significance of the plan or its implications, which would have further strengthened the response."
What modern technology takes the next step from the photophone?,Fiber-optic communication systems.,The correct answer to the question 'What modern technology takes the next step from the photophone?' is: fiber-optic communication,0.5562081143868162,"The actual output identifies 'fiber-optic communication systems' as the answer, which aligns with the core truth of the expected output. However, it lacks the full context and clarity provided in the expected output, which explicitly states the question and the answer format. While it correctly identifies the technology, it does not enhance understanding with additional relevant details from the retrieval context, which could have provided more background on the photophone's significance and its relation to fiber-optic technology."
What are polytechnics called in South Africa?,"In South Africa, polytechnics are called Technikons.",The correct answer to the question 'What are polytechnics called in South Africa?' is: Technikons,0.8158898231010147,"The actual output correctly identifies that polytechnics in South Africa are called Technikons, which aligns well with the expected output. However, it lacks the explicit phrasing of the expected answer format, which states 'The correct answer to the question...' This omission slightly detracts from the clarity of the response. The retrieval context provides relevant background information about the historical distinction between universities and Technikons in South Africa, which enhances understanding but is not directly necessary for answering the question."
"Other than the bit rate and the difficulty of the signal, what can also affect the quality of an MP3 file?",The quality of the encoder itself can also affect the quality of an MP3 file.,"The correct answer to the question 'Other than the bit rate and the difficulty of the signal, what can also affect the quality of an MP3 file?' is: quality of the encoder",0.689717812551192,"The actual output correctly identifies the quality of the encoder as a factor affecting MP3 quality, which aligns with the expected output. However, it lacks the explicit framing of the answer as a response to the specific question posed, which diminishes clarity. While it includes relevant information, it does not fully utilize the context provided to enhance understanding of the encoder's impact."
Who did Zant form a pact with?,Zant formed a pact with Ganondorf.,The correct answer to the question 'Who did Zant form a pact with?' is: Ganondorf,0.7988542312595999,"The actual output correctly identifies that Zant formed a pact with Ganondorf, which aligns with the core truth of the expected output. However, it lacks the explicit phrasing of the expected output, which states the answer in a more formal manner. While the actual output is accurate and relevant, it could be improved by mirroring the structure of the expected output for clarity."
What is the official title of Delhi's head of state?,Lieutenant Governor of the Union Territory of Delhi.,The correct answer to the question 'What is the official title of Delhi's head of state?' is: Lieutenant Governor of the Union Territory of Delhi,0.8344156630950478,"The actual output correctly identifies the title of Delhi's head of state as 'Lieutenant Governor of the Union Territory of Delhi', which aligns with the expected output. However, it lacks the introductory phrase present in the expected output, which explicitly states that this is the answer to the question posed. The retrieval context provides relevant background information about the role and structure of governance in Delhi, which could enhance understanding but is not directly reflected in the actual output."
What type of philosophy was essential to this forwarding of thought?,"Humanism was essential to the forwarding of thought in philosophy, particularly in transforming education and scholarship.",The correct answer to the question 'What type of philosophy was essential to this forwarding of thought?' is: Aristotelian,0.27054788486908243,"The actual output discusses the role of humanism in philosophy and education, which is somewhat relevant, but it fails to address the specific question about the type of philosophy essential to the forwarding of thought. The expected output clearly identifies 'Aristotelian' as the answer, which is missing in the actual output. While the actual output provides context about humanism, it does not enhance understanding of the core truth regarding Aristotelian philosophy."
﻿What was the topic of Reynolds v. U.S.?,The topic of Reynolds v. U.S. was the First Amendment's establishment of a separation between church and state.,The correct answer to the question 'What was the topic of Reynolds v. U.S.?' is: Mormon polygamy,0.2046904634982421,"The actual output incorrectly identifies the topic of Reynolds v. U.S. as related to the First Amendment's separation of church and state, rather than the correct focus on Mormon polygamy. While it touches on a relevant aspect of the case, it fails to articulate the core truth of the expected output, which is specifically about polygamy. The retrieval context does provide relevant historical details, but they do not enhance the actual output's accuracy regarding the topic."
In what year was the north-west pavilion turned into a swimming pool?,1938,The correct answer to the question 'In what year was the north-west pavilion turned into a swimming pool?' is: 1938,0.8,"The actual output provides the correct year, 1938, which aligns with the core truth of the expected output. However, it lacks the contextual framing present in the expected output, which explicitly states the question being answered. While the actual output is accurate, it could be improved by including the question for clarity."
What kind of aircraft are capable of taking off vertically?,VTOL (Vertical Takeoff and Landing) aircraft and helicopters are capable of taking off vertically.,The correct answer to the question 'What kind of aircraft are capable of taking off vertically?' is: STOVL,0.39249650614339165,"The actual output identifies VTOL aircraft and helicopters as capable of vertical takeoff, which is relevant but does not directly answer the expected output that specifies 'STOVL' as the correct answer. While the core truth of vertical takeoff capability is present, it lacks the specificity of the expected output and does not clearly articulate the distinction between STOVL and VTOL. Additionally, the retrieval context provides relevant information about STOVL, which could have been incorporated to enhance the response."
How did the United States treat Myanmar prior to the changes made in Burmese government ? ,"Prior to the changes, the United States imposed economic and military sanctions and maintained diplomatic isolation from Myanmar.",The correct answer to the question 'How did the United States treat Myanmar prior to the changes made in Burmese government ? ' is: years of diplomatic isolation and economic and military sanctions,0.7393174857926729,"The actual output correctly identifies the core truth of the expected output by mentioning 'economic and military sanctions' and 'diplomatic isolation.' However, it lacks the explicit phrasing 'years of' which is present in the expected output, making it slightly less precise. The additional context provided in the actual output enhances understanding but does not detract from the core truth."
What mercenaries were expelled after Isfahan's victory over Hamadan?,Tajik mercenaries.,The correct answer to the question 'What mercenaries were expelled after Isfahan's victory over Hamadan?' is: the Tajik,0.7878135583562641,"The actual output correctly identifies 'Tajik mercenaries' as the group expelled after Isfahan's victory over Hamadan, aligning with the core truth of the expected output. However, it lacks the additional context provided in the expected output, such as the phrasing of the question and the explicit mention of 'the Tajik' as the answer. While the response is accurate, it could be improved by including more detail to enhance clarity and completeness."
Do the people of London agree with this action?,The provided information does not include specific data or opinions regarding whether the people of London agree with any particular action.,The correct answer to the question 'Do the people of London agree with this action?' is: the move seen as both unfair to fans of teams located far from London,0.2525593615563399,"The actual output fails to address the core truth of the expected output, which states that the move is seen as unfair to fans of teams located far from London. While it correctly notes the absence of specific data or opinions, it does not provide any relevant context or details that would enhance understanding of the situation, thus lacking alignment with the evaluation steps."
When did Outcault's The Yellow Kid appear in newspapers?,The Yellow Kid appeared in newspapers between 1896 and 1901.,The correct answer to the question 'When did Outcault's The Yellow Kid appear in newspapers?' is: 1890s,0.2891400310835449,"The actual output provides a timeframe (1896 to 1901) for The Yellow Kid's appearance in newspapers, which is somewhat relevant but does not directly answer the expected output's question about the 1890s. The core truth of the expected output is not clearly articulated, and while the retrieval context offers some background on the comic's significance, it does not enhance the actual output's relevance to the question asked."
During the 2010 United States Census what percentage of Atlantic City's population was Hispanic or Latino?,41.6%,The correct answer to the question 'During the 2010 United States Census what percentage of Atlantic City's population was Hispanic or Latino?' is: 30.45%,0.18130301439114707,"The actual output of 41.6% does not match the expected output of 30.45%, which is the correct percentage of Hispanic or Latino individuals in Atlantic City during the 2010 Census. While the retrieval context provides relevant demographic information, it does not support the actual output, which is incorrect and does not align with the core truth of the expected output."
What feature does Southampton have plenty of that provides for water sports and yachting?,Southampton has several marinas for water sports and yachting.,The correct answer to the question 'What feature does Southampton have plenty of that provides for water sports and yachting?' is: marinas,0.7366374985831079,"The actual output correctly identifies 'marinas' as a feature of Southampton that supports water sports and yachting, aligning with the core truth of the expected output. However, it lacks the explicit phrasing of the expected answer and does not directly address the question format. The additional context about Southampton's marinas enhances understanding but does not significantly expand on the core answer."
What do groups with less power often find themselves?,Groups with less power often find themselves marginalized and excluded from mainstream social and political spheres. They may experience discrimination and have limited access to resources and opportunities.,The correct answer to the question 'What do groups with less power often find themselves?' is: excluded or oppressed,0.6235250976920172,"The actual output identifies key issues faced by marginalized groups, such as exclusion and discrimination, which aligns with the core truth of the expected output. However, it lacks the specific terms 'excluded or oppressed' that were highlighted in the expected output. While the actual output provides additional context about the challenges faced by these groups, it does not directly answer the question as succinctly as the expected output, which affects its overall alignment."
﻿What bible passage gave rise to certain a cappella attitudes?,"The Bible passage that influenced certain a cappella attitudes is likely Colossians 3:16, which emphasizes singing psalms, hymns, and spiritual songs without instrumental accompaniment.",The correct answer to the question 'What bible passage gave rise to certain a cappella attitudes?' is: Psalms 150,0.24207319972613756,"The actual output identifies a Bible passage (Colossians 3:16) related to a cappella attitudes, but it does not match the expected output (Psalms 150). While it provides some relevant context about a cappella music, it fails to directly answer the question posed, which significantly detracts from its alignment with the evaluation steps."
Sending a ship to the Black Sea violated the terms made during what agreement?,"Sending a ship to the Black Sea violated the terms of the Treaty of Paris, signed on 30 March 1856.",The correct answer to the question 'Sending a ship to the Black Sea violated the terms made during what agreement?' is: London Straits Convention,0.41670096989630273,"The actual output identifies a violation related to the Treaty of Paris, which is relevant to the question about the agreement. However, it fails to mention the London Straits Convention, which is the expected answer. While it provides some context about the treaty, it does not fully align with the core truth of the expected output, which specifically names the London Straits Convention as the correct agreement."
What can refer to the study of patterns in human cultures?,Anthropology.,The correct answer to the question 'What can refer to the study of patterns in human cultures?' is: Kinship,0.245036888279457,"The actual output 'Anthropology' does not address the expected output, which specifically identifies 'Kinship' as the answer to the question about the study of patterns in human cultures. While the retrieval context provides relevant information about anthropology and kinship, the actual output fails to convey the core truth of the expected answer, leading to a significant misalignment."
What was the first public hospital founded in the United States?,Bellevue Hospital.,The correct answer to the question 'What was the first public hospital founded in the United States?' is: Bellevue Hospital,0.7299168768209009,"The actual output correctly identifies Bellevue Hospital as the oldest public hospital in the United States, aligning with the core truth of the expected output. However, it lacks the introductory context that explicitly states it is the answer to the specific question posed, which slightly detracts from clarity. The retrieval context provides additional relevant details about Bellevue Hospital, enhancing understanding without misleading, but the actual output could have been more comprehensive by including the full expected phrasing."
What 5 criteria did neorealist use to determine great powers?,"1. Population and territory  2. Resource endowment  3. Economic capability  4. Political stability and competence  5. Military strength  ",The correct answer to the question 'What 5 criteria did neorealist use to determine great powers?' is: population and territory; resource endowment; economic capability; political stability and competence; and military strength,0.9302834712394568,"The actual output accurately lists the five criteria used by neorealists to determine great powers, which aligns well with the expected output. It presents the core truth clearly and concisely. While it does not include the introductory phrase from the expected output, the essential information is intact. The response could be slightly improved by incorporating a more explicit connection to the question asked, but overall, it is comprehensive and relevant."
Who controlled musical institutions before the 19th century?,Wealthy patrons.,The correct answer to the question 'Who controlled musical institutions before the 19th century?' is: wealthy patrons,0.7766315571464333,"The actual output correctly identifies 'wealthy patrons' as the answer to the question about who controlled musical institutions before the 19th century, aligning well with the expected output. However, it lacks the introductory phrase present in the expected output, which could enhance clarity and context. While the core truth is present, the absence of additional context or details from the retrieval context limits the depth of understanding."
What organization in the US government investigates the largest array of crimes?,Immigration and Customs Enforcement Homeland Security Investigations (ICE-HSI) investigates the largest array of crimes.,The correct answer to the question 'What organization in the US government investigates the largest array of crimes?' is: ICE-HSI,0.7933989585610498,"The actual output correctly identifies ICE-HSI as the organization that investigates the largest array of crimes, aligning with the core truth of the expected output. However, it lacks the explicit phrasing of the expected output, which directly states the answer to the question. While the additional context about ICE-HSI's investigative capabilities enhances understanding, it could have been more concise to match the expected format more closely."
How many credits were needed for an M.Sc. (Tech.) degree before the Bologna Process?,180 credits.,The correct answer to the question 'How many credits were needed for an M.Sc. (Tech.) degree before the Bologna Process?' is: 180,0.7873334006173913,"The actual output provides the correct numerical answer of '180 credits', which aligns with the core truth of the expected output. However, it lacks the contextual framing present in the expected output, which explicitly states the question being answered. While the core truth is present, the absence of the question diminishes the clarity and completeness of the response."
Which candidate finished in second place in the Georgia primary?,The information provided does not specify which candidate finished in second place in the Georgia primary.,The correct answer to the question 'Which candidate finished in second place in the Georgia primary?' is: Edwards,0.2024267872569589,"The actual output fails to provide the correct answer to the question about which candidate finished in second place in the Georgia primary, which is a critical aspect of the expected output. While it correctly notes the lack of specific information, it does not address the core truth that Edwards finished second, thus missing the essential detail required for alignment."
Which war did Albert serve in?,First World War.,The correct answer to the question 'Which war did Albert serve in?' is: First World War,0.7794960377349468,"The actual output correctly identifies the First World War as the war in which Albert served, aligning well with the expected output. However, it lacks the additional context provided in the retrieval context that could enhance understanding, such as details about Albert's service and actions during the war. Including such information would have strengthened the response further."
﻿What does the racial preferences debate indicate about universities and colleges?,"The racial preferences debate reveals that universities balance the pursuit of scholarly excellence and civic goals, questioning how to define their mission. It highlights differing views on the role of diversity in admissions and the impact of affirmative action on student outcomes and integration.",The correct answer to the question 'What does the racial preferences debate indicate about universities and colleges?' is: competing notions of the mission of colleges,0.6038237437790581,"The actual output captures the essence of the expected output by discussing the competing notions of university missions, which aligns with the core truth. However, it lacks the directness of the expected answer and introduces additional details that, while relevant, may distract from the main point. The response could be more concise to enhance clarity and focus on the core message."
In what war was France defeated by Prussia?,The Franco-Prussian War (1870-1871).,The correct answer to the question 'In what war was France defeated by Prussia?' is: Franco-Prussian War,0.7643540580827666,"The actual output correctly identifies the Franco-Prussian War as the conflict in which France was defeated by Prussia, aligning with the core truth of the expected output. However, it lacks the additional context provided in the expected output, such as the phrasing 'The correct answer to the question...' which enhances clarity. While the response is accurate, it could have included more detail to improve comprehensiveness without deviating from the core truth."
What is the principle of normalization of relations with Arab states?,"Normalization of relations with Arab states generally involves establishing diplomatic ties and cooperation with Israel, primarily based on peace treaties, security agreements, and economic partnerships. Egypt and Jordan are examples, having signed peace treaties in 1979 and 1994, respectively. However, normalization is often complicated by historical hostilities and public sentiment in many Arab nations that view Israel as an enemy.",The correct answer to the question 'What is the principle of normalization of relations with Arab states?' is: Land for peace,0.2778280144066866,"The actual output discusses the normalization of relations with Arab states, mentioning diplomatic ties and historical context, but it fails to address the core truth of the expected output, which is 'Land for peace.' While it provides relevant details about Egypt and Jordan's peace treaties, it does not directly answer the question posed, leading to a significant misalignment with the expected response."
What was the original goal of the Swiss military strategy?,The original goal was static defense at the borders to protect the economic heartland.,The correct answer to the question 'What was the original goal of the Swiss military strategy?' is: protect the economic heartland,0.6665866787207189,"The actual output correctly identifies the original goal of the Swiss military strategy as protecting the economic heartland, which aligns with the expected output. However, it introduces additional context about the shift from static defense to organized long-term attrition, which, while relevant, slightly detracts from the core truth by adding complexity that may confuse the main message."
On what date was the Billboard easy listening chart first published?,"July 17, 1961.","The correct answer to the question 'On what date was the Billboard easy listening chart first published?' is: July 17, 1961",0.9966914021611297,"The actual output clearly states the date 'July 17, 1961', which directly answers the question posed in the expected output. It accurately represents the core truth of the expected output without any discrepancies. Additionally, the retrieval context provides relevant background information about the easy listening chart, enhancing understanding without detracting from the core answer."
What are the greatest influences to Bermudian culture?,"Bermudian culture is primarily influenced by British colonization, African heritage, and maritime traditions, alongside North American and Caribbean cultural interactions, contributing to its unique customs, beliefs, and social practices.","The correct answer to the question 'What are the greatest influences to Bermudian culture?' is: British influences, together with Afro-Caribbean",0.6482088743314658,"The actual output identifies key influences on Bermudian culture, including British colonization and African heritage, which aligns with the expected output. However, it introduces additional details about maritime traditions and cultural interactions that, while relevant, detract from the simplicity of the expected answer. The core truth is present, but the response could be more concise to match the expected output's clarity."
What do bacteria do in soil?,Bacteria recycle nutrients in soil and aid in processes like nitrogen fixation and putrefaction.,The correct answer to the question 'What do bacteria do in soil?' is: converting nitrogen gas to nitrogenous compounds,0.5061416687278676,"The actual output mentions that bacteria recycle nutrients and aid in nitrogen fixation, which aligns with the expected output's focus on converting nitrogen gas to nitrogenous compounds. However, it lacks the specificity of the expected answer and does not directly address the question posed. While it provides relevant context about bacteria's role in soil, it does not enhance understanding of the core truth as effectively as it could."
A USB host may implement how many host controllers?,A USB host may implement multiple host controllers.,The correct answer to the question 'A USB host may implement how many host controllers?' is: multiple,0.7571559938595622,"The actual output correctly identifies that a USB host may implement multiple host controllers, which aligns with the core truth of the expected output. However, it lacks the explicit phrasing of 'multiple' as the answer to the question, which is a key detail in the expected output. While the response is accurate and relevant, it could be improved by directly stating 'multiple' to enhance clarity and alignment with the expected format."
What is the third largest acute care center in the U.S.?,Triumph Healthcare is the third largest long-term acute care provider in the U.S.,The correct answer to the question 'What is the third largest acute care center in the U.S.?' is: Triumph Healthcare,0.7499270567845997,"The actual output correctly identifies Triumph Healthcare as the third largest long-term acute care provider in the U.S., which aligns with the expected output's core truth. However, it does not explicitly state that it is the answer to the question posed, which slightly detracts from clarity. The additional context about Triumph Healthcare being a hospital system enhances understanding but could be more directly tied to the question asked."
What years were the Maccabean Revolt of Judas Maccabeus?,174–135 BCE,The correct answer to the question 'What years were the Maccabean Revolt of Judas Maccabeus?' is: 174–135 BCE,0.9946596670011857,"The actual output accurately states the years of the Maccabean Revolt as 174–135 BCE, which aligns perfectly with the expected output. It clearly articulates the core truth of the question asked. Additionally, the retrieval context provides relevant historical background that enhances understanding without detracting from the core answer."
﻿What type of action can second level morphed imperfective verbs denote?,Second-level morphed imperfective verbs can denote repeated or regular action.,The correct answer to the question 'What type of action can second level morphed imperfective verbs denote?' is: repeated or regular action,0.7670188538444718,"The actual output correctly identifies that second-level morphed imperfective verbs denote repeated or regular action, which aligns with the core truth of the expected output. However, it lacks the explicit framing of the answer as a response to the specific question posed, which slightly detracts from its clarity. The additional context about the nature of imperfective verbs enhances understanding but could be more directly tied to the question for a perfect score."
Where was support found for Greek philosophy?,"Support for Greek philosophy was found in academic institutions in Constantinople, Antioch, Alexandria, and other centers of Greek learning, as well as during the Renaissance among humanists who valued classical wisdom.",The correct answer to the question 'Where was support found for Greek philosophy?' is: Arab Empire,0.2584527071702108,"The actual output provides information about support for Greek philosophy in various academic institutions, which diverges from the expected output that specifically identifies the Arab Empire as the location of support. While the actual output contains relevant historical context, it fails to address the core truth of the expected output, leading to a significant misalignment."
What does the dense population make difficult ,"Dense populations can make effective land use, infrastructure management, housing affordability, and resource allocation difficult.","The correct answer to the question 'What does the dense population make difficult ' is: which makes concise definitions of its agglomeration difficult, and somewhat arbitrary.",0.28186105018558616,"The actual output identifies challenges posed by dense populations, but it does not clearly articulate the specific difficulties mentioned in the expected output, such as the arbitrary nature of agglomeration definitions. While it touches on relevant issues like land use and resource allocation, it fails to directly address the core truth of the expected output, leading to a lack of alignment."
How many Russian-speaking Finns are descended from early immigrants?,"5,000 Russian-speaking Finns are descended from early immigrants.",The correct answer to the question 'How many Russian-speaking Finns are descended from early immigrants?' is: Five thousand,0.5,"The actual output correctly identifies the number of Russian-speaking Finns descended from early immigrants as 5,000, which aligns with the core truth of the expected output. However, it does not articulate the answer in the same format as the expected output, which specifies 'Five thousand' in a complete sentence. While the actual output provides relevant information, it lacks the clarity and structure of the expected response."
Patriarch cardinals are not given what title?,Patriarch cardinals are not given the title of a suburbicarian see.,The correct answer to the question 'Patriarch cardinals are not given what title?' is: a suburbicarian see,0.5879320212583383,"The actual output correctly identifies that patriarch cardinals do not receive the title of a suburbicarian see, which aligns with the core truth of the expected output. However, it fails to explicitly state that the expected answer to the question is 'a suburbicarian see,' which is crucial for clarity. While the retrieval context provides relevant background information, it is not effectively integrated into the actual output to enhance understanding."
Decay can spread to all of what part of a tree?,Decay can spread to all parts of the trunk.,The correct answer to the question 'Decay can spread to all of what part of a tree?' is: the trunk,0.636332287962593,"The actual output correctly identifies that decay can spread to all parts of the trunk, which aligns with the core truth of the expected output. However, it does not explicitly mention 'the trunk' as the answer to the question posed, which is a key detail in the expected output. While the additional context about decay enhances understanding, it could have been more directly tied to the expected answer."
Why have Eritrean government officials participated in numerous meetings with NGO representatives?,Eritrean officials participated in meetings with NGO representatives to engage in dialogues about human rights and reforms.,The correct answer to the question 'Why have Eritrean government officials participated in numerous meetings with NGO representatives?' is: In an attempt at reform,0.5441473828005363,"The actual output mentions Eritrean officials participating in meetings with NGO representatives, which aligns with the expected output's focus on the government's engagement in dialogues. However, it lacks the specific core truth of 'In an attempt at reform' that is central to the expected answer. While the actual output provides context about human rights discussions, it does not explicitly connect these meetings to the reform efforts, which diminishes its effectiveness in conveying the expected message."
What did Napoleon offer to secondary education?,"Napoleon founded state secondary schools (lycées) that provided standardized education across France, emphasizing sciences and modern/classical languages, while maintaining public support and strict discipline.",The correct answer to the question 'What did Napoleon offer to secondary education?' is: public support,0.7415867692991993,"The actual output accurately identifies that Napoleon offered public support to secondary education, which aligns with the core truth of the expected output. Additionally, it provides relevant details about the establishment of state secondary schools and the emphasis on standardized education, enhancing the understanding of Napoleon's contributions. However, the response could be more concise, as it includes additional information that, while informative, may detract from the direct answer to the question."
"When the third tiere was added on, what is it in form of? ",Panchayats and Municipalities.,"The correct answer to the question 'When the third tiere was added on, what is it in form of? ' is: Panchayats and Municipalities",0.8587851676648584,"The actual output correctly identifies 'Panchayats and Municipalities' as the third tier of government, aligning well with the expected output. However, it lacks the introductory context that explicitly states it is answering the question posed, which slightly detracts from clarity. The retrieval context provides relevant background information about the tiered system of government in India, enhancing understanding, but this context is not directly referenced in the actual output."
Where did the creator of Mr Benn and King Rollo study?,Plymouth College of Art.,The correct answer to the question 'Where did the creator of Mr Benn and King Rollo study?' is: Plymouth College of Art,0.8979264984996945,"The actual output correctly identifies 'Plymouth College of Art' as the place where the creator of Mr Benn and King Rollo studied, which aligns with the core truth of the expected output. However, it lacks the additional context provided in the expected output that explicitly states it is the answer to the question posed. While the actual output is concise, it could benefit from a more explicit connection to the question to enhance clarity."
﻿On which two major issues did McCain and Schwarzenegger publicly agree?,McCain and Schwarzenegger publicly agreed on concerns for the environment and the economy.,The correct answer to the question 'On which two major issues did McCain and Schwarzenegger publicly agree?' is: the environment and economy,0.7046260297356257,"The actual output correctly identifies the core truth by stating that McCain and Schwarzenegger agreed on concerns for the environment and the economy, which aligns with the expected output. However, it lacks the explicit phrasing of the expected answer format, which could enhance clarity. While the output is accurate, it does not fully encapsulate the expected response structure, which diminishes its effectiveness."
The release of Internet Explorer started the first what?,Browser war.,The correct answer to the question 'The release of Internet Explorer started the first what?' is: browser war,0.76691327190103,"The actual output captures the core truth of the expected output by correctly identifying 'browser war' as the answer to the question about Internet Explorer. However, it lacks the clarity and completeness of the expected output, which explicitly states the question and provides context. While it aligns well with the core truth, it could benefit from additional context to enhance understanding."
Who has the power to issue a pardon?,The president has the power to issue pardons.,The correct answer to the question 'Who has the power to issue a pardon?' is: The president,0.7640612706581258,"The actual output correctly identifies the core truth that the president has the power to issue pardons, which aligns with the expected output. However, it lacks the explicit phrasing of the question and the structured response format found in the expected output, which diminishes clarity. While the retrieval context provides relevant information about the president's powers, the actual output could have included a more direct reference to the question asked for better alignment."
When did the Samanid Empire rule the land?,The Samanid Empire ruled from 819 to 999.,The correct answer to the question 'When did the Samanid Empire rule the land?' is: The Samanid Empire,0.5697809706468543,"The actual output provides the correct timeframe of the Samanid Empire's rule, which aligns with the core truth of the expected output. However, it lacks the explicit mention of the question being answered, which diminishes clarity. While the additional context about the Samanid Empire's significance is relevant, it does not enhance the core message as it diverges from the specific question asked."
What does the region of England continue to use?,The Regions of England continue to be used in certain governmental administrative functions.,The correct answer to the question 'What does the region of England continue to use?' is: certain governmental administrative functions,0.7965546625652864,"The actual output correctly identifies that the Regions of England are used in certain governmental administrative functions, which aligns with the core truth of the expected output. However, it could have been more concise by directly stating the answer to the question without additional context. While it does not deviate from the core truth, the extra detail about the Regions of England's usage in government could be seen as slightly more comprehensive than necessary for the specific question asked."
What is the largest school system in North Carolina?,Wake County Public School System.,The correct answer to the question 'What is the largest school system in North Carolina?' is: Wake County Public School System,0.7832179216607733,"The actual output correctly identifies the Wake County Public School System as the largest school system in North Carolina, aligning with the expected output. However, it lacks the introductory phrase present in the expected output, which diminishes clarity. The retrieval context provides relevant details about the school system, enhancing understanding, but the actual output could have been more complete by including the full expected phrasing."
In what year did the Netherlands gain independence from France?,1813,The correct answer to the question 'In what year did the Netherlands gain independence from France?' is: 1813,0.8000000000000002,"The actual output provides the correct year, 1813, which aligns with the expected output's core truth regarding the Netherlands gaining independence from France. However, it lacks the contextual framing present in the expected output, which explicitly states the question and the answer format. While the core truth is present, the absence of additional context may slightly detract from clarity for someone unfamiliar with the topic."
What organization developed land to expand New Delhi in the 1950s?,Central Public Works Department (CPWD).,The correct answer to the question 'What organization developed land to expand New Delhi in the 1950s?' is: the Central Public Works Department,0.7791364712648455,"The actual output correctly identifies the Central Public Works Department (CPWD) as the organization responsible for developing land in New Delhi during the 1950s, which aligns with the core truth of the expected output. However, it lacks the explicit phrasing that connects it directly to the question asked, which could enhance clarity. The retrieval context provides relevant background information that supports the answer, but the actual output could have included a brief mention of the diplomatic enclave of Chanakyapuri to further enrich the response without detracting from the core message."
"What pre-preg material is designated by ""FR-2""?",FR-2 is phenolic cotton paper.,"The correct answer to the question 'What pre-preg material is designated by ""FR-2""?' is: phenolic cotton paper",0.8262907273207454,"The actual output correctly identifies 'FR-2' as phenolic cotton paper, which aligns with the expected output. However, it lacks the explicit phrasing of the question and the complete structure of the expected answer, which diminishes clarity. The retrieval context provides relevant information about various pre-preg materials, including FR-2, which supports the core truth but is not directly referenced in the actual output."
Who was the chieftain of the Xiongnu?,Modu Chanyu.,The correct answer to the question 'Who was the chieftain of the Xiongnu?' is: Modu Chanyu,0.6691796843454367,"The actual output correctly identifies Modu Chanyu as the chieftain of the Xiongnu, aligning with the core truth of the expected output. However, it lacks the additional context provided in the expected output, which explicitly states the question and the format of the answer. While the response is accurate, it could be improved by including a more complete structure that enhances clarity and understanding."
﻿How much speed is associated with each degree Warnerke?,Each degree Warnerke corresponds to an increase of 1/3 in speed.,The correct answer to the question 'How much speed is associated with each degree Warnerke?' is: an increase of 1/3 in speed,0.8283543772380545,"The actual output correctly identifies the core truth that each degree Warnerke corresponds to an increase of 1/3 in speed, which aligns with the expected output. However, it lacks the explicit framing of the answer as a response to the question posed, which is present in the expected output. While it does not detract from the core truth, it could be more clearly articulated as a direct answer to enhance clarity."
In what year was Tuvalu discovered by a European?,Tuvalu was discovered by a European in 1764.,The correct answer to the question 'In what year was Tuvalu discovered by a European?' is: 1568,0.11368001958146286,"The actual output states that Tuvalu was discovered in 1764, which is incorrect compared to the expected output of 1568. While it provides a historical reference, it does not align with the core truth of the expected answer. The additional context about European exploration is relevant but does not enhance the understanding of the specific question asked."
Who supplies NYC with drinkable water?,New York City is supplied with drinking water by the protected Catskill Mountains watershed.,The correct answer to the question 'Who supplies NYC with drinkable water?' is: Catskill Mountains watershed,0.8175291620389779,"The actual output correctly identifies the Catskill Mountains watershed as the source of drinking water for New York City, aligning well with the expected output. It provides additional relevant details about the watershed's integrity and the city's water supply system, enhancing the response without detracting from the core truth. However, the response could be more concise, as it includes extra information that, while informative, may not be necessary for directly answering the question."
When were nociceptors discovered?,Nociceptors were discovered in 2003.,The correct answer to the question 'When were nociceptors discovered?' is: 2003,0.5164941352081072,"The actual output provides the correct year of discovery for nociceptors, aligning with the core truth of the expected output. However, it lacks the explicit framing of the answer as a response to the question posed, which diminishes clarity. Additionally, while the retrieval context offers rich information about nociceptors, the actual output does not incorporate any of this context, missing an opportunity to enhance understanding."
Who fled with the Jin court to the South?,"Remnants of the Jin court, nobles, and wealthy families fled to the South.",The correct answer to the question 'Who fled with the Jin court to the South?' is: nobles and wealthy families,0.7139253260753486,"The actual output correctly identifies that remnants of the Jin court, nobles, and wealthy families fled to the South, which aligns with the core truth of the expected output. However, it does not explicitly state that the correct answer to the question is 'nobles and wealthy families,' which is a key detail in the expected output. While the additional context about the Jin court's relocation enhances understanding, it could be more focused on directly answering the question posed."
How much of the total population was polish common wealth?,The Polish nobility (szlachta) constituted about 10–12% of the total population of the historic Polish–Lithuanian Commonwealth.,The correct answer to the question 'How much of the total population was polish common wealth?' is: 10–12%,0.8037947990512434,"The actual output correctly identifies the percentage of the Polish nobility as 10–12% of the total population of the historic Polish–Lithuanian Commonwealth, which aligns with the core truth of the expected output. However, while it provides relevant context about the nobility, it could be more concise and focused solely on the answer to the question, as the additional details, while informative, may detract from the clarity of the core truth."
What re-emerged during the Katarista movement in the 1970s?,The Katarista movement in the 1970s saw a re-emergence of indigenous Andean identity and culture.,The correct answer to the question 'What re-emerged during the Katarista movement in the 1970s?' is: ethnic and class militancy,0.23572386441715737,"The actual output mentions the re-emergence of indigenous Andean identity and culture, which is somewhat related to the expected output about ethnic and class militancy. However, it fails to directly address the core truth of the expected output, which specifically highlights the aspect of militancy. The additional context provided does not enhance the understanding of the Katarista movement and is irrelevant to the question asked."
Where did IGN rank the SNES?,IGN ranked the SNES fourth best video game console.,The correct answer to the question 'Where did IGN rank the SNES?' is: fourth best,0.8038097781157548,"The actual output correctly identifies that IGN ranked the SNES fourth best, which aligns with the core truth of the expected output. However, it lacks the explicit phrasing of 'The correct answer to the question...' found in the expected output, which would have made the response clearer. The additional context provided in the retrieval context is relevant but not necessary for answering the specific question, which slightly detracts from the focus on the core truth."
Who disapproved of the proposed marriage between Victoria and Albert?,Victoria's mother disapproved of the marriage.,The correct answer to the question 'Who disapproved of the proposed marriage between Victoria and Albert?' is: William IV,0.223026518569894,"The actual output identifies a disapproving figure related to the marriage, but it incorrectly attributes the disapproval to Victoria's mother instead of the expected William IV. This shows a misunderstanding of the core truth. While the output does mention a relevant character, it fails to answer the specific question posed, which diminishes its overall effectiveness."
Who was defeated in the War of Spanish Succession?,"The Bourbon candidates, particularly Philip of Anjou, were ultimately victorious; however, the Habsburg Emperor Charles VI's side lost.",The correct answer to the question 'Who was defeated in the War of Spanish Succession?' is: Catalan,0.2088750028129424,"The actual output mentions the victory of the Bourbon candidates and the defeat of the Habsburg Emperor, which does not address the expected output regarding who was defeated in the War of Spanish Succession. While it provides some historical context, it fails to directly answer the question posed, leading to a significant misalignment with the core truth of the expected output."
﻿Where is the basic MP3 decoding and technology patent free?,The basic MP3 decoding and encoding technology is patent-free in the European Union.,The correct answer to the question 'Where is the basic MP3 decoding and technology patent free?' is: European Union,0.8059566125124024,"The actual output correctly identifies that the basic MP3 decoding and encoding technology is patent-free in the European Union, which aligns with the core truth of the expected output. However, while it provides additional context about the patent status, it does not explicitly restate the question or the answer format as requested in the expected output, which slightly detracts from its alignment."
When did the Iconodules  change the cross in the Hagia Sophia?,The cross in the Hagia Sophia was changed after the victory of the Iconodules in 787–797.,The correct answer to the question 'When did the Iconodules  change the cross in the Hagia Sophia?' is: 787–797,0.7322680390188133,"The actual output correctly identifies the time period (787–797) when the Iconodules changed the cross in the Hagia Sophia, aligning well with the expected output. However, it provides additional context about the Iconodules' victory, which, while relevant, slightly detracts from the directness of the answer. Overall, the core truth is present and the response is informative, but it could be more concise."
What was the percentage of Turks in the Cyprus population?,"In 1960, Turks made up 18.2% of Cyprus's population. In 1974, they represented 18.4%.",The correct answer to the question 'What was the percentage of Turks in the Cyprus population?' is: 18.2%,0.7940433884744825,"The actual output correctly identifies the percentage of Turks in the Cyprus population for both 1960 and 1974, addressing the core truth of the expected output. While the expected output only requires the percentage for 1960, the additional detail about 1974 enhances the response without deviating from the main question. However, the expected output's phrasing is more direct, which slightly detracts from the overall clarity of the actual output."
"Outside of policymakers and teachers, who else is a key component to improving nutritional content in schools?",Managed foodservice contractors play a key role in improving nutritional content in schools.,"The correct answer to the question 'Outside of policymakers and teachers, who else is a key component to improving nutritional content in schools?' is: managed foodservice contractors",0.7242961907863543,"The actual output identifies managed foodservice contractors as a key component in improving nutritional content in schools, which aligns with the expected output. However, it lacks the explicit phrasing of the expected answer format, which could enhance clarity. The retrieval context provides relevant background information that supports the role of these contractors, but the actual output could have better integrated this context to strengthen its argument."
What is an Arabic term for allusions?,"The Arabic term for allusions is ""dhikr"" (remembrance).",The correct answer to the question 'What is an Arabic term for allusions?' is: isharat,0.19896657269197537,"The actual output provides the Arabic term 'dhikr' for allusions, which is incorrect as the expected output specifies 'isharat'. While the retrieval context offers relevant information about related terms, it does not enhance the accuracy of the actual output, which fails to align with the expected answer."
When was the original USB 1.0 Specification introduced?,January 1996.,The correct answer to the question 'When was the original USB 1.0 Specification introduced?' is: January 1996,0.908311705155001,"The actual output correctly identifies the core truth of the expected output by stating 'January 1996' as the introduction date of the original USB 1.0 Specification. It aligns perfectly with the expected answer and does not detract from the core truth. Additionally, the retrieval context provides relevant background information that enhances understanding without overshadowing the main answer."
Where was Petersburg located in relation to Ford Stedman?,"The information provided does not mention Ford Stedman, thus the location of Petersburg in relation to it cannot be determined.",The correct answer to the question 'Where was Petersburg located in relation to Ford Stedman?' is: east,0.15887427453220274,"The actual output fails to provide the core truth of the expected output, which states that Petersburg is located east of Ford Stedman. Instead, it incorrectly states that the location cannot be determined, which does not align with the expected answer. While it acknowledges the lack of information about Ford Stedman, it does not enhance understanding or provide relevant context from the retrieval context that could clarify the relationship between Petersburg and Ford Stedman."
What was notable about the discovered vitamin A?,"Discovered by Elmer McCollum in 1913, vitamin A was the first vitamin identified, initially thought to treat deficiencies like rickets.",The correct answer to the question 'What was notable about the discovered vitamin A?' is: fat-soluble,0.3110178712999383,"The actual output mentions the discovery of vitamin A and its initial misconceptions, but it fails to address the core truth of the expected output, which is that vitamin A is notable for being fat-soluble. While the historical context is somewhat relevant, it does not enhance the understanding of the expected output and distracts from the specific question asked."
How many operations have been completed by the Canadian Military Internationally?,The Canadian military has completed 72 international operations.,The correct answer to the question 'How many operations have been completed by the Canadian Military Internationally?' is: 72,0.7833291955189595,"The actual output correctly identifies the number of international operations completed by the Canadian military, aligning with the core truth of the expected output. However, it lacks the explicit phrasing of the question and the phrase 'The correct answer to the question...' which would enhance clarity and directness. The retrieval context provides additional relevant information about the Canadian military's operations, but this context is not utilized in the actual output, which could have further enriched the response."
"At minimum, how many regular season games did the AFL agree to broadcast?",17 regular season games.,"The correct answer to the question 'At minimum, how many regular season games did the AFL agree to broadcast?' is: 17",0.8111175726888181,"The actual output correctly states '17 regular season games,' which aligns with the core truth of the expected output. However, it lacks the explicit context of being the answer to the specific question posed, which diminishes clarity. While it provides the correct information, it does not fully articulate that this is the answer to the question about the AFL's broadcasting agreement, which is a key detail in the expected output."
﻿Whose art is displayed at the large cathedral in Mexico City?,"The art displayed at the Metropolitan Cathedral in Mexico City includes works by Juan de Rojas, Juan Correa, and an oil painting attributed to Murillo.",The correct answer to the question 'Whose art is displayed at the large cathedral in Mexico City?' is: Juan de Rojas,0.7200389800267513,"The actual output correctly identifies multiple artists whose works are displayed at the Metropolitan Cathedral, which aligns with the core truth of the expected output. However, it does not directly answer the question by naming only Juan de Rojas, as specified in the expected output. While the additional details about other artists enhance the context, they detract from the simplicity of the expected answer."
What was Sultan Selim I's nickname?,"Sultan Selim I's nickname was ""the Grim.""",The correct answer to the question 'What was Sultan Selim I's nickname?' is: the Grim,0.8172862730802297,"The actual output correctly identifies Sultan Selim I's nickname as 'the Grim,' which aligns with the expected output. However, it lacks the explicit phrasing of the expected output that states it as the answer to the question, which slightly detracts from clarity. The retrieval context provides additional relevant details about Sultan Selim I's actions and historical significance, enhancing the overall understanding without detracting from the core truth."
What is the distinguishing design element in German Gothic cathedrals?,The distinguishing design element in German Gothic cathedrals is their breadth and openness.,The correct answer to the question 'What is the distinguishing design element in German Gothic cathedrals?' is: their breadth and openness,0.8249491948038079,"The actual output correctly identifies the core truth of the expected output by stating that the distinguishing design element in German Gothic cathedrals is their breadth and openness. However, it lacks the explicit framing of the answer as a response to the question, which is present in the expected output. While the actual output is accurate and relevant, it could enhance clarity by mirroring the structure of the expected output more closely."
When did the FCC rule on net neturality?,"The FCC ruled on net neutrality on February 26, 2015.",The correct answer to the question 'When did the FCC rule on net neturality?' is: February 2015,0.7159176590526841,"The actual output correctly identifies the date of the FCC ruling on net neutrality, aligning with the core truth of the expected output. However, it lacks the explicit phrasing 'The correct answer to the question...' which would enhance clarity. While the additional context about the ruling provides relevant background, it does not detract from the core message, but it could be more concise to improve focus."
What was the name of the video game that was cancelled for Beyonce?,Starpower: Beyoncé.,The correct answer to the question 'What was the name of the video game that was cancelled for Beyonce?' is: Starpower: Beyoncé,0.8586903114893154,"The actual output correctly identifies the core truth of the expected output by stating 'Starpower: Beyoncé', which is the name of the cancelled video game. However, it lacks the full context provided in the expected output, which explicitly states the question it answers. The retrieval context offers relevant details about the game's cancellation, enhancing the understanding of the output, but the actual output could have included a brief mention of the cancellation context to strengthen its relevance."
What did Ibn Sina classify into stones?,"Ibn Sina classified minerals into stones, fusible substances, sulfurs, and salts.",The correct answer to the question 'What did Ibn Sina classify into stones?' is: minerals,0.558123498590233,"The actual output identifies that Ibn Sina classified minerals into various categories, which aligns with the topic of classification. However, it does not directly answer the expected output's question about what Ibn Sina classified into stones, which is specifically 'minerals.' While the additional detail about the classification categories is informative, it detracts from the core truth that should have been clearly articulated in the response."
"Along with the Senussi, who was purged from the military?",Napoleon was purged from the military.,"The correct answer to the question 'Along with the Senussi, who was purged from the military?' is: monarchists",0.1380088299772097,"The actual output incorrectly states that 'Napoleon was purged from the military,' which does not align with the expected output that identifies 'monarchists' as the correct answer to the question. The core truth of the expected output is not present in the actual output, and the retrieval context does not support the claim made in the actual output, leading to a significant misalignment."
What does काष्ठ mean in English?,"काष्ठ means ""wood"" in English.",The correct answer to the question 'What does काष्ठ mean in English?' is: wood,0.8005060311995807,"The actual output correctly identifies the meaning of 'काष्ठ' as 'wood', which aligns with the core truth of the expected output. However, it lacks the explicit phrasing of the expected output that states it as the answer to the question, which slightly detracts from its completeness. The response is clear and accurate, but could be improved by mirroring the structure of the expected output more closely."
Where does the Richmind-Petersburg DMA rank in the United States?,58th largest.,The correct answer to the question 'Where does the Richmind-Petersburg DMA rank in the United States?' is: 58th,0.7515556687576912,"The actual output correctly identifies the ranking of the Richmond-Petersburg DMA as the 58th largest, which aligns with the expected output. However, it lacks the full context and clarity provided in the expected output, which explicitly states the question being answered. While the core truth is present, the response could be improved by including the question for better understanding."
When did the seven companies begin developing USB's?,1994.,The correct answer to the question 'When did the seven companies begin developing USB's?' is: 1994,0.738513106501312,"The actual output provides the correct year, 1994, which aligns with the core truth of the expected output. However, it lacks the contextual framing present in the expected output, which explicitly states the question being answered. While the core truth is present, the absence of the full context diminishes the clarity and completeness of the response."
﻿Where did the first English coffeehouse open in 1650?,Oxford.,The correct answer to the question 'Where did the first English coffeehouse open in 1650?' is: Oxford,0.8546480143362863,"The actual output correctly identifies Oxford as the location of the first English coffeehouse in 1650, aligning with the core truth of the expected output. However, it lacks the explicit phrasing of the question and the complete context provided in the expected output, which could enhance clarity. The retrieval context does provide additional relevant details about the significance of coffeehouses in Oxford, which supports the core truth but is not included in the actual output."
How much direct foreign investment existed in Libya circa 2004?,Approximately $40 billion.,The correct answer to the question 'How much direct foreign investment existed in Libya circa 2004?' is: $40 billion,0.8,"The actual output provides the correct figure of $40 billion, which aligns with the expected output's core truth. However, it lacks the explicit context of the question regarding direct foreign investment in Libya circa 2004, which is clearly articulated in the expected output. While the answer is accurate, it could be improved by explicitly stating that it answers the question posed."
Who was the co-founder of the Black Panthers that was placed on trial in New Haven?,Bobby Seale.,The correct answer to the question 'Who was the co-founder of the Black Panthers that was placed on trial in New Haven?' is: Bobby Seale,0.8377989224580311,"The actual output correctly identifies Bobby Seale as the co-founder of the Black Panthers, which aligns with the expected output. However, it lacks the additional context provided in the expected output, such as the phrasing of the question and the explicit statement that this is the 'correct answer.' While the core truth is present, the response could be improved by including more context to enhance understanding."
Where are glaciers in Africa located?,"Glaciers in Africa are located on Mount Kilimanjaro, Mount Kenya, and in the Rwenzori Mountains.","The correct answer to the question 'Where are glaciers in Africa located?' is: Mount Kilimanjaro in Tanzania, on Mount Kenya and in the Rwenzori Mountains",0.8294276433266774,"The actual output correctly identifies the locations of glaciers in Africa, aligning with the core truth of the expected output. However, it lacks the explicit mention of Tanzania, which is included in the expected output. While the actual output is accurate and provides relevant details, it could be slightly more comprehensive by mirroring the phrasing of the expected output more closely."
When was the term middle east common as a noun and adjective?,"The term ""Middle East"" became common in the 19th century.",The correct answer to the question 'When was the term middle east common as a noun and adjective?' is: the 19th century,0.7628553632659475,"The actual output correctly identifies the core truth that the term 'Middle East' became common in the 19th century, which aligns with the expected output. However, it lacks the explicit phrasing of the question and the structured format of the expected answer, which diminishes clarity. While it provides a correct answer, it does not include additional relevant details from the retrieval context that could enhance understanding, such as the term's usage in various contexts or its evolution over time."
what is a perfect example of a filled vacuum showing a curvature?,A black hole is a perfect example of a filled vacuum showing curvature.,The correct answer to the question 'what is a perfect example of a filled vacuum showing a curvature?' is: The black hole,0.6901665786854845,"The actual output correctly identifies a black hole as an example of a filled vacuum showing curvature, which aligns with the core truth of the expected output. However, it lacks the explicit phrasing of the expected output, which directly states the answer to the question. While the actual output provides a relevant detail about black holes, it could be more comprehensive by including the context of the question more clearly."
President Bonaparte was declared what in France? ,Emperor of the French.,The correct answer to the question 'President Bonaparte was declared what in France? ' is: Emperor Napoleon III,0.2503608950707715,"The actual output identifies Napoleon as 'Emperor of the French,' which is partially correct but does not specify 'Napoleon III' as required by the expected output. This omission fails to convey the complete core truth of the expected answer. Additionally, the output lacks any relevant details from the retrieval context that could enhance understanding, leading to a lack of clarity and completeness."
Where in the Marshall Islands does the United States have a missile testing range?,Kwajalein Atoll.,The correct answer to the question 'Where in the Marshall Islands does the United States have a missile testing range?' is: Kwajalein Atoll,0.8540885705521253,"The actual output correctly identifies Kwajalein Atoll as the location of the U.S. missile testing range, aligning with the core truth of the expected output. However, it lacks the additional context provided in the expected output, which explicitly states the question and the phrasing of the answer. While the response is accurate, it could be improved by including the full context of the question for clarity."
What type of elevators are generally less costly than full commercial elevators?,Residential elevators are generally less costly than full commercial elevators.,The correct answer to the question 'What type of elevators are generally less costly than full commercial elevators?' is: residential,0.5124290237092042,"The actual output correctly identifies that residential elevators are generally less costly than full commercial elevators, which aligns with the core truth of the expected output. However, it fails to explicitly answer the question posed in the expected output by not stating 'residential' as the answer. While the additional context about residential elevators adds some relevant detail, it does not enhance the core message and could lead to confusion about the direct answer to the question."
What are people called who have left Germany but still speak German?,They are called Auswanderer.,The correct answer to the question 'What are people called who have left Germany but still speak German?' is: Auswanderer,0.765141640887066,"The actual output correctly identifies the term 'Auswanderer' as the answer to the question about people who have left Germany but still speak German. However, it lacks the explicit framing of the answer as a response to the question, which is present in the expected output. The retrieval context provides relevant background information about the term, enhancing understanding, but the actual output could have been more comprehensive by including a brief context or explanation."
﻿"what usually has a larger network the ISP of the customer or the upstream ISP?",The upstream ISP usually has a larger network.,"The correct answer to the question 'what usually has a larger network, the ISP of the customer or the upstream ISP?' is: upstream ISPs",0.674898133456647,"The actual output correctly identifies that the upstream ISP usually has a larger network, which aligns with the core truth of the expected output. However, it lacks the explicit phrasing of the expected answer format, which directly states 'upstream ISPs' as the answer to the question. While the additional context about the relationship between ISPs is relevant, it does not enhance the core message as effectively as a more direct response would."
What was the average speed of a winning solar powered car by 2007?,90.87 km/h (56.46 mph).,The correct answer to the question 'What was the average speed of a winning solar powered car by 2007?' is: 90.87 kilometres per hour (56.46 mph),0.8757038117022841,"The actual output accurately presents the average speed of the winning solar-powered car in 2007, matching the expected output's core truth. It provides the speed in both kilometers per hour and miles per hour, which enhances clarity. However, it lacks the introductory phrase found in the expected output, which could have improved the alignment with the expected format."
How many people came to visit New York in 2013?,Approximately 54 million.,The correct answer to the question 'How many people came to visit New York in 2013?' is: 54 million,0.7236042559082924,"The actual output provides the correct numerical answer of '54 million', which aligns with the core truth of the expected output. However, it lacks the clarity and completeness of the expected output, which explicitly states the context of the question. While the answer is accurate, it does not include the phrasing of the question, which would enhance understanding and provide a clearer connection to the inquiry about New York's visitors in 2013."
How many people of Somali ethnicity live in Somalia?,Approximately 12.3 million.,The correct answer to the question 'How many people of Somali ethnicity live in Somalia?' is: 12.3 million,0.8634446687189434,"The actual output provides the correct figure of approximately 12.3 million, which aligns with the expected output. However, it lacks the explicit context of the question regarding Somali ethnicity in Somalia, which could enhance clarity. While the core truth is present, the absence of a complete sentence structure and context diminishes the overall effectiveness of the response."
What company provides the city with natural gas?,Philadelphia Gas Works (PGW).,The correct answer to the question 'What company provides the city with natural gas?' is: Redeem,0.22265762787530133,"The actual output identifies Philadelphia Gas Works (PGW) as the natural gas provider, which is relevant but does not match the expected output that states 'Redeem' as the answer. The core truth of the expected output is not accurately represented, leading to a significant misalignment. While the actual output provides some context about PGW, it fails to address the specific question posed in the expected output."
When was the Chrysler building built in NYC?,The Chrysler Building was built in 1930.,The correct answer to the question 'When was the Chrysler building built in NYC?' is: 1930,0.7545214803149118,"The actual output correctly identifies the year the Chrysler Building was built, which aligns with the core truth of the expected output. However, it lacks the explicit framing of the answer as a response to the specific question posed, which diminishes clarity. While the information is accurate, it could be enhanced by including the context of the question to improve understanding."
Poland views Napoleon in a positive light partially based on his opposition to what country?,Russia.,The correct answer to the question 'Poland views Napoleon in a positive light partially based on his opposition to what country?' is: Russia,0.8471741243613247,"The actual output correctly identifies 'Russia' as the answer to the question regarding Poland's positive view of Napoleon, aligning with the expected output. However, it lacks the contextual framing provided in the expected output, which explicitly states the question and the relationship between Poland's view and Napoleon's opposition to Russia. While the core truth is present, the absence of this framing slightly detracts from the clarity and completeness of the response."
In what year was New York ranked first on the Global Economic Power Index?,2012,The correct answer to the question 'In what year was New York ranked first on the Global Economic Power Index?' is: 2012,0.7797932721306193,"The actual output provides the correct year, 2012, which aligns with the core truth of the expected output. However, it lacks the explicit phrasing found in the expected output that clearly states the answer in the context of the question. While the retrieval context offers additional relevant details about New York's economic status, the actual output could have been more comprehensive by including a brief statement that directly addresses the question, similar to the expected output."
What publication promoted Pope Paul VI's views on abortion?,The encyclical **Humanae vitae** (Of Human Life) published on 25 July 1968 promoted Pope Paul VI's views on contraception and reaffirmed traditional teachings on marriage.,The correct answer to the question 'What publication promoted Pope Paul VI's views on abortion?' is: encyclical Humanae vitae,0.5010311653312576,"The actual output identifies the encyclical 'Humanae vitae' and its publication date, which aligns with the expected output's focus on the encyclical promoting Pope Paul VI's views. However, it inaccurately states that the encyclical promoted views on contraception rather than abortion, which is the core truth the expected output seeks. While the retrieval context provides relevant details about the encyclical's content, the actual output fails to directly address the question regarding abortion, leading to a partial alignment."
Which department did Popper found at the London School of Economics?,"Department of Philosophy, Logic and Scientific Method.","The correct answer to the question 'Which department did Popper found at the London School of Economics?' is: Department of Philosophy, Logic and Scientific Method",0.8808578223594108,"The actual output correctly identifies the department founded by Popper at the London School of Economics, aligning well with the expected output. It succinctly provides the core truth without unnecessary elaboration. However, it lacks the introductory phrase present in the expected output, which could enhance clarity and context for the reader."
﻿What do the Nepalese call Thangkas?,Paubhas.,The correct answer to the question 'What do the Nepalese call Thangkas?' is: Paubhas,0.8647907885477404,"The actual output correctly identifies 'Paubhas' as the answer to the question about what the Nepalese call Thangkas, aligning well with the expected output. However, it lacks the introductory phrase present in the expected output, which provides context. While the core truth is present, the response could be improved by including additional context or details from the retrieval context to enhance comprehensiveness."
Where did some Jewish communities settle after they were expelled from Spain?,Some Jewish communities settled in Palestine after being expelled from Spain.,The correct answer to the question 'Where did some Jewish communities settle after they were expelled from Spain?' is: Palestine,0.7751293361367878,"The actual output correctly identifies Palestine as the location where some Jewish communities settled after being expelled from Spain, aligning well with the expected output. However, it lacks the explicit phrasing of the question and the structured format of the expected answer, which diminishes clarity. The additional context about Jewish communities settling in Palestine enhances understanding but could be more directly tied to the core truth of the expected output."
What phrase was coined in the 16th century to reference recent times?,"The term ""modern.""",The correct answer to the question 'What phrase was coined in the 16th century to reference recent times?' is: modern,0.5009447203109977,"The actual output identifies the term 'modern,' which is relevant to the expected output, but it lacks the full context and clarity of the expected answer. The expected output articulates that 'modern' is the phrase coined in the 16th century to reference recent times, while the actual output is incomplete and does not provide the necessary context or explanation that enhances understanding."
What did this leader of change believe of the conception of Mary ?,"The leader of change, George Sale, suggested that the Qur'an implies the Immaculate Conception of Mary, stating she and Jesus were untouched by Satan at birth, indicating their sinlessness.","The correct answer to the question 'What did this leader of change believe of the conception of Mary ?' is: Mother Mary, like us, was born in sin of sinful parents, but the Holy Spirit covered her, sanctified and purified her",0.26762963833769493,"The actual output presents George Sale's interpretation of the Qur'an regarding the Immaculate Conception, which diverges from the expected output that states Mary was born in sin but sanctified by the Holy Spirit. While it captures some elements of Sale's belief, it fails to accurately reflect the core truth of the expected output, which emphasizes Mary's sinfulness at birth. Additionally, the retrieval context provides relevant details about Islamic beliefs regarding Mary, but the actual output does not effectively integrate this context to enhance understanding."
What did the PVA and KPA gain by using the tactics during the Third Phase Offensive,"The PVA and KPA gained the element of surprise and overwhelmed UN forces, allowing them to reconquer Seoul on 4 January 1951.",The correct answer to the question 'What did the PVA and KPA gain by using the tactics during the Third Phase Offensive' is: Seoul,0.7444510639933627,"The actual output effectively addresses the core truth of the expected output by stating that the PVA and KPA reconquered Seoul, which is the key detail sought. It provides additional context about the tactics used and the element of surprise, enhancing the understanding of how they achieved this. However, it could be more concise by directly stating 'Seoul' as the answer, which is the specific response requested in the expected output."
What was the title of the travel book written by Fanny Vandegrift Stevenson?,The Cruise of the Janet Nichol.,The correct answer to the question 'What was the title of the travel book written by Fanny Vandegrift Stevenson?' is: The Cruise of the Janet Nichol,0.8164554296999761,"The actual output correctly identifies the title of the travel book written by Fanny Vandegrift Stevenson, which aligns with the core truth of the expected output. However, it lacks the introductory phrase that explicitly states it as the answer to the question, which would enhance clarity. The retrieval context provides relevant background information about the book and its author, which could enrich understanding but is not directly included in the actual output."
Who won the election?,Ruben Studdard won the election.,The correct answer to the question 'Who won the election?' is: João Bernardo Vieira,0.007585817532042317,"The actual output states that 'Ruben Studdard won the election,' which is incorrect as the expected output clearly identifies João Bernardo Vieira as the winner. The core truth of the expected output is not present in the actual output, and the retrieval context does not support the claim made in the actual output, further confirming its inaccuracy."
What is a famous opera house in Detroit?,Detroit Opera House.,The correct answer to the question 'What is a famous opera house in Detroit?' is: Detroit Opera House,0.7555524792180487,"The actual output correctly identifies the Detroit Opera House, which aligns with the expected output's core truth. However, it lacks the explicit phrasing of the question and the complete sentence structure found in the expected output, which diminishes clarity. The retrieval context provides relevant details about the Detroit Opera House, enhancing the understanding of its significance, but the actual output could have better integrated this context to strengthen its response."
In what year did The Greek Uprising take place?,The Greek Uprising took place in 1821.,The correct answer to the question 'In what year did The Greek Uprising take place?' is: 1821,0.7158291365361222,"The actual output correctly identifies the year of the Greek Uprising as 1821, which aligns with the core truth of the expected output. However, it lacks the explicit phrasing found in the expected output that clearly states it as the answer to the question posed. While the response is accurate, it could be improved by including a more direct connection to the question format, which would enhance clarity and understanding."
What is one of the countries that objected to the inclusion of political killings in the early version of the Convention?,The USSR (Soviet Union),The correct answer to the question 'What is one of the countries that objected to the inclusion of political killings in the early version of the Convention?' is: USSR,0.8323818311712531,"The actual output correctly identifies the USSR as one of the countries that objected to the inclusion of political killings in the Convention, aligning well with the expected output. However, it lacks the explicit context of the question, which could enhance clarity. While the core truth is present, additional relevant details from the retrieval context are not included, which could provide a deeper understanding of the USSR's objections."
﻿Which contestant had a fiancé that had suffered brain damage?,Chris Medina.,The correct answer to the question 'Which contestant had a fiancé that had suffered brain damage?' is: Chris Medina,0.8063751325329902,"The actual output correctly identifies Chris Medina as the contestant with a fiancé who suffered brain damage, aligning with the core truth of the expected output. However, it lacks the additional context provided in the expected output, which explicitly states the question being answered. While the response is accurate, it could be improved by including the phrasing of the question to enhance clarity and completeness."
After what war did the alliances start to solidify?,After the Seven Years' War.,The correct answer to the question 'After what war did the alliances start to solidify?' is: Second Punic War,0.07865876940156713,"The actual output does not address the expected question about the war after which alliances began to solidify. Instead, it incorrectly states 'After the Seven Years' War,' which is unrelated to the expected output of 'Second Punic War.' The core truth of the expected output is entirely absent, and the actual output fails to provide any relevant details from the retrieval context that would support a correct answer."
What is the total of school children killed?,"5,335 students were killed in the earthquake.","The correct answer to the question 'What is the total of school children killed?' is: 5,335",0.7251735167952622,"The actual output correctly states the number of students killed in the earthquake, which aligns with the core truth of the expected output. However, it lacks the explicit context of answering the specific question about school children killed, as indicated in the expected output. While it provides the correct figure, it does not frame it as the answer to the question posed, which slightly detracts from its effectiveness."
Who was William C. Boyd?,"The provided information does not mention William C. Boyd, so I cannot provide an answer.",The correct answer to the question 'Who was William C. Boyd?' is: mid-20th-century anthropologist,0.1,"The actual output fails to provide the core truth of the expected output, which identifies William C. Boyd as a mid-20th-century anthropologist. Instead, it states that there is no information available about Boyd, which does not address the question at all. The response does not include any relevant details from the retrieval context that could have contributed to a more informative answer."
What allowed the expansion of Arabic translations during the 5th century?,The creation of Arabic script allowed the expansion of Arabic translations during the 5th century.,The correct answer to the question 'What allowed the expansion of Arabic translations during the 5th century?' is: creation of Arabic script,0.7313145065734497,"The actual output correctly identifies the creation of Arabic script as the factor that allowed the expansion of Arabic translations during the 5th century, aligning with the core truth of the expected output. However, it lacks the explicit phrasing of the expected answer format, which could enhance clarity. While it provides relevant context about the significance of Arabic script, it could have included more details from the retrieval context to further enrich the response without detracting from the core message."
When did the Xbox One launch?,"November 22, 2013.","The correct answer to the question 'When did the Xbox One launch?' is: November 22, 2013",0.8500729432915983,"The actual output correctly identifies the launch date of the Xbox One as November 22, 2013, which aligns with the core truth of the expected output. However, it lacks the explicit phrasing that indicates it is the answer to the question posed, which is present in the expected output. While the retrieval context provides additional relevant information about the Xbox 360 and its influence, it does not detract from the core truth, but the actual output could have been more comprehensive by including the context of the question directly."
How are passenger cabs separated from the lift?,"Passenger cabs are mechanically separated from the lift mechanism, allowing continuous use of the elevator shafts while passengers board and disembark.",The correct answer to the question 'How are passenger cabs separated from the lift?' is: mechanically,0.5437077989371951,"The actual output correctly identifies that passenger cabs are mechanically separated from the lift mechanism, which aligns with the core truth of the expected output. However, it provides excessive detail about the elevator's operation and context that detracts from the simplicity of the expected answer, which is just 'mechanically'. While the additional information may enhance understanding, it overshadows the core message, leading to a lower score."
Why did the NFL Network begin to broadcast games again?,The NFL Network resumed broadcasting games after resolving the league's labor issues.,The correct answer to the question 'Why did the NFL Network begin to broadcast games again?' is: the labor issues were resolved,0.7759396185518143,"The actual output correctly identifies that the NFL Network resumed broadcasting games after resolving labor issues, which aligns with the core truth of the expected output. However, it could be more concise by directly stating that the labor issues were resolved, as the expected output does. The additional context about the NFL Network's broadcasting practices adds relevant detail without detracting from the core truth."
What organization did Libya join in 1999?,Libya began secret talks to normalize relations with the British government in 1999.,The correct answer to the question 'What organization did Libya join in 1999?' is: Community of Sahel-Saharan States,0.1898667189134849,"The actual output fails to address the core truth of the expected output, which specifically asks about the organization Libya joined in 1999. Instead, it provides information about Libya's secret talks with the British government, which is irrelevant to the question. While the output does contain historical context, it does not answer the question posed, leading to a low score."
Which large body of water does Galicia border?,Galicia borders the Atlantic Ocean.,The correct answer to the question 'Which large body of water does Galicia border?' is: Atlantic Ocean,0.8,"The actual output correctly identifies that Galicia borders the Atlantic Ocean, which aligns with the core truth of the expected output. However, it lacks the explicit phrasing of the expected output that directly answers the question posed. While it provides a correct and relevant detail, it could have been more comprehensive by mirroring the structure of the expected output, which explicitly states the question and answer format."
﻿Who apologized to Chopin for adding embellishments to a musical piece he perforemed that was written by Chopin?,Berlioz apologized to Chopin for adding embellishments.,The correct answer to the question 'Who apologized to Chopin for adding embellishments to a musical piece he perforemed that was written by Chopin?' is: Liszt,0.15138233766906545,"The actual output incorrectly identifies Berlioz as the one who apologized to Chopin, while the expected output states it was Liszt. This fundamental error in identifying the correct individual undermines the core truth of the expected output. Additionally, the retrieval context does not provide relevant details that could clarify or support the actual output, further detracting from its accuracy."
When did the Allied invasion of Sicily occur?,July–August 1943.,The correct answer to the question 'When did the Allied invasion of Sicily occur?' is: July–August 1943,0.7257593230928644,"The actual output provides the correct timeframe for the Allied invasion of Sicily, aligning with the expected output. However, it lacks the explicit context of the question being answered, which diminishes clarity. While the core truth is present, the absence of the question reference in the actual output slightly detracts from its completeness."
From what country was Enlightenment leader Catherine the Great?,Russia,The correct answer to the question 'From what country was Enlightenment leader Catherine the Great?' is: Russia,0.8029362456589139,"The actual output correctly identifies Russia as the country associated with Catherine the Great, aligning with the core truth of the expected output. However, it lacks the additional context provided in the expected output, such as the phrasing of the question and the explicit statement of the answer. While the response is accurate, it could be improved by including more detail to match the comprehensiveness of the expected output."
"Along with God and morally responsible people, what is an example of a spiritual thing to Hegel?","An example of a spiritual thing to Hegel is ""Spirit"" or the ""collective mind"" of humanity.","The correct answer to the question 'Along with God and morally responsible people, what is an example of a spiritual thing to Hegel?' is: ethical communities",0.24325832701582076,"The actual output identifies 'Spirit' as a spiritual concept in Hegel's philosophy, which is somewhat related to the expected output of 'ethical communities.' However, it fails to directly answer the question posed in the expected output, which specifically asks for an example of a spiritual thing to Hegel. The actual output does not include the core truth of 'ethical communities' and does not provide additional relevant details that enhance understanding of the expected answer."
What is the name of the military in Burma ?,Tatmadaw.,The correct answer to the question 'What is the name of the military in Burma ?' is: Tatmadaw,0.8381813045984912,"The actual output correctly identifies 'Tatmadaw' as the name of the military in Burma, which aligns with the core truth of the expected output. However, it lacks the additional context provided in the expected output, such as the phrasing of the question and the explicit confirmation that 'Tatmadaw' is the correct answer. While the response is accurate, it could be improved by including more detail to enhance clarity and context."
"Who wrote an essay in 1945 that proposed a ""new approach?""",John von Neumann and Oskar Morgenstern.,"The correct answer to the question 'Who wrote an essay in 1945 that proposed a ""new approach?""' is: Vivian Galbraith",0.06638350322202627,"The actual output mentions John von Neumann and Oskar Morgenstern, which is related to game theory, but it does not address the core truth of the expected output, which identifies Vivian Galbraith as the author of the 1945 essay. The actual output fails to provide the correct answer to the question and lacks relevance to the specific inquiry about the essay, resulting in minimal alignment with the evaluation steps."
What two countries concluded a separate peace with Prussia?,Austria and France.,"The correct answer to the question 'What two countries concluded a separate peace with Prussia?' is: Like Sweden, Russia concluded a separate peace with Prussia.",0.19046018868455725,"The actual output identifies two countries, Austria and France, but fails to address the core question regarding which countries concluded a separate peace with Prussia. The expected output correctly identifies Russia as the country that concluded a separate peace, which is not mentioned in the actual output. Additionally, the actual output lacks relevant context from the retrieval context that could have provided a more comprehensive answer."
"Who wrote the words ""Against us they have raised the bloody flag of tyranny?""","Rouget de Lisle wrote the words ""Against us they have raised the bloody flag of tyranny.""","The correct answer to the question 'Who wrote the words ""Against us they have raised the bloody flag of tyranny?""' is: Rouget de Lisle",0.8032257856368137,"The actual output correctly identifies Rouget de Lisle as the author of the quoted words, aligning with the core truth of the expected output. However, it includes additional context about the quote's significance and its historical background, which, while informative, slightly diverges from the straightforward answer requested in the expected output. Overall, the core question is answered correctly, but the extra details may detract from the clarity of the response."
"Along with valence, what is the other of the two dimensions used to map emotional experiences?",Arousal.,"The correct answer to the question 'Along with valence, what is the other of the two dimensions used to map emotional experiences?' is: arousal",0.6988040145867254,"The actual output correctly identifies 'arousal' as the answer to the question, aligning with the core truth of the expected output. However, it lacks the context and clarity provided in the expected output, which explicitly states the question and the relationship between 'arousal' and 'valence'. While the core truth is present, the response could be improved by including additional context to enhance understanding."
"Chopin wrote some music to lyrics, what language were the lyrics?",Polish.,"The correct answer to the question 'Chopin wrote some music to lyrics, what language were the lyrics?' is: Polish",0.5719676693015525,"The actual output 'Polish' correctly identifies the language of the lyrics, aligning with the core truth of the expected output. However, it lacks the context and clarity provided in the expected output, which explicitly states the question and the answer format. While it is accurate, the brevity of the response does not enhance understanding or provide additional relevant details from the retrieval context, which could have enriched the answer."
﻿What suggests that memory has two different components?,The existence of RAM (read/write) and ROM (read-only) suggests that memory has two different components.,The correct answer to the question 'What suggests that memory has two different components?' is: term of internal representation,0.2872753202786046,"The actual output mentions RAM and ROM, which are relevant to the concept of memory components, but it fails to directly address the expected output's core truth regarding 'internal representation.' The response does not clearly articulate how these components suggest the existence of different memory types, leading to a lack of alignment with the expected answer."
What was the total value of all of Charleston's city buildings before the earthquake?,$24 million.,The correct answer to the question 'What was the total value of all of Charleston's city buildings before the earthquake?' is: $24 million,0.8498832609109834,"The actual output provides the correct numerical answer of $24 million, which aligns with the core truth of the expected output. However, it lacks the additional context and phrasing present in the expected output, which explicitly states the question being answered. While the core truth is present, the response could be improved by including a more comprehensive framing of the answer."
The Napoleonic peace treaty had Ceylon given to which country?,Ceylon was given to Britain.,The correct answer to the question 'The Napoleonic peace treaty had Ceylon given to which country?' is: Britain,0.6416201051784545,"The actual output correctly identifies that Ceylon was given to Britain, which aligns with the core truth of the expected output. However, it lacks the explicit context of the question regarding the Napoleonic peace treaty, which is crucial for clarity. While the statement is accurate, it does not fully articulate the connection to the treaty, which diminishes its effectiveness in conveying the complete answer."
What reduced Germany’s need for Soviet goods?,The abandonment of Treaty of Versailles military controls and the assertive policies of the isolationist Stalinist regime reduced Germany’s need for Soviet goods.,The correct answer to the question 'What reduced Germany’s need for Soviet goods?' is: Treaty of Versailles,0.36079834005990297,"The actual output mentions the Treaty of Versailles and its impact on Germany's reliance on Soviet goods, which aligns with the expected output. However, it introduces additional details about the Stalinist regime and military controls that deviate from the core truth of the expected answer. While it provides context, it does not directly answer the question as succinctly as the expected output."
Who recommended Nasser surrender himself to the British?,The information provided does not specify anyone recommending Nasser to surrender himself to the British.,The correct answer to the question 'Who recommended Nasser surrender himself to the British?' is: Salah Salem,0.18153111759335697,"The actual output fails to provide the correct answer to the question regarding who recommended Nasser surrender himself to the British, which is explicitly stated in the expected output. While it correctly notes the absence of such a recommendation in the provided information, it does not address the core truth that Salah Salem was the one who made the recommendation, thus lacking alignment with the evaluation steps."
How many people died because of the Spitak earthquake?,"The information provided does not include details about the Spitak earthquake. Therefore, I cannot provide the number of deaths resulting from it.","The correct answer to the question 'How many people died because of the Spitak earthquake?' is: more than 25,000",0.11649537390192319,"The actual output fails to provide the specific number of deaths from the Spitak earthquake, which is the core truth of the expected output. While it correctly states the lack of information, it does not acknowledge the expected figure of more than 25,000 deaths. The retrieval context does not contain relevant details about the Spitak earthquake, which further detracts from the response's completeness."
Which invention with military applications helped bring about the nation state?,Gunpowder.,The correct answer to the question 'Which invention with military applications helped bring about the nation state?' is: gunpowder,0.6217468787796252,"The actual output 'Gunpowder.' correctly identifies the core truth of the expected output, which is the invention that helped bring about the nation state. However, it lacks the clarity and completeness of the expected output, which explicitly states the question and provides context. While it is accurate, it does not include additional relevant details from the retrieval context that could enhance understanding, such as the impact of gunpowder on military organization and the nation state, which would provide a more comprehensive answer."
The principle Bible college of the Free Will Baptists is located in which Tennessee city?,Nashville.,The correct answer to the question 'The principle Bible college of the Free Will Baptists is located in which Tennessee city?' is: Nashville,0.7764140235110418,"The actual output correctly identifies Nashville as the city where the principle Bible college of the Free Will Baptists is located, aligning well with the expected output. However, it lacks the additional context provided in the expected output, which explicitly states the question and the phrase 'The correct answer to the question...'. While the core truth is present, the response could be improved by including this framing to enhance clarity and completeness."
Who redid the Tuileries Garden in 1664?,André Le Nôtre.,The correct answer to the question 'Who redid the Tuileries Garden in 1664?' is: André Le Nôtre,0.8070269291385213,"The actual output correctly identifies André Le Nôtre as the individual who redid the Tuileries Garden in 1664, aligning well with the expected output. However, it lacks the explicit context of the question and the phrase 'The correct answer to the question...' which would enhance clarity and completeness. The retrieval context provides relevant historical information about the Tuileries Garden, but this context is not utilized in the actual output, which could have further enriched the response."
Who resigned in September of 1987?,Boris Yeltsin resigned in September 1987.,The correct answer to the question 'Who resigned in September of 1987?' is: Boris Yeltsin,0.4407844583235033,"The actual output correctly identifies Boris Yeltsin as the individual who resigned, aligning with the core truth of the expected output. However, it inaccurately states the resignation date as September 1987 instead of the correct date of September 10, 1987. While the retrieval context provides relevant details about the circumstances surrounding Yeltsin's resignation, the actual output lacks the clarity and completeness of the expected output, which explicitly states the question and answer format."
﻿What religion alleged Freemasons as unnatural and irrational? ,The Roman Catholic Church characterized Freemasonry as unnatural and irrational.,The correct answer to the question 'What religion alleged Freemasons as unnatural and irrational? ' is: Catholic,0.6178282446856854,"The actual output correctly identifies the Roman Catholic Church's stance on Freemasonry, aligning with the core truth of the expected output. However, it fails to explicitly mention 'Catholic' as the answer to the question posed, which is a key detail in the expected output. While the response provides relevant context about the Church's objections, it does not enhance understanding of the specific question asked."
What was the first method used by the actor in trying to get his images taken down?,The actor sent multiple DMCA requests to the Archive.,The correct answer to the question 'What was the first method used by the actor in trying to get his images taken down?' is: DMCA requests,0.8,"The actual output correctly identifies DMCA requests as the method used by the actor to remove images, aligning with the core truth of the expected output. However, it provides additional context by mentioning that multiple requests were sent, which, while relevant, slightly deviates from the simplicity of the expected answer. Overall, it effectively answers the question while offering extra detail."
"What was responsible for creating thousands of scientific, technological, and knowledge-based businesses?","The Scientific Revolution and the Enlightenment, through the establishment of scientific societies and advancements in research and technology.","The correct answer to the question 'What was responsible for creating thousands of scientific, technological, and knowledge-based businesses?' is: the emergence and growth of several science parks throughout the world",0.23472207349331203,"The actual output mentions the Scientific Revolution and the Enlightenment, which are related to the expected output's focus on the emergence of science parks. However, it fails to address the specific question about what created thousands of scientific, technological, and knowledge-based businesses, leading to a significant misalignment with the core truth of the expected output. The additional context about scientific societies does not enhance understanding of the expected answer."
what instrument was Phuture the first to use in house music?,Phuture was the first to use the Roland TB-303 bass synthesizer in house music.,The correct answer to the question 'what instrument was Phuture the first to use in house music?' is: TB-303,0.7569177548768574,"The actual output correctly identifies the TB-303 as the instrument used by Phuture in house music, aligning with the core truth of the expected output. However, it lacks the explicit phrasing of the question and the format of the expected answer, which diminishes clarity. While it provides relevant information, it could enhance understanding by explicitly stating that the TB-303 is the answer to the posed question."
What does OSCE stand for?,Organization for Security and Cooperation in Europe.,The correct answer to the question 'What does OSCE stand for?' is: Organisation for Security and Co-operation in Europe,0.7037038462597418,"The actual output correctly identifies the organization as 'Organization for Security and Cooperation in Europe,' which aligns with the expected output's core truth. However, it lacks the full phrasing of the question and the introductory context provided in the expected output, which diminishes clarity. While the core truth is present, the absence of the complete answer format and the context reduces the overall effectiveness of the response."
Media such as a radio and television have started to make their presences felt since what years?,Since the early 1990s.,The correct answer to the question 'Media such as a radio and television have started to make their presences felt since what years?' is: early 1990s,0.5908654544512099,"The actual output captures the core truth of the expected output by stating 'early 1990s', which aligns with the question about when media like radio and television began to make their presence felt. However, it lacks the clarity and completeness of the expected output, which explicitly states the question and provides a full sentence structure. The retrieval context offers relevant information about media evolution but is not effectively integrated into the actual output, limiting its overall effectiveness."
What was the Thunder's previous name?,Seattle SuperSonics,The correct answer to the question 'What was the Thunder's previous name?' is: Seattle SuperSonics,0.7893124482104235,"The actual output correctly identifies the previous name of the Thunder as 'Seattle SuperSonics', which aligns with the core truth of the expected output. However, it lacks the additional context provided in the expected output that explicitly states it is the answer to the question posed. While the core truth is present, the absence of the framing sentence diminishes clarity and completeness."
What are assigned to phonemes by different linguists?,"Different linguists assign sounds to phonemes based on criteria like minimal pairs, phonetic similarity of allophones, and abstract units called morphophonemes.",The correct answer to the question 'What are assigned to phonemes by different linguists?' is: sounds,0.5528435584571835,"The actual output correctly identifies that sounds are assigned to phonemes by different linguists, which aligns with the core truth of the expected output. However, it provides additional details about the criteria used for this assignment, which, while informative, diverges from the simplicity of the expected answer. The response could be improved by more directly stating 'sounds' as the primary answer before elaborating on the criteria."
It is possible and often easy to roughly discern the relative pitches of two sounds of what?,Indefinite pitch.,The correct answer to the question 'It is possible and often easy to roughly discern the relative pitches of two sounds of what?' is: indefinite pitch,0.9000000000000001,"The actual output correctly identifies 'indefinite pitch' as the answer to the question posed in the expected output, addressing the core truth effectively. It succinctly provides the necessary information without deviating from the main point. However, it lacks some contextual details that could enhance understanding, such as the explanation of how indefinite pitch relates to the perception of relative pitches, which is present in the retrieval context."
How many seasons were the CityHawks in New York?,Two seasons.,The correct answer to the question 'How many seasons were the CityHawks in New York?' is: two,0.6845141744699161,"The actual output correctly identifies the number of seasons the CityHawks were in New York, aligning with the core truth of the expected output. However, it lacks the clarity and completeness of the expected output, which explicitly states the question and provides a full sentence. While the answer is correct, it could benefit from additional context or detail to enhance its comprehensiveness."
﻿What culture did the Inca fear the most?,The Inca feared the Cañaris the most.,The correct answer to the question 'What culture did the Inca fear the most?' is: The Cañaris,0.85524307842642,"The actual output correctly identifies the Cañaris as the culture the Inca feared the most, which aligns with the core truth of the expected output. However, it lacks the explicit phrasing of the expected output, which could enhance clarity. The response is concise and directly answers the question without unnecessary details, but it could have included a brief context about why the Cañaris were feared to provide additional relevant information."
Where are specialized FBI functions located?,"Specialized FBI functions are located in Quantico, Virginia, and Clarksburg, West Virginia.","The correct answer to the question 'Where are specialized FBI functions located?' is: Quantico, Virginia",0.711812974592996,"The actual output correctly identifies that specialized FBI functions are located in Quantico, Virginia, which aligns with the expected output. However, it also includes Clarksburg, West Virginia, which, while accurate, diverges from the specificity of the expected answer. The additional detail does not detract from the core truth but may be seen as unnecessary for the question asked."
What is a tradition unique to the Creole people?,"The touloulous, where women wear masks and gowns, dance anonymously at Carnival balls.",The correct answer to the question 'What is a tradition unique to the Creole people?' is: touloulous,0.6542657088333398,"The actual output identifies the touloulous as a unique tradition, which aligns with the expected output's core truth. However, while it provides relevant details about the tradition, such as the anonymity of the dancers and the context of Carnival balls, it lacks the explicit statement that 'touloulous' is the correct answer to the question posed. This omission slightly detracts from the clarity of the core message."
The economic goal of the state was to serve as what for the ruler?,The economic goal of the state was to serve as a means for the consolidation and extension of the ruler's power.,The correct answer to the question 'The economic goal of the state was to serve as what for the ruler?' is: consolidation and extension of the ruler's power,0.7526631637703105,"The actual output correctly identifies the economic goal of the state as serving the consolidation and extension of the ruler's power, which aligns with the core truth of the expected output. However, it lacks the explicit phrasing of the question and the answer format provided in the expected output, which diminishes its clarity and completeness. The retrieval context supports the actual output by providing relevant details about the economic functions and goals of the state, enhancing the understanding of the core truth."
Which developer began releasing games for both NES and Sega in 1991?,Acclaim.,The correct answer to the question 'Which developer began releasing games for both NES and Sega in 1991?' is: Acclaim,0.759309663038265,"The actual output 'Acclaim' correctly identifies the developer that began releasing games for both NES and Sega in 1991, aligning with the core truth of the expected output. However, it lacks the additional context provided in the expected output, which explicitly states the question and the full answer format. While the core truth is present, the absence of the question and the phrase 'The correct answer to the question...' slightly detracts from clarity and completeness."
In modern day New Haven who makes up for majority of the demographics in terms of ethnicity?,"In modern-day New Haven, the majority demographic is 42.6% White, followed by 35.4% Black or African American.",The correct answer to the question 'In modern day New Haven who makes up for majority of the demographics in terms of ethnicity?' is: Italian-American,0.1572260460143425,"The actual output provides demographic statistics for New Haven, but it fails to address the expected output, which identifies Italian-Americans as the majority demographic. While the actual output includes relevant data, it does not align with the core truth of the expected answer, leading to confusion about the primary demographic focus."
How long did vertebrate recovery take?,Vertebrate recovery began 4-6 million years after the Triassic-Jurassic extinction and was complete after 30 million years.,The correct answer to the question 'How long did vertebrate recovery take?' is: 30 million years,0.7181272153547327,"The actual output correctly identifies the duration of vertebrate recovery as 30 million years, aligning with the expected output. However, it includes additional context about the timing of recovery beginning 4-6 million years after the Triassic-Jurassic extinction, which, while relevant, could distract from the core truth of the recovery duration. Overall, the response is informative but slightly less focused on the specific question asked."
Who commanded that Valencia be destroyed?,Abd al-Rahman I ordered the destruction of Valencia.,The correct answer to the question 'Who commanded that Valencia be destroyed?' is: Abd al-Rahman I,0.7252937450208872,"The actual output correctly identifies Abd al-Rahman I as the individual who ordered the destruction of Valencia, aligning with the core truth of the expected output. However, it lacks the explicit phrasing of the question and the structured format of the expected answer, which diminishes clarity. While the output provides relevant historical context about Abd al-Rahman I's actions, it could be more concise to better match the expected output's focus."
What would someone in Belgium call the variation of Dutch spoken in Flanders?,Flemish (Vlaams).,The correct answer to the question 'What would someone in Belgium call the variation of Dutch spoken in Flanders?' is: Vlaams,0.834394632474616,"The actual output 'Flemish (Vlaams)' correctly identifies the variation of Dutch spoken in Flanders, aligning well with the expected output. However, it could have provided a more explicit connection to the question by including the phrase 'the variation of Dutch spoken in Flanders' to enhance clarity. The retrieval context offers additional relevant information about the linguistic distinctions and usage of 'Vlaams', which supports the core truth but is not directly reflected in the actual output."
What island may have been spotted by the Spanish on January 15?,Ujelang.,The correct answer to the question 'What island may have been spotted by the Spanish on January 15?' is: Ujelang,0.8256954948555038,"The actual output 'Ujelang' correctly identifies the island in response to the question about what island may have been spotted by the Spanish on January 15, aligning well with the expected output. However, it lacks the additional context provided in the expected output, which explicitly states the question and the full answer format. While the core truth is present, the absence of a complete sentence diminishes clarity and completeness."
﻿Who said in 2008 that China was unsatisfied with its involvement in the Galileo project?,The Hong Kong-based South China Morning Post reported in January 2008 that China was unsatisfied with its involvement in the Galileo project.,The correct answer to the question 'Who said in 2008 that China was unsatisfied with its involvement in the Galileo project?' is: the Hong Kong-based South China Morning Post,0.7594935837915288,"The actual output correctly identifies the source of the statement regarding China's dissatisfaction with the Galileo project, which aligns with the core truth of the expected output. However, it lacks the explicit phrasing of the question and the direct answer format requested in the expected output, which slightly detracts from its clarity and completeness."
How do some plants avoid cross pollination?,"Some plants avoid cross-pollination through heteromorphic flowers, self-incompatibility mechanisms, dioecy, or by producing asexual reproductive structures like bulbs or apomictic seeds.",The correct answer to the question 'How do some plants avoid cross pollination?' is: pollen either fails to reach the stigma,0.4201716524226069,"The actual output provides relevant mechanisms by which plants avoid cross-pollination, such as heteromorphic flowers and self-incompatibility. However, it does not clearly articulate the core truth of the expected output, which specifically states that pollen may fail to reach the stigma. While the additional details enhance understanding of the topic, they do not directly address the expected answer, leading to a lack of alignment with the core message."
What Russian-Austrian agreement preceded the Seven Years War that started in 1755-56?,"On June 2, 1746, Austria and Russia concluded a defensive alliance against Prussia and the Ottoman Empire, with a secret clause promising the restoration of Silesia to Austria in case of hostilities.","The correct answer to the question 'What Russian-Austrian agreement preceded the Seven Years War that started in 1755-56?' is: June 2, 1746, Austria and Russia concluded a defensive alliance that covered their own territory and Poland against attack by Prussia or the Ottoman Empire",0.7849094995903853,"The actual output correctly identifies the date and the nature of the alliance between Austria and Russia, which aligns with the expected output. However, it lacks the explicit mention of the agreement covering Poland, which is a key detail in the expected response. The additional information about the secret clause regarding Silesia enhances the context but could potentially distract from the core truth if not clearly connected to the main point."
In what language was Brahmi first used?,Brahmi was first used for Prakrit.,The correct answer to the question 'In what language was Brahmi first used?' is: Prakrit,0.5037189248915006,"The actual output correctly identifies that Brahmi was first used for Prakrit, which aligns with the core truth of the expected output. However, it lacks the explicit phrasing of the expected answer format, which states the question and provides a clear answer. While the information is accurate, it does not enhance understanding or provide additional relevant context from the retrieval context, which could have strengthened the response."
what was the prototype of ghetto house?,"The prototype of ghetto house is often associated with the Chicago house music scene, specifically influenced by artists like Frankie Knuckles and the development of acid house, known for its raw sound and use of synthesizers like the Roland TR-808 and TB-303.","The correct answer to the question 'what was the prototype of ghetto house?' is: ""Time for the Perculator"" by Cajmere",0.35160110288408053,"The actual output provides some relevant context about the ghetto house genre and its influences, but it fails to directly answer the core question regarding the prototype of ghetto house, which is specifically identified as 'Time for the Perculator' by Cajmere in the expected output. While it includes details about artists and equipment, it does not address the expected output's core truth."
Who did Armenia fight in teh Nagorno-Karabakh War?,Armenia fought Azerbaijan in the Nagorno-Karabakh War.,The correct answer to the question 'Who did Armenia fight in teh Nagorno-Karabakh War?' is: Azerbaijan,0.7804060566470258,"The actual output correctly identifies Azerbaijan as the opponent of Armenia in the Nagorno-Karabakh War, which aligns with the core truth of the expected output. However, it lacks the explicit phrasing of the expected output, which states the answer in a more formal manner. While the actual output provides relevant context about the conflict, it could have been more concise to directly mirror the expected output's format."
What was the City of Boston's name before it was the City of Boston?,The Town of Boston.,The correct answer to the question 'What was the City of Boston's name before it was the City of Boston?' is: the Town of Boston,0.7934056459090154,"The actual output correctly identifies the Town of Boston as the name before it became the City of Boston, aligning with the core truth of the expected output. However, it lacks the explicit phrasing of the question and the complete structure of the expected answer, which diminishes clarity. While it captures the essential information, it does not include additional relevant details from the retrieval context that could enhance understanding, such as the historical context of the name change."
How many student brothers were there in the year 2000?,The information provided does not specify the number of student brothers in the year 2000.,The correct answer to the question 'How many student brothers were there in the year 2000?' is: 917,0.1444590363176786,"The actual output fails to provide the correct answer to the question regarding the number of student brothers in the year 2000, which is a critical aspect of the expected output. While it correctly identifies the lack of specific information, it does not address the core truth that the expected output clearly states. The response lacks any additional relevant details from the retrieval context that could have supported a more informative answer."
What percentage of the human genome consists of protein coding genes?,1–2% of the human genome consists of protein-coding genes.,The correct answer to the question 'What percentage of the human genome consists of protein coding genes?' is: 1–2%,0.8709484506997475,"The actual output correctly states that 1–2% of the human genome consists of protein-coding genes, which aligns with the core truth of the expected output. However, it lacks the explicit phrasing of the question and the format of the expected answer, which could enhance clarity. While the retrieval context provides additional relevant information about the human genome, the actual output could have included a brief mention of the context to further enrich understanding without detracting from the core message."
Most names of Roman mosaic workers are what nationality?,Greek.,The correct answer to the question 'Most names of Roman mosaic workers are what nationality?' is: Greek,0.8629720630064478,"The actual output correctly identifies the nationality of Roman mosaic workers as 'Greek', which aligns with the expected output. It succinctly answers the core question without any extraneous information. However, while the retrieval context provides additional relevant details about the history and significance of mosaics, it does not detract from the core truth presented in the actual output. The response could have included a brief mention of the context to enhance understanding, but it remains accurate and focused."
﻿Einstein's paper on the photoelectric effect earned him the Nobel Prize in what year?,1921,The correct answer to the question 'Einstein's paper on the photoelectric effect earned him the Nobel Prize in what year?' is: 1921,0.7915464783181458,"The actual output provides the correct year, 1921, which aligns with the expected output. However, it lacks the contextual framing that the expected output provides, specifically the reference to Einstein's paper on the photoelectric effect and the context of the Nobel Prize. While the core truth is present, the absence of additional relevant details diminishes the overall clarity and completeness of the response."
What was the uranium-based bomb made by the US in World War II called?,"The uranium-based bomb was called ""Little Boy.""",The correct answer to the question 'What was the uranium-based bomb made by the US in World War II called?' is: Little Boy,0.8177145223783485,"The actual output correctly identifies the uranium-based bomb as 'Little Boy,' which aligns with the core truth of the expected output. However, it lacks the explicit phrasing of the question and the context provided in the expected output, which could enhance clarity. While the actual output is accurate, it could be more comprehensive by including the context of the question directly."
What caused the temporary NBA team to relocate to Oklahoma?,Hurricane Katrina.,The correct answer to the question 'What caused the temporary NBA team to relocate to Oklahoma?' is: Hurricane Katrina,0.8320450778784689,"The actual output correctly identifies Hurricane Katrina as the cause for the temporary relocation of the NBA team to Oklahoma, aligning well with the expected output. However, it lacks the additional context provided in the retrieval context that could enhance understanding, such as details about the New Orleans Hornets' temporary name and the duration of their stay in Oklahoma City. Including such information would have strengthened the response further."
The Broadway Musical began in what decade?,1880s,The correct answer to the question 'The Broadway Musical began in what decade?' is: 1880s,0.8077214187340613,"The actual output correctly identifies the decade as '1880s', which aligns with the core truth of the expected output. However, it lacks the explicit phrasing that contextualizes the answer as a response to the question about the Broadway Musical's inception. While it provides the correct answer, it does not include the additional context or structure present in the expected output, which could enhance clarity and completeness."
What type of music is John Lee Hooker known for?,Blues.,The correct answer to the question 'What type of music is John Lee Hooker known for?' is: blues,0.8091594460997978,"The actual output correctly identifies the core truth by stating 'Blues', which aligns with the expected output. However, it lacks the additional context provided in the expected output that specifies the answer is in response to the question about John Lee Hooker. While the core answer is correct, the brevity of the response could be improved by including a more explicit connection to the question asked."
Who made the first US mandolin?,Joseph Bohmann.,The correct answer to the question 'Who made the first US mandolin?' is: Joseph Bohm,0.562768564252967,"The actual output identifies Joseph Bohmann, which is relevant to the expected output that mentions Joseph Bohm. However, the actual output lacks the context of the question and does not clearly articulate that Bohmann is the answer to 'Who made the first US mandolin?'. The retrieval context provides additional information about Bohmann's contributions, but the actual output does not leverage this context to enhance understanding."
Who has used programs such as Carnivore and NarusInsight to eavesdrop on the systems of internet service providers?,The FBI and NSA have used programs like Carnivore and NarusInsight to eavesdrop on ISP systems.,The correct answer to the question 'Who has used programs such as Carnivore and NarusInsight to eavesdrop on the systems of internet service providers?' is: the FBI and NSA,0.8540885713711003,"The actual output correctly identifies the FBI and NSA as the agencies that have used programs like Carnivore and NarusInsight to eavesdrop on ISP systems, which aligns with the core truth of the expected output. However, it lacks the explicit phrasing of 'the correct answer to the question' as stated in the expected output, which slightly diminishes its alignment. The additional context about the programs enhances understanding without deviating from the core truth."
How many people work in University of Oklahoma?,"The University of Oklahoma employed 2,663 faculty members in fall 2012.","The correct answer to the question 'How many people work in University of Oklahoma?' is: 11,900",0.19709843211558048,"The actual output provides a specific number of faculty members employed at the University of Oklahoma, which is relevant but does not answer the core question regarding the total number of people working there. The expected output states 11,900, which is significantly different from the actual output. While the actual output includes factual information, it fails to address the core truth of the expected output, leading to a low score."
Where did the OAU summit in July 1999 occur?,"Algiers, Algeria.",The correct answer to the question 'Where did the OAU summit in July 1999 occur?' is: Algiers,0.7200337012309262,"The actual output correctly identifies 'Algiers, Algeria' as the location of the OAU summit in July 1999, which aligns with the core truth of the expected output. However, it lacks the explicit context of the question and the phrasing of the expected output, which could enhance clarity. While the retrieval context provides relevant historical details about Gaddafi and the OAU summit, the actual output does not incorporate any of this additional information, which could have enriched the response without detracting from the core message."
Where was the Northern Fleets nuclear-powered aircraft carrier supposed to be stationed?,Murmansk.,The correct answer to the question 'Where was the Northern Fleets nuclear-powered aircraft carrier supposed to be stationed?' is: Murmansk,0.7844967114522188,"The actual output correctly identifies 'Murmansk' as the location for the Northern Fleet's nuclear-powered aircraft carrier, aligning with the core truth of the expected output. However, it lacks the additional context provided in the expected output, such as the phrasing of the question and the explicit statement that this is the correct answer. While the response is accurate, it could be improved by including more detail to enhance clarity and context."
﻿What did Princeton claim the real reasons for the rejection of Li's application was?,"Princeton claimed Li was rejected because ""many others had far better qualifications"" and his extracurricular activities were ""not all that outstanding.""",The correct answer to the question 'What did Princeton claim the real reasons for the rejection of Li's application was?' is: many others had far better qualifications,0.7130543080436738,"The actual output captures the core truth of Princeton's claim regarding Li's rejection, specifically mentioning that 'many others had far better qualifications.' However, it includes additional details about Li's extracurricular activities, which, while relevant, may detract from the simplicity of the expected output. The response is comprehensive and provides context, but it could be more focused on the core answer."
The IANA database works by connecting names to what information about the location?,The IANA database connects names to their corresponding IP address information about the location.,The correct answer to the question 'The IANA database works by connecting names to what information about the location?' is: historical and predicted clock shifts,0.18638221912105918,"The actual output mentions the IANA database's function of connecting names to IP address information, which is somewhat related to the expected output. However, it fails to address the core truth of the expected output, which specifically states that the database connects names to historical and predicted clock shifts. The actual output does not include this critical information and does not enhance understanding of the expected output."
Who was in control of Estonia before the Germans?,"The Russians, as part of the Russian Empire, were in control of Estonia before the Germans.",The correct answer to the question 'Who was in control of Estonia before the Germans?' is: the USSR,0.3745969190603801,"The actual output identifies the Russian Empire's control over Estonia, which is relevant but does not directly answer the question posed in the expected output. The core truth of the expected output is that the USSR was in control before the Germans, which is not explicitly stated in the actual output. While the actual output provides some historical context, it lacks clarity and does not enhance understanding of the core message regarding the timeline of control over Estonia."
What meeting was conducted to discuss the PVA's problems?,A conference called by Zhou Enlai in Shenyang.,"The correct answer to the question 'What meeting was conducted to discuss the PVA's problems?' is: the Military Commission,",0.3783696723916497,"The actual output mentions a conference called by Zhou Enlai in Shenyang, which is relevant to the context of discussing the PVA's problems. However, it fails to directly answer the expected output regarding the Military Commission, which is the specific meeting that addressed these issues. While it provides some context, it does not fully align with the core truth of the expected output."
How much of GE's revenues is derived from the financial services it provides?,Over half of GE's revenue is derived from financial services.,The correct answer to the question 'How much of GE's revenues is derived from the financial services it provides?' is: over half,0.8180012033695446,"The actual output correctly identifies that over half of GE's revenue comes from financial services, which aligns with the core truth of the expected output. However, it provides additional context about GE's status as a financial company and its operations, which, while relevant, slightly diverges from the simplicity of the expected answer. Overall, it effectively answers the question while offering more detail."
"Some cardinals are bishop in name only, what are they called?","They are called ""cardinal bishops.""","The correct answer to the question 'Some cardinals are bishop in name only, what are they called?' is: Cardinal bishops",0.818776344114608,"The actual output correctly identifies the term 'cardinal bishops,' which aligns with the core truth of the expected output. However, it lacks the introductory context that explicitly states it is answering the question posed, which diminishes clarity. While the response is accurate and concise, it could benefit from a more comprehensive framing to match the expected output's structure."
What is the illusion given by these effects?,"The illusion is that time perception can be distorted by psychoactive drugs and environmental factors like lighting, affecting emotional intensity and decision-making.",The correct answer to the question 'What is the illusion given by these effects?' is: the illusion of the room stretching,0.2909020488952342,"The actual output discusses the distortion of time perception due to psychoactive drugs and environmental factors, which is somewhat related to the expected output about the illusion of the room stretching. However, it fails to directly address the specific illusion mentioned in the expected output, thus missing the core truth. While it provides relevant context about time perception, it does not enhance understanding of the specific illusion requested."
Who was elected to be the new deputy general secretary of the Communist Part of the Soviet Union in July?,"In July, Eduard Shevardnadze was appointed Minister of Foreign Affairs but there was no specific mention of a new deputy general secretary.",The correct answer to the question 'Who was elected to be the new deputy general secretary of the Communist Part of the Soviet Union in July?' is: Volodymyr Ivashko,0.18553136640593018,"The actual output fails to address the core question regarding the new deputy general secretary, instead mentioning Eduard Shevardnadze's appointment as Minister of Foreign Affairs. This does not align with the expected output, which clearly states that Volodymyr Ivashko was elected to the position. While the actual output is factually correct regarding Shevardnadze, it does not provide the relevant information needed to answer the question, thus lacking alignment with the evaluation steps."
What year did Sicily become ruled by the Holy Roman Empire?,Sicily came under the control of the Holy Roman Empire in 1194.,The correct answer to the question 'What year did Sicily become ruled by the Holy Roman Empire?' is: 1194,0.8046585329547089,"The actual output correctly identifies the year Sicily came under the control of the Holy Roman Empire as 1194, which aligns with the expected output. However, it lacks the explicit phrasing that directly answers the question posed in the expected output, which could enhance clarity. The retrieval context provides relevant historical details that support the answer, but the actual output could have benefited from a more direct connection to the question format in the expected output."
What was the original projected cost of the viaduct replacement tunnel?,US$4.25 billion.,The correct answer to the question 'What was the original projected cost of the viaduct replacement tunnel?' is: $4.25 billion,0.8311302415342382,"The actual output provides the correct numerical answer of US$4.25 billion, which aligns with the core truth of the expected output. However, it lacks the contextual framing and clarity present in the expected output, which explicitly states the question being answered. While the actual output is accurate, it could benefit from additional context to enhance understanding."
﻿What did the soldiers who emigrated form?,"The soldiers who emigrated formed professional warrior forces, known as bajorai (nobles), in the Grand Duchy of Lithuania.",The correct answer to the question 'What did the soldiers who emigrated form?' is: King's German Legion,0.054180396061372114,"The actual output does not address the question posed in the expected output, which specifically asks what the soldiers who emigrated formed. Instead, it incorrectly states that they formed 'bajorai' in the Grand Duchy of Lithuania, which is unrelated to the expected answer of 'King's German Legion'. This indicates a complete misalignment with the core truth of the expected output."
What does ASEAN mean?,ASEAN stands for the Association of Southeast Asian Nations.,The correct answer to the question 'What does ASEAN mean?' is: Association of Southeast Asian Nations,0.9192218786097154,"The actual output correctly identifies ASEAN as the Association of Southeast Asian Nations, directly addressing the core truth of the expected output. It succinctly answers the question without introducing irrelevant details, maintaining focus on the definition of ASEAN as requested."
Are communications services in Somalia mostly concentrated in the public or private sector?,Communications services in Somalia are mostly concentrated in the private sector.,The correct answer to the question 'Are communications services in Somalia mostly concentrated in the public or private sector?' is: private,0.8034453376018957,"The actual output correctly identifies that communications services in Somalia are mostly concentrated in the private sector, which aligns with the expected output's core truth. However, it lacks the explicit phrasing of 'private' as the answer to the question posed, which would have strengthened its alignment. The additional context provided enhances understanding of the sector's dynamics but is not necessary for answering the core question."
What was lost in Prussia's history during the Plague?,"Approximately one-third of East Prussia's population, including the last speakers of Old Prussian, died during the plague (1709–1711).",The correct answer to the question 'What was lost in Prussia's history during the Plague?' is: speakers of Old Prussian,0.6267421840672294,"The actual output identifies a significant loss during the plague, specifically mentioning the last speakers of Old Prussian, which aligns with the core truth of the expected output. However, it does not directly answer the question posed in the expected output, which specifically asks for what was lost in Prussia's history. While the information is relevant and provides context, it could be more explicitly connected to the expected output's phrasing."
What famous Greek author did Athanasius  quote?,"Athanasius frequently quoted the Septuagint, a Greek translation of the Old Testament.",The correct answer to the question 'What famous Greek author did Athanasius  quote?' is: Homer,0.19655466256528648,"The actual output does not address the core question of who Athanasius quoted, instead mentioning his use of the Septuagint. This fails to provide the expected answer of Homer, which is the core truth. While the output includes relevant context about Athanasius's knowledge of Greek, it does not fulfill the requirement of directly answering the question posed."
What public transportation is in the works to be completed by 2018?,"A modern streetcar in downtown Oklahoma City, funded by MAPS 3, was expected to begin operation around 2017.",The correct answer to the question 'What public transportation is in the works to be completed by 2018?' is: A planned Mid-Coast extension of the Trolley,0.2886764133744323,"The actual output mentions a modern streetcar in Oklahoma City, which is relevant to public transportation, but it does not directly answer the expected question about the Mid-Coast extension of the Trolley. While it provides some context about the streetcar's funding and timeline, it lacks the core truth of the expected output and does not include additional relevant details that would enhance the answer."
"Along with Galicia's, which other two province's autonomy was annulled?",Catalonia and the Basque provinces.,"The correct answer to the question 'Along with Galicia's, which other two province's autonomy was annulled?' is: Catalonia and the Basque provinces",0.795928430082818,"The actual output correctly identifies Catalonia and the Basque provinces, which aligns with the expected output's core truth regarding the annulment of autonomy. However, it lacks the explicit context of the question and the phrase 'The correct answer to the question...' that would enhance clarity and understanding. While it provides the correct information, it does not fully articulate the connection to the question asked."
When was the first Canadian Baptist church established?,"The first Canadian Baptist church was established on October 29, 1778.",The correct answer to the question 'When was the first Canadian Baptist church established?' is: 29 October 1778,0.8035011538528737,"The actual output correctly identifies the date of establishment for the first Canadian Baptist church, aligning with the core truth of the expected output. However, it lacks the explicit phrasing of the question and the introductory statement found in the expected output, which would enhance clarity. The additional context provided in the retrieval context is relevant but not included in the actual output, which could have further enriched the response without detracting from the core message."
What electric instrument is often seen in adult contemporary?,The electric guitar.,The correct answer to the question 'What electric instrument is often seen in adult contemporary?' is: bass guitar,0.20380977825105556,"The actual output mentions 'The electric guitar,' which is related to the topic but does not address the specific question about the electric instrument commonly seen in adult contemporary music. The expected output clearly identifies 'bass guitar' as the correct answer, which is missing in the actual output. While the actual output is somewhat relevant, it fails to provide the core truth and lacks the necessary context to enhance understanding."
In terms of scale how big is the harbor?,"New Haven Harbor occupies around 400,000 square feet of inside storage and 50 acres (approximately 2,178,000 square feet) of outside storage.","The correct answer to the question 'In terms of scale how big is the harbor?' is: 400,000 square feet",0.6161897464684857,"The actual output provides relevant information about New Haven Harbor's storage capacity, including both inside and outside storage, which adds context. However, it does not directly answer the question regarding the scale of the harbor as clearly as the expected output, which specifically states '400,000 square feet' as the answer. While the additional details enhance understanding, they detract from the clarity of the core truth that the expected output emphasizes."
﻿"Along with being carved how were altarpieces often decorated in this period?","Altarpieces were often decorated with miniature mosaic icons, featuring small tesserae set on wax or resin, and sometimes adorned with elaborate, golden mosaics.","The correct answer to the question 'Along with being carved, how were altarpieces often decorated in this period?' is: Painted",0.21869271294637227,"The actual output discusses the decoration of altarpieces with miniature mosaic icons, which is relevant but does not address the core truth of the expected output that states altarpieces were often decorated by being painted. While the actual output provides additional details about mosaic techniques, it fails to answer the specific question posed, leading to a low score."
What did they go to war against Bolshevick?,"The information provided does not mention a war against the Bolsheviks. It mainly focuses on conflicts involving the Crimean War, Russo-Turkish War, and Napoleonic Wars.",The correct answer to the question 'What did they go to war against Bolshevick?' is: to maintain independence,0.23322562133330277,"The actual output fails to address the core truth of the expected output, which is the reason for going to war against the Bolsheviks. Instead, it focuses on unrelated historical conflicts, missing the specific answer of 'to maintain independence.' While it correctly identifies the absence of relevant information about the Bolsheviks, it does not provide any context or details that would enhance understanding of the expected answer."
What band named after a floating vehicle influenced Queen?,Smile.,The correct answer to the question 'What band named after a floating vehicle influenced Queen?' is: Led Zeppelin,0.1559579096872002,"The actual output 'Smile.' does not address the expected output regarding the band Led Zeppelin, which is the correct answer to the question posed. While the retrieval context provides relevant background about the band Smile, it fails to connect this information to the expected output, leading to a significant misalignment with the evaluation steps."
"In 2007, what kind of contest was Jennifer Strange participating in upon her death?",A water-drinking contest.,"The correct answer to the question 'In 2007, what kind of contest was Jennifer Strange participating in upon her death?' is: water-drinking",0.5474103155224015,"The actual output identifies the contest as a 'water-drinking contest,' which aligns with the core truth of the expected output. However, it lacks the specificity of the expected output, which explicitly states the context of Jennifer Strange's participation and her death. While the actual output is correct, it does not provide the comprehensive detail that the expected output includes, resulting in a moderate score."
What fraction of New Yorkers in the private sector are employed by foreign companies?,1 in 10 New Yorkers in the private sector are employed by foreign companies.,The correct answer to the question 'What fraction of New Yorkers in the private sector are employed by foreign companies?' is: One out of ten,0.7887902005858889,"The actual output correctly identifies the fraction of New Yorkers in the private sector employed by foreign companies as '1 in 10', which aligns with the core truth of the expected output. However, it lacks the explicit phrasing 'One out of ten' as stated in the expected output, which slightly detracts from its alignment. The additional context provided in the retrieval context about foreign companies and employment in New York City supports the answer but is not directly referenced in the output."
What stood out in Clark's response to Leibniz?,"The text provided does not mention Clark's response to Leibniz, so I'm unable to answer that question.",The correct answer to the question 'What stood out in Clark's response to Leibniz?' is: the bucket argument,0.139450721134888,"The actual output fails to address the core truth of the expected output, which is specifically about Clark's response to Leibniz and the bucket argument. Instead, it states an inability to answer the question, indicating a lack of engagement with the expected content. There is no relevant information from the retrieval context that enhances the response, further detracting from its alignment with the evaluation steps."
How can obstruction be employed?,"Obstruction can be employed through strategies such as delaying regulatory processes, manipulating rules, or creating unnecessary bureaucratic hurdles, often facilitated by corruption, to impede competition or evade compliance with statutes.","The correct answer to the question 'How can obstruction be employed?' is: motions to adjourn, appeals of the presiding officer's ruling, or numerous requests for roll call votes",0.23414529354575703,"The actual output discusses obstruction in a broad context, mentioning strategies like delaying processes and corruption, which diverges from the specific examples of obstruction provided in the expected output, such as motions to adjourn and requests for roll call votes. While it touches on relevant themes, it fails to directly address the core truth of the expected output, leading to a lack of alignment."
Serbo-Croatian is the only Slavic language to use what two scripts together?,Cyrillic and Latin scripts.,The correct answer to the question 'Serbo-Croatian is the only Slavic language to use what two scripts together?' is: Latin and Cyrillic,0.662528484632226,"The actual output correctly identifies the two scripts used in Serbo-Croatian, aligning with the core truth of the expected output. However, it lacks the explicit context of the question and the phrase 'the only Slavic language to use what two scripts together,' which would enhance clarity. While the response is accurate, it could benefit from a more complete articulation of the expected answer."
What is the conviction that Jehovah's Witness leaders dispense absolute truth?,"Jehovah's Witness leaders, through the Governing Body, claim to provide ""divine guidance"" based on scripture, leading adherents to view their teachings as absolute truth. Members are discouraged from independent study and must accept official doctrines without criticism.",The correct answer to the question 'What is the conviction that Jehovah's Witness leaders dispense absolute truth?' is: absolutism,0.4735018882633703,"The actual output provides a detailed explanation of the beliefs and practices of Jehovah's Witnesses regarding their leaders' claims of divine guidance and the acceptance of official doctrines. However, it fails to directly address the core truth of the expected output, which is the specific term 'absolutism' that encapsulates their conviction of dispensing absolute truth. While the additional context enhances understanding, it does not align with the succinctness required by the expected output."
What caused the resurface of the Grecian monotony in politics ?,"The resurface of Grecian monotony in politics was caused by a decline in cultural innovation, with historians comparing the Hellenistic period unfavorably to classical Greece, alongside political instability and the rise of dependency on populist leaders.",The correct answer to the question 'What caused the resurface of the Grecian monotony in politics ?' is: the fall of Constantinople to the Crusaders of the Fourth Crusade in 1204,0.19774538125010327,"The actual output discusses the decline in cultural innovation and political instability as causes for the resurface of Grecian monotony, which diverges significantly from the expected output that attributes this to the fall of Constantinople in 1204. While the actual output presents some relevant historical context, it fails to address the specific cause outlined in the expected output, leading to a lack of alignment with the core truth."
﻿What did encoders base the encoding rate for each frame on?,Encoders based the encoding rate for each frame on the complexity of the sound in that portion of the recording.,The correct answer to the question 'What did encoders base the encoding rate for each frame on?' is: the complexity of the sound,0.7849978908603394,"The actual output correctly identifies that encoders base the encoding rate on the complexity of the sound, which aligns with the core truth of the expected output. However, while it provides relevant context about the encoding process, it could be more concise and directly state the answer to the question posed, which would enhance clarity and focus."
Whose winning design for public competition began the dominance of Greek style architecture?,The winning design was by Ictinus and Callicrates for the Parthenon.,The correct answer to the question 'Whose winning design for public competition began the dominance of Greek style architecture?' is: William Wilkins,0.0920397598030002,"The actual output incorrectly identifies the winning design as being by Ictinus and Callicrates for the Parthenon, while the expected output states that the correct answer is William Wilkins. This shows a complete misalignment with the core truth of the expected output, as it fails to address the question regarding the dominance of Greek style architecture and provides an irrelevant answer instead."
Where is Tibet ranked among China's 31 provinces on the UN's Human Development Index?,The information provided does not include Tibet's specific ranking among China's 31 provinces on the UN's Human Development Index.,The correct answer to the question 'Where is Tibet ranked among China's 31 provinces on the UN's Human Development Index?' is: lowest,0.2922800057231947,"The actual output correctly identifies that Tibet's specific ranking is not provided, but it fails to convey the core truth that Tibet is ranked lowest among China's provinces on the UN's Human Development Index. While it does not detract from the core question, it does not address it directly, leading to a significant shortcoming in alignment with the expected output."
For what type of goods are IP's ethical problems most pertinent?,IP's ethical problems are most pertinent for socially valuable goods like life-saving medicines.,The correct answer to the question 'For what type of goods are IP's ethical problems most pertinent?' is: socially valuable,0.7695546224656258,"The actual output correctly identifies that IP's ethical problems are most pertinent for socially valuable goods, aligning with the expected output. However, it provides additional context by specifying 'life-saving medicines,' which enhances the detail without deviating from the core truth. This additional information strengthens the response, though it slightly shifts focus from the simplicity of the expected output."
"In through-hole construction, what are the leads on the front attached to on the back?",The leads on the front are soldered to copper traces on the back.,"The correct answer to the question 'In through-hole construction, what are the leads on the front attached to on the back?' is: copper traces",0.7455867354404331,"The actual output correctly identifies that the leads on the front are soldered to copper traces on the back, which aligns with the core truth of the expected output. However, it provides additional context about the soldering process that, while relevant, is not necessary for answering the specific question. This extra detail enhances the response but slightly detracts from the simplicity of the expected answer."
What natural substance has been found to effectively increase crop yields,Composted yard waste has been found to effectively increase crop yields.,The correct answer to the question 'What natural substance has been found to effectively increase crop yields' is: carbon to nitrogen,0.26344466944848105,"The actual output mentions that composted yard waste increases crop yields, which aligns with the general theme of improving crop yields. However, it fails to address the specific expected output regarding the carbon to nitrogen ratio, which is the core truth of the expected answer. The actual output does not include this critical detail, and while it provides some relevant information, it does not enhance understanding of the specific question asked."
Who was in charge of the American Idol band in season eleven?,Ray Chew.,The correct answer to the question 'Who was in charge of the American Idol band in season eleven?' is: Ray Chew,0.8219594147573822,"The actual output correctly identifies Ray Chew as the person in charge of the American Idol band in season eleven, aligning with the core truth of the expected output. However, it lacks the additional context provided in the expected output, such as the phrasing 'The correct answer to the question...' which adds clarity and formality. While the response is accurate, it could benefit from a more comprehensive presentation."
Why didn't LaserDiscs become popular in North America?,"High costs for players and titles, inability to record TV programming, and competition from VHS and Betamax.",The correct answer to the question 'Why didn't LaserDiscs become popular in North America?' is: high cost of the players and discs,0.7729376037379532,"The actual output accurately identifies high costs as a primary reason for the lack of popularity of LaserDiscs in North America, which aligns with the expected output. It also includes additional relevant details such as the inability to record TV programming and competition from VHS and Betamax, enhancing the understanding of the context. However, it could have been more concise by focusing solely on the core truth without the extra details, which slightly detracts from the clarity of the response."
In what direction out of Kathmandu does the Prithvi Highway travel?,The Prithvi Highway travels west out of Kathmandu.,The correct answer to the question 'In what direction out of Kathmandu does the Prithvi Highway travel?' is: west,0.7750099085023271,"The actual output correctly identifies the direction of the Prithvi Highway as west, which aligns with the core truth of the expected output. However, it lacks the explicit phrasing that indicates it is answering a question, which would enhance clarity and alignment with the expected format. The additional context provided does not detract from the core message but could have included more relevant details about the highway's significance or connections to other routes."
Who is responsible for approving drugs in the United Kingdom?,The Medicines and Healthcare Products Regulatory Agency (MHRA) is responsible for approving drugs in the United Kingdom.,The correct answer to the question 'Who is responsible for approving drugs in the United Kingdom?' is: Medicines and Healthcare Products Regulatory Agency,0.8086433618362431,"The actual output correctly identifies the Medicines and Healthcare Products Regulatory Agency (MHRA) as the body responsible for drug approval in the UK, aligning well with the expected output. However, it lacks the explicit phrasing of the expected answer format, which could enhance clarity. Additionally, while the output is accurate, it does not incorporate any relevant details from the retrieval context that could provide further insight into the drug approval process, such as the role of the European Medicines Agency or NICE, which could have enriched the response without detracting from the core truth."
﻿Which game publication does Jeff Gerstmann work for?,Jeff Gerstmann works for GameSpot.,The correct answer to the question 'Which game publication does Jeff Gerstmann work for?' is: GameSpot,0.7963133603699781,"The actual output correctly identifies that Jeff Gerstmann works for GameSpot, which aligns with the core truth of the expected output. However, it lacks the explicit phrasing of the question and the format of the expected answer, which could enhance clarity and directness. The additional context provided does not detract from the core truth but is irrelevant to the specific question asked."
Name the accent spoken in the area?,Miami accent,The correct answer to the question 'Name the accent spoken in the area?' is: The Philadelphia dialect,0.01844240921345365,"The actual output states 'Miami accent', which does not align with the expected output of 'The Philadelphia dialect'. The core truth of the expected output is not present in the actual output, as it fails to answer the question regarding the accent spoken in the area, leading to a complete misalignment with the evaluation steps."
Do listing notices cross international soil?,"Yes, foreign nations may receive notice of a species listing.",The correct answer to the question 'Do listing notices cross international soil?' is: Foreign nations may also receive notice of a listing,0.787202454155748,"The actual output correctly identifies that foreign nations may receive notice of a species listing, which aligns with the core truth of the expected output. However, it lacks the explicit phrasing of the question and the complete context provided in the expected output, which could enhance clarity. The response is accurate but could be improved by incorporating the phrasing from the expected output for better alignment."
Is there a larger or smaller number of Jews that speak Yiddish today than in the past?,Smaller number.,The correct answer to the question 'Is there a larger or smaller number of Jews that speak Yiddish today than in the past?' is: a far smaller number of Jews still speak Yiddish,0.45446834063323405,"The actual output identifies a smaller number of Jews speaking Yiddish today, which aligns with the core truth of the expected output. However, it lacks the necessary detail and context provided in the expected output, such as the phrase 'a far smaller number of Jews still speak Yiddish,' which emphasizes the significant decline. The response does not fully articulate the comparison to the past, missing an opportunity to enhance understanding with relevant details from the retrieval context."
Which site removed the option of downloading youtube videos after 2012?,Zamzar removed the ability to download YouTube videos from its site.,The correct answer to the question 'Which site removed the option of downloading youtube videos after 2012?' is: Zamzar,0.8226800663999285,"The actual output correctly identifies Zamzar as the site that removed the ability to download YouTube videos, aligning with the core truth of the expected output. However, it lacks the explicit phrasing of the expected output, which states the question and answer format. While the additional context about Zamzar's actions enhances understanding, it could have been more directly aligned with the expected format."
"What falls within the term ""cultural anthropology""?","Cultural anthropology encompasses the study of societies, kinship and social organization, economic and political structures, law, conflict resolution, material culture, technology, gender relations, ethnicity, socialization, religion, values, and symbolic communication, among others.","The correct answer to the question 'What falls within the term ""cultural anthropology""?' is: the ideology and analytical stance of cultural relativism",0.2790364559859632,"The actual output provides a broad overview of cultural anthropology, listing various aspects of the field, but it fails to address the specific core truth of the expected output, which emphasizes the ideology of cultural relativism. While the retrieval context offers relevant background information, it does not enhance the actual output's alignment with the expected answer, leading to a significant gap in relevance."
"Rousseau argued for a society based on what, rather than faith?",Reason.,"The correct answer to the question 'Rousseau argued for a society based on what, rather than faith?' is: reason",0.763505315064843,"The actual output correctly identifies the core truth of the expected output by stating 'reason' as the answer to the question about Rousseau's argument for a society based on reason rather than faith. However, it lacks additional context or details that could enhance understanding, such as Rousseau's specific ideas or the implications of his philosophy, which are present in the retrieval context. This omission prevents a perfect score."
What was Everton's nickname when they wore black before 1901?,The Black Watch.,The correct answer to the question 'What was Everton's nickname when they wore black before 1901?' is: The Black Watch,0.8724094552874824,"The actual output correctly identifies Everton's nickname when they wore black before 1901 as 'The Black Watch', which aligns with the expected output. However, it lacks the introductory context that explicitly states it is the answer to the question posed, which slightly detracts from clarity. The retrieval context provides additional relevant information about the nickname's origin, enhancing understanding, but the actual output could have been more comprehensive by including a direct reference to the question."
What revoked Strasbourg's status as a free city? ,Strasbourg's status as a free city was revoked by the French Revolution.,The correct answer to the question 'What revoked Strasbourg's status as a free city? ' is: French Revolution,0.7664660581380057,"The actual output correctly identifies that Strasbourg's status as a free city was revoked by the French Revolution, which aligns with the expected output. However, while it provides accurate information, it lacks the explicit phrasing of the question and answer format present in the expected output. Additionally, the retrieval context offers relevant historical details that enhance understanding but are not directly referenced in the actual output, which could have further strengthened the response."
Strasbourg has an official seat in what parliament?,European Parliament.,The correct answer to the question 'Strasbourg has an official seat in what parliament?' is: European,0.7788036350698861,"The actual output correctly identifies 'European Parliament' as the answer to the question about Strasbourg's official seat, aligning with the core truth of the expected output. However, it lacks the additional context provided in the expected output, which specifies the answer format and includes the phrase 'The correct answer to the question...'. While the actual output is accurate, it could be improved by incorporating a more complete response format that mirrors the expected output's structure."
﻿In which city was Karl Popper born?,Vienna.,The correct answer to the question 'In which city was Karl Popper born?' is: Vienna,0.8972554804389574,"The actual output correctly identifies Vienna as the city where Karl Popper was born, aligning with the expected output. While it is concise, it lacks the introductory phrase present in the expected output, which could enhance clarity. However, it does not detract from the core truth, and the retrieval context provides additional relevant details that enrich the understanding of Popper's background without overshadowing the main answer."
Who was previously Starr's public relations agent?,Max Clifford.,The correct answer to the question 'Who was previously Starr's public relations agent?' is: Max Clifford,0.7158511364814936,"The actual output correctly identifies Max Clifford as Starr's public relations agent, which aligns with the core truth of the expected output. However, it lacks the additional context provided in the expected output, such as the phrasing of the question and the complete sentence structure. While the core truth is present, the response could be improved by including more context to enhance understanding."
What report discussed the United States's goals for containing communism?,The National Security Council Report 68 (NSC-68) discussed the United States's goals for containing communism.,The correct answer to the question 'What report discussed the United States's goals for containing communism?' is: National Security Council Report 68,0.7277956023685535,"The actual output correctly identifies the National Security Council Report 68 (NSC-68) as the document discussing the United States's goals for containing communism, aligning with the core truth of the expected output. However, it lacks the explicit phrasing of the expected answer format, which could enhance clarity. The retrieval context provides relevant historical background that supports the understanding of NSC-68's significance, but the actual output could have integrated this context more effectively to strengthen the response."
The Autopista AP-53 was originally built by whom?,The Xunta de Galicia.,The correct answer to the question 'The Autopista AP-53 was originally built by whom?' is: Xunta de Galicia,0.818400085723377,"The actual output correctly identifies the Xunta de Galicia as the entity responsible for building the Autopista AP-53, which aligns with the core truth of the expected output. However, it lacks the explicit context of the question and the phrasing of the expected output, which could enhance clarity. The response is concise but could benefit from a more comprehensive presentation that includes the question for better context."
Glaciars from what period depressed the height of northern lands by 591 feet?,Pleistocene glaciers.,The correct answer to the question 'Glaciars from what period depressed the height of northern lands by 591 feet?' is: Pleistocene,0.7175474447310135,"The actual output correctly identifies 'Pleistocene' as the answer to the question regarding the period of glaciers that depressed northern lands by 591 feet, aligning well with the expected output. However, it lacks the explicit phrasing of the question and the context provided in the expected output, which could enhance clarity and understanding. The retrieval context offers additional relevant details about glaciation effects, but these are not utilized in the actual output, which could have further enriched the response."
What Samanid dynasty capital was Avicenna born near?,Bukhara.,The correct answer to the question 'What Samanid dynasty capital was Avicenna born near?' is: Bukhara,0.570363521824689,"The actual output provides the correct answer 'Bukhara' but lacks the clarity and completeness of the expected output, which explicitly states the question and the answer. While it does convey the core truth, it does not include any additional relevant details from the retrieval context that could enhance understanding, nor does it provide a comprehensive response as expected."
Who reads the formal statement after the list of bills has been finished?,The Clerk of the Senate reads the formal statement after the list of bills has been finished.,The correct answer to the question 'Who reads the formal statement after the list of bills has been finished?' is: Clerk of the Senate,0.7608247462350168,"The actual output correctly identifies the Clerk of the Senate as the individual who reads the formal statement after the list of bills has been finished, which aligns with the core truth of the expected output. However, it lacks the explicit phrasing of the question and the answer format provided in the expected output, which could enhance clarity and directness. The additional context about the role of the Clerk of the Senate is relevant and supports understanding, but the response could be improved by more closely mirroring the expected format."
Where did the Armenian Genocide death marches push the deportees to?,The deportees were pushed to the Syrian desert.,The correct answer to the question 'Where did the Armenian Genocide death marches push the deportees to?' is: Syrian desert,0.8213732153282317,"The actual output correctly identifies the core truth by stating that the deportees were pushed to the Syrian desert, which aligns with the expected output. However, it lacks the explicit framing of the answer as a response to the question posed, which is a minor shortcoming. The output could have been more comprehensive by including the context of the Armenian Genocide, but it does not detract from the core truth being present."
Ibrahim Pasha landed with his army when?,Ibrahim Pasha landed in the Peloponnese in February 1825.,The correct answer to the question 'Ibrahim Pasha landed with his army when?' is: February 1825,0.8178989663761138,"The actual output correctly identifies the date Ibrahim Pasha landed in the Peloponnese, which aligns with the expected output. However, it lacks the explicit framing of the answer as a response to the question posed, which would enhance clarity and alignment with the expected format. The retrieval context provides relevant historical details about Ibrahim Pasha's campaign, but these are not integrated into the actual output, which could have further enriched the response."
What suburb is located on the north and west?,North Raleigh is located on the north and west.,The correct answer to the question 'What suburb is located on the north and west?' is: Glen Allen,0.21867047449543636,"The actual output incorrectly identifies North Raleigh as the answer to the question about the suburb located on the north and west, while the expected output specifies Glen Allen. The core truth of the expected output is not present in the actual output, leading to a significant misalignment. Additionally, the actual output lacks relevant details from the retrieval context that could have supported a more accurate response."
﻿What is the Red Hat Amphitheater also called?,Downtown Raleigh Amphitheater.,The correct answer to the question 'What is the Red Hat Amphitheater also called?' is: Downtown Raleigh Amphitheater,0.8472287318530375,"The actual output correctly identifies the Red Hat Amphitheater as the Downtown Raleigh Amphitheater, aligning well with the expected output. However, it lacks the introductory phrase that clearly states it as the answer to the specific question, which slightly detracts from clarity. The retrieval context provides relevant background information about the amphitheater, enhancing understanding without confusion."
What year did Harper Lee pack up to go live in New York City?,1950.,The correct answer to the question 'What year did Harper Lee pack up to go live in New York City?' is: 1950,0.7889152183566228,"The actual output correctly identifies the year 1950 as the answer to the question about when Harper Lee moved to New York City, aligning well with the expected output. However, it lacks the additional context provided in the expected output, which explicitly states the question and frames the answer. While the core truth is present, the absence of the full context slightly diminishes the clarity and completeness of the response."
The Jornado painted onto what surface?,"The information provided does not mention ""Jornado"" or specify any surface they painted on.",The correct answer to the question 'The Jornado painted onto what surface?' is: rock,0.16259530478779693,"The actual output fails to address the core truth of the expected output, which is that the Jornado was painted on rock. While it correctly notes the absence of specific information about 'Jornado' and the surface, it does not provide any relevant details or context that could enhance understanding. The lack of alignment with the expected answer significantly detracts from its effectiveness."
What put English Freemasonry at risk?,"The increasing reservations about Freemasonry within Anglicanism, particularly due to the rising influence of the evangelical wing of the Church of England, put English Freemasonry at risk.",The correct answer to the question 'What put English Freemasonry at risk?' is: Parliamentary proclamation,0.23401517574929404,"The actual output discusses the increasing reservations about Freemasonry within Anglicanism, which is somewhat related to the topic but does not address the expected output's core truth regarding the 'Parliamentary proclamation' as the specific factor putting English Freemasonry at risk. While it provides context about the Church of England's stance, it fails to mention the expected answer, leading to a significant misalignment with the evaluation steps."
What is one way that the ancestry of Bermudian black population differs from that of British West Indian black population?,Bermudian blacks have a higher degree of European and Native American admixture compared to British West Indian blacks.,The correct answer to the question 'What is one way that the ancestry of Bermudian black population differs from that of British West Indian black population?' is: the source of the African ancestry,0.5362949631766158,"The actual output identifies a key difference in ancestry between Bermudian blacks and British West Indian blacks, specifically mentioning European and Native American admixture. However, it does not directly address the expected output's focus on the source of African ancestry, which is crucial to fully answering the question. While the actual output provides relevant information, it lacks a clear articulation of the core truth as defined in the expected output."
What work did the Bishop suggest for Athanasius?,"Athanasius was suggested as the Bishop of Alexandria by the clergy and people, demanding him despite his reluctance.",The correct answer to the question 'What work did the Bishop suggest for Athanasius?' is: clerical careers,0.17695290272849407,"The actual output mentions Athanasius being suggested as Bishop of Alexandria, which is somewhat related to the expected output about clerical careers. However, it fails to address the specific question regarding the work suggested for Athanasius, and does not include the core truth of the expected output. The additional context about his reluctance to accept the position does not enhance understanding of the expected answer."
Dogs were depicted as art on the walls of what?,Caves.,The correct answer to the question 'Dogs were depicted as art on the walls of what?' is: caves,0.6899159633823821,"The actual output 'Caves.' captures the core truth of the expected output, which identifies caves as the answer to the question about where dogs were depicted in art. However, it lacks the clarity and completeness of the expected output, which provides context by explicitly stating the question and answer format. The retrieval context offers relevant historical details about dogs in art, but these are not integrated into the actual output, limiting its depth and informative value."
When did more people begin to keep dogs as pets?,"After World War II, particularly in the 1950s and 1960s.",The correct answer to the question 'When did more people begin to keep dogs as pets?' is: after World War II,0.6431269465873631,"The actual output partially captures the core truth by stating that the increase in dog ownership occurred after World War II, but it adds unnecessary detail about the 1950s and 1960s without directly addressing the question. While this additional context may enhance understanding, it detracts from the clarity of the core message, which is simply that more people began to keep dogs as pets after World War II."
What could a criminal in this era expect not to happen if he was convicted of a crime?,A criminal convicted of a crime in this era could expect not to face civil lawsuits for the same act.,The correct answer to the question 'What could a criminal in this era expect not to happen if he was convicted of a crime?' is: criminals were never imprisoned,0.23757443936966674,"The actual output mentions that a criminal could expect not to face civil lawsuits, which partially aligns with the expected output's focus on what a convicted criminal could expect. However, it fails to accurately represent the core truth that criminals were never imprisoned, which is a significant deviation from the expected answer. The retrieval context does not provide relevant details that enhance the actual output in relation to the expected output, further contributing to the low score."
What song did Caleb Johnson first release after winning American Idol? ,"""As Long as You Love Me""",The correct answer to the question 'What song did Caleb Johnson first release after winning American Idol? ' is: As Long as You Love Me,0.8567137716542439,"The actual output correctly identifies the song 'As Long as You Love Me' as the answer to the question about Caleb Johnson's first release after winning American Idol, aligning well with the core truth of the expected output. However, it lacks the additional context provided in the expected output, which explicitly states that this is the correct answer to the posed question. While the actual output is accurate, it could be improved by including a more explicit connection to the question asked."
﻿What was the main benefit of the creation of new forms of partnerships during the commercial revolution?,The main benefit was reduced risk in commercial ventures.,The correct answer to the question 'What was the main benefit of the creation of new forms of partnerships during the commercial revolution?' is: reducing the risk of commercial ventures,0.8073008942459312,"The actual output correctly identifies the main benefit of reduced risk in commercial ventures, which aligns with the core truth of the expected output. However, it lacks the explicit phrasing of 'reducing the risk of commercial ventures' as stated in the expected output, which slightly diminishes its alignment. The response could also benefit from additional context or details from the retrieval context to enhance its comprehensiveness."
What did Bell call the best thing he ever made?,Bell considered the telephone an intrusion on his real work as a scientist.,The correct answer to the question 'What did Bell call the best thing he ever made?' is: The photophone,0.2105472428386399,"The actual output mentions Bell's view on the telephone but fails to address the expected output regarding what he called the best thing he ever made, which is the photophone. The core truth of the expected output is not present, and while the retrieval context provides relevant background on Bell's inventions, it does not enhance the actual output's alignment with the expected answer."
"By tradition, when a Sephardic or Mizrahi woman marries into an Orthodox or Haredi Ashkenazi Jewish family she raises her children to be which type of Jew?",Ashkenazi Jews.,"The correct answer to the question 'By tradition, when a Sephardic or Mizrahi woman marries into an Orthodox or Haredi Ashkenazi Jewish family she raises her children to be which type of Jew?' is: Ashkenazi Jews",0.8962892066308751,"The actual output correctly identifies 'Ashkenazi Jews' as the answer to the question posed in the expected output, clearly articulating the core truth. It aligns well with the retrieval context, which provides relevant background on the customs and practices of Ashkenazi and Sephardic Jews. However, it lacks a more explicit connection to the context that explains why this answer is correct, which would enhance understanding."
When was Adolf Hitlers first visit to the Alps?,Adolf Hitler's first visit to the Alps was in 1923.,The correct answer to the question 'When was Adolf Hitlers first visit to the Alps?' is: 1923,0.7538208932138628,"The actual output correctly identifies the year of Adolf Hitler's first visit to the Alps as 1923, which aligns with the expected output. However, it lacks the explicit phrasing of the question and the phrase 'The correct answer to the question...' that is present in the expected output. While the core truth is present, the response could be improved by directly addressing the question format and providing a clearer connection to the expected output."
What was Spielberg's mother's career?,Spielberg's mother was a restaurateur and concert pianist.,The correct answer to the question 'What was Spielberg's mother's career?' is: restaurateur and concert pianist,0.8168751338927637,"The actual output correctly identifies Spielberg's mother's careers as a restaurateur and concert pianist, which aligns with the core truth of the expected output. However, it lacks the explicit framing of the answer as a response to the question posed, which would enhance clarity and context. The retrieval context provides additional relevant details about Spielberg's family background, but the actual output does not incorporate any of this context, which could have enriched the understanding without detracting from the core message."
Who was the Holy Roman Church leader that authorized the change ?,Pope John XXIII.,"The correct answer to the question 'Who was the Holy Roman Church leader that authorized the change ?' is: Pope Sixtus IV, authorized those dioceses",0.0679843352693701,"The actual output identifies Pope John XXIII, while the expected output correctly states Pope Sixtus IV as the leader who authorized the change. This fundamental discrepancy means the actual output does not address the core truth of the expected output. Additionally, the actual output lacks relevant context or details that would enhance understanding of the question, further contributing to its misalignment."
How many buses does the region have for public transit?,Metrobus has 53 buses.,The correct answer to the question 'How many buses does the region have for public transit?' is: 53,0.8733043593513022,"The actual output correctly identifies the number of buses (53), which directly answers the core question about public transit in the region. However, it lacks the explicit framing of the answer as a response to the question, which is present in the expected output. While it provides the correct information, it could be more comprehensive by including the context of the question."
What does the MP3 compression take advantage of?,"MP3 compression takes advantage of psychoacoustics to eliminate less audible sounds, allowing for significant data reduction while maintaining perceived audio fidelity.",The correct answer to the question 'What does the MP3 compression take advantage of?' is: perceptual limitation,0.6048742950879415,"The actual output correctly identifies that MP3 compression utilizes psychoacoustics to eliminate less audible sounds, which aligns with the core truth of the expected output regarding perceptual limitations. However, it does not explicitly mention 'perceptual limitation' as the answer to the question, which is a key detail in the expected output. The retrieval context provides relevant information about audio compression but does not enhance the actual output's alignment with the expected answer."
How long did it take Columbia to produce a consumer friendly long play record?,"About eight years (1939-1948), interrupted by World War II.",The correct answer to the question 'How long did it take Columbia to produce a consumer friendly long play record?' is: about eight years,0.8270322070738793,"The actual output accurately conveys the core truth of the expected output by stating that it took about eight years to produce the long play record, which aligns with the expected answer. Additionally, it provides context about the interruption due to World War II, adding relevant detail without deviating from the core truth. However, it could have been slightly more comprehensive by explicitly stating the context of Columbia Records' efforts, which would enhance the explanation further."
When was Westminster Diocese dissolved?,Westminster Diocese was dissolved in 1550.,The correct answer to the question 'When was Westminster Diocese dissolved?' is: 1550,0.6082974478535611,"The actual output correctly states the dissolution of Westminster Diocese in 1550, which aligns with the core truth of the expected output. However, it lacks the explicit framing of the answer as a response to the question posed, which diminishes clarity. While the retrieval context provides additional historical details, the actual output does not incorporate any of this context to enhance understanding, leading to a missed opportunity for a more informative response."
﻿"Is ""low"" voltage used by trains safe for people?","""Low"" voltage used by trains, even under 1 kV, can be lethal when touched, posing safety hazards to people.","The correct answer to the question 'Is ""low"" voltage used by trains safe for people?' is: lethal",0.6800279181731765,"The actual output correctly identifies that 'low' voltage can be lethal, which aligns with the core truth of the expected output. However, it does not explicitly answer the question posed in the expected output, which is to state that the voltage is 'lethal.' While the output provides relevant safety context, it could be more direct in addressing the question."
Where was pop star Frankie Vaughan from?,"Frankie Vaughan was from Liverpool, England.",The correct answer to the question 'Where was pop star Frankie Vaughan from?' is: Liverpool,0.784909498749113,"The actual output correctly identifies Liverpool as the location associated with Frankie Vaughan, aligning with the core truth of the expected output. However, it lacks the explicit phrasing of the expected output, which states the answer in a more formal manner. While the actual output is accurate and provides the necessary information, it could be improved by including the context of the question directly, making it slightly less comprehensive than the expected output."
Which mosque is believed to be the first with a dome?,"The Dome of the Rock mosque, constructed in 691.",The correct answer to the question 'Which mosque is believed to be the first with a dome?' is: Dome of the Rock mosque,0.5407160197755122,"The actual output identifies the Dome of the Rock mosque, which aligns with the expected output's core truth regarding the mosque believed to be the first with a dome. However, it lacks the explicit phrasing of the question and the complete context that would enhance understanding, such as the significance of the date 691. While it provides a factual statement, it does not fully articulate the expected answer format or context, leading to a partial alignment."
With whom was he said to have conspired?,Caesar conspired with Publius Clodius Pulcher.,The correct answer to the question 'With whom was he said to have conspired?' is: Ángel Trías,0.02262177367007241,"The actual output does not align with the expected output, as it provides an incorrect answer to the question about whom Caesar conspired with. The expected output clearly states that the correct answer is Ángel Trías, which is not mentioned in the actual output. Additionally, the actual output fails to include any relevant details from the retrieval context that could support or clarify the answer, further detracting from its alignment with the evaluation steps."
In what year did Novgorod aquire its own archbishop?,1169,The correct answer to the question 'In what year did Novgorod aquire its own archbishop?' is: 1169,0.9,"The actual output correctly identifies the year 1169 as the time when Novgorod acquired its own archbishop, which aligns with the core truth of the expected output. While the actual output is less verbose than the expected output, it succinctly provides the correct answer without unnecessary details. The retrieval context supports this information, confirming the significance of the year 1169 in relation to Novgorod's ecclesiastical independence, which enhances the relevance of the response."
What is formed by Chinese principles? ,"Chinese principles formed various political philosophies, including Confucianism, Legalism, Mohism, Agrarianism, and Taoism, each addressing governance, society, and stability.",The correct answer to the question 'What is formed by Chinese principles? ' is: Characters,0.1802113300680669,"The actual output discusses various Chinese political philosophies, which is somewhat related to the broader context of Chinese principles, but it fails to address the core truth of the expected output, which is specifically about 'Characters.' The actual output does not mention characters at all, leading to a significant misalignment with the expected answer."
Why does race undermine social cohesion in America?,"Race undermines social cohesion in America because it fosters divisive perceptions, perpetuates discrimination, and encourages ideologies of moral inferiority among racial groups, leading to social stratification and conflict.",The correct answer to the question 'Why does race undermine social cohesion in America?' is: sensitive issue,0.2606825142073271,"The actual output discusses how race undermines social cohesion in America, which aligns with the topic but fails to address the expected output's core truth of labeling race as a 'sensitive issue.' While it provides relevant details about divisive perceptions and discrimination, it does not directly answer the question posed in the expected output, leading to a significant misalignment."
What world leader visited Gaddafi in 2004?,UK Prime Minister Tony Blair.,The correct answer to the question 'What world leader visited Gaddafi in 2004?' is: Tony Blair,0.9031327952438286,"The actual output correctly identifies Tony Blair as the UK Prime Minister who visited Gaddafi in 2004, aligning well with the expected output. The core truth is clearly articulated, and while the response is brief, it accurately answers the question posed. However, it lacks the explicit phrasing of the expected output, which could enhance clarity and completeness."
How have the enlisted forces of the US Air Force been seen?,"Enlisted forces in the USAF are primarily perceived as support roles, but they also have a close comradeship with officers due to shared risks in multi-crewed aircraft. This creates a less formal officer-enlisted relationship compared to other services.",The correct answer to the question 'How have the enlisted forces of the US Air Force been seen?' is: primarily a rear echelon support force,0.6429486223745722,"The actual output identifies the perception of enlisted forces in the USAF as primarily support roles, which aligns with the expected output's core truth. However, it adds additional context about the officer-enlisted relationship and shared risks, which, while informative, diverges from the simplicity of the expected answer. This additional detail enhances understanding but may detract from the directness of the response."
Which theorist argued that not everyone fully achieves identity?,"Erik Erikson argued that not everyone fully achieves identity, as some may experience 'identity diffusion' or have 'foreclosed' identities.",The correct answer to the question 'Which theorist argued that not everyone fully achieves identity?' is: Erik Erikson,0.7694533986156189,"The actual output correctly identifies Erik Erikson as the theorist who argued that not everyone fully achieves identity, which aligns with the core truth of the expected output. Additionally, it provides relevant details about Erikson's concepts of 'identity diffusion' and 'foreclosed' identities, enhancing the understanding of his theories. However, while the additional information is informative, it slightly diverges from the simplicity of the expected output, which could be seen as a minor shortcoming."
﻿Which programfacilitates the exchange students across Europe?,The European Socrates-Erasmus Program facilitates student exchanges across Europe.,The correct answer to the question 'Which programfacilitates the exchange students across Europe?' is: The European Socrates-Erasmus Program,0.7142438194150241,"The actual output correctly identifies the European Socrates-Erasmus Program as the facilitator of student exchanges across Europe, aligning with the core truth of the expected output. However, it lacks the explicit phrasing of the expected output, which directly answers the question posed. While it provides relevant information, it does not fully match the expected format, which diminishes its effectiveness."
What is another name for Universal Studios Inc.?,Universal Pictures.,The correct answer to the question 'What is another name for Universal Studios Inc.?' is: Universal Pictures,1.0,"The actual output directly answers the question posed in the expected output by providing the alternative name for Universal Studios Inc. as 'Universal Pictures.' It aligns perfectly with the core truth of the expected output and does not deviate from it. Additionally, the retrieval context supports this answer by confirming the relationship between the two names, enhancing the response's validity without introducing irrelevant details."
"According to family economic and financial education specialists, how do adolescents develop sound money management skills?","Adolescents develop sound money management skills through practices of saving, spending, and planning for future economic goals.","The correct answer to the question 'According to family economic and financial education specialists, how do adolescents develop sound money management skills?' is: saving and spending money",0.7975563057205322,"The actual output captures the core truth of the expected output by mentioning saving and spending as key practices for developing money management skills. However, it also includes additional details about planning for future economic goals, which, while relevant, makes the response more comprehensive than the expected output. This added detail does not detract from the core truth but rather enhances the understanding of the topic."
Which Apple engineer led original iPod design group?,Jon Rubinstein led the original iPod design group.,The correct answer to the question 'Which Apple engineer led original iPod design group?' is: Jon Rubinstein,0.8255288440077371,"The actual output correctly identifies Jon Rubinstein as the leader of the original iPod design group, aligning with the core truth of the expected output. However, it lacks the explicit phrasing of the expected output, which states the answer in a complete sentence format. While the additional context provided in the retrieval enhances understanding of the iPod's development, it does not detract from the core truth, thus justifying a high score."
How much difficulty do contemporary Czechs have in understanding material from the 18th century?,Contemporary Czechs have little difficulty understanding 18th-century materials.,The correct answer to the question 'How much difficulty do contemporary Czechs have in understanding material from the 18th century?' is: little,0.9064536190711067,"The actual output accurately conveys the core truth of the expected output by stating that contemporary Czechs have 'little difficulty' understanding 18th-century materials. It aligns well with the expected answer format, directly addressing the question posed. Additionally, the retrieval context supports this by explaining the linguistic continuity of Czech, which enhances understanding without detracting from the core truth. However, the response could have explicitly stated the answer in the same format as the expected output for perfect alignment."
What is the plot from which film speed is derived called?,The plot is called the D–log H curve or Hurter–Driffield curve.,The correct answer to the question 'What is the plot from which film speed is derived called?' is: the D–log H curve or Hurter–Driffield curve,0.9718605741590107,"The actual output accurately identifies the plot as the D–log H curve or Hurter–Driffield curve, which directly answers the expected output's question. It maintains the core truth and provides the same terminology as the expected output, ensuring clarity and correctness. Additionally, the retrieval context supports this information, enhancing understanding without detracting from the main answer."
What should Whitehead's students organically link due to his teaching methods?,Students should organically link a few important concepts to various areas of knowledge and discover their real-life applications.,"The correct answer to the question 'What should Whitehead's students organically link due to his teaching methods?' is: different areas of knowledge, discovering their application in actual life.",0.6681643487370723,"The actual output captures the essence of the expected output by stating that students should link important concepts to various areas of knowledge and discover their real-life applications. However, it lacks the explicit phrasing of 'different areas of knowledge' and does not directly answer the question posed in the expected output. While it aligns with the core truth, it could be clearer and more precise in addressing the specific question."
How did the French defend the Fortress of Louisbourg?,"The French defended the Fortress of Louisbourg in 1757 through naval deployments that secured the seaward approaches, preventing British reinforcements.",The correct answer to the question 'How did the French defend the Fortress of Louisbourg?' is: French naval deployments,0.781349446787329,"The actual output correctly identifies the core truth of the expected output by mentioning 'French naval deployments' as a key element in the defense of the Fortress of Louisbourg. It provides additional context about the naval deployments securing the seaward approaches, which enhances the understanding of the situation without detracting from the core answer. However, the expected output is more concise, and while the actual output is detailed, it could be seen as slightly more verbose than necessary for the specific question asked."
When was the last time the Chicago Cubs appeared in the Fall Classic?,1945,The correct answer to the question 'When was the last time the Chicago Cubs appeared in the Fall Classic?' is: 1945,0.769227250816909,"The actual output correctly identifies the year 1945, which is the core truth of the expected output. However, it lacks the additional context provided in the expected output, such as the phrasing of the question and the explicit statement that this is the correct answer. While the actual output is accurate, it could be improved by including more detail to match the expected output's comprehensiveness."
What was the name of the first sulfonamine antibiotic?,Prontosil.,The correct answer to the question 'What was the name of the first sulfonamine antibiotic?' is: Prontosil,0.8099541330921365,"The actual output correctly identifies 'Prontosil' as the first sulfonamine antibiotic, aligning with the expected output. However, it lacks the additional context provided in the retrieval context that could enhance understanding, such as the significance of Prontosil's development and its impact on antibacterial treatments. Including this information would have strengthened the response."
﻿Who became president of the Congo in 1963?,Alphonse Massamba-Débat.,The correct answer to the question 'Who became president of the Congo in 1963?' is: Massamba-Débat,0.8315863275034527,"The actual output correctly identifies Alphonse Massamba-Débat as the president of the Congo in 1963, aligning with the expected output. However, it lacks the explicit phrasing of the question and the context provided in the expected output, which could enhance clarity. The response is accurate but could be improved by including a more complete sentence structure to mirror the expected format."
Would DNA show a higher number or lower number of mutliracial people than those reported in the census?,DNA testing would likely show a higher number of multiracial people than those reported in the census.,The correct answer to the question 'Would DNA show a higher number or lower number of mutliracial people than those reported in the census?' is: higher number,0.7196227711677224,"The actual output correctly identifies that DNA testing would likely show a higher number of multiracial people than reported in the census, aligning with the core truth of the expected output. However, it lacks the explicit phrasing of the expected answer, which is 'higher number', and does not fully utilize the retrieval context to provide additional relevant details that could enhance understanding of the topic."
How did the Windows 8.1 upgrade enhance desktop startup?,"Windows 8.1 allowed users to boot directly to the desktop instead of the Start screen, enhancing the desktop startup experience.",The correct answer to the question 'How did the Windows 8.1 upgrade enhance desktop startup?' is: ability to boot to the desktop instead of the Start screen,0.8,"The actual output accurately captures the core truth of the expected output by stating that Windows 8.1 allows users to boot directly to the desktop instead of the Start screen, which directly answers the question posed. However, while it provides additional context about the enhancement of the desktop startup experience, it could have more closely mirrored the phrasing of the expected output for a perfect alignment."
What does the Combat V mean?,The Combat V is a device worn on military decorations to indicate valor in combat.,The correct answer to the question 'What does the Combat V mean?' is: heroic achievement,0.2894328965036036,"The actual output identifies the Combat V as a device indicating valor in combat, which is somewhat related to the expected output's focus on 'heroic achievement.' However, it fails to clearly articulate the core truth of the expected output, which is the specific meaning of the Combat V. The additional context provided does not enhance the understanding of the expected output and is irrelevant to the question asked."
Where is Zakria's shrine?,"Zakria's shrine is located in Multan, Pakistan.",The correct answer to the question 'Where is Zakria's shrine?' is: Multan,0.8003542871583026,"The actual output correctly identifies the location of Zakria's shrine as Multan, which aligns with the expected output. However, it lacks the explicit phrasing of 'The correct answer to the question...' found in the expected output, which would enhance clarity. The response is straightforward and does not include extraneous details from the retrieval context, maintaining focus on the core truth."
What must a Senior Airman do to become a supervisor in the USAF?,A Senior Airman must complete Airman Leadership School to become a supervisor in the USAF.,The correct answer to the question 'What must a Senior Airman do to become a supervisor in the USAF?' is: completed Airman Leadership School,0.8086081197751284,"The actual output correctly identifies that a Senior Airman must complete Airman Leadership School to become a supervisor in the USAF, which aligns with the core truth of the expected output. However, while the expected output is more concise, the actual output provides a clear and accurate answer, albeit with slightly more detail. This additional context does not detract from the core truth, but it could have been more succinct to match the expected format."
What groups formed the Axis forces?,"The main Axis powers were Germany, Italy, and Japan.","The correct answer to the question 'What groups formed the Axis forces?' is: Nazi Germany, Fascist Italy, and Imperial Japan",0.5302205203875795,"The actual output identifies the main Axis powers as Germany, Italy, and Japan, which aligns with the expected output's core truth. However, it lacks the specific descriptors 'Nazi,' 'Fascist,' and 'Imperial' that provide important context and clarity. While the answer is correct, it does not fully match the expected level of detail, resulting in a moderate score."
What is the Syriac word for Nazarene?,"The Syriac word for Nazarene is ""Nasrani.""",The correct answer to the question 'What is the Syriac word for Nazarene?' is: Nasrānī,0.7826195011182223,"The actual output correctly identifies the Syriac word for Nazarene as 'Nasrani,' which aligns with the core truth of the expected output. However, it lacks the specific formatting of the expected output, which includes the correct spelling 'Nasrānī' and the introductory phrase. While the response is accurate, it could have included additional context from the retrieval context to enhance understanding without detracting from the core message."
How long is sweet wort boiled for after sparging?,About one hour.,The correct answer to the question 'How long is sweet wort boiled for after sparging?' is: about one hour,0.810547242669076,"The actual output correctly identifies the core truth of the expected output by stating 'About one hour,' which answers the question regarding the duration of boiling sweet wort after sparging. However, it lacks the additional context provided in the expected output, which explicitly states the question and includes the phrase 'The correct answer to the question...'. While the actual output is concise, it could benefit from a more comprehensive presentation that mirrors the expected output's structure."
Who did Apple pay expensive consulting fees to before doing in-house work?,The provided information does not specify any consulting fees paid by Apple before doing in-house work.,The correct answer to the question 'Who did Apple pay expensive consulting fees to before doing in-house work?' is: Frogdesign,0.21975750551627038,"The actual output fails to address the core truth of the expected output, which specifically identifies Frogdesign as the recipient of Apple's consulting fees. Instead, it states that no consulting fees were specified, which does not answer the question posed. While it is accurate in its assertion, it does not provide the necessary information to fulfill the expected output."
﻿"Since 1999 what average rate has the solar water heating sector progressed at?",20% per year.,"The correct answer to the question 'Since 1999, what average rate has the solar water heating sector progressed at?' is: 20% per year",0.9200832337833953,"The actual output directly answers the question regarding the average rate of progress in the solar water heating sector since 1999, stating '20% per year', which matches the expected output. It succinctly conveys the core truth without any extraneous information, and it aligns perfectly with the details provided in the retrieval context that confirm this growth rate."
Where is this a common feature?,This is a common feature in elevators.,The correct answer to the question 'Where is this a common feature?' is: Western Romance,0.18497536101697432,"The actual output mentions a common feature in elevators, which is somewhat related to the expected output about Western Romance. However, it fails to directly answer the question posed in the expected output, missing the core truth. The response does not provide any relevant details from the retrieval context that would enhance understanding or clarify the connection to the expected answer."
Who became the second Karmapa Lama?,The second Karmapa Lama was Karma Pakshi.,The correct answer to the question 'Who became the second Karmapa Lama?' is: Karma Pakshi,0.7397349085402921,"The actual output correctly identifies Karma Pakshi as the second Karmapa Lama, which aligns with the core truth of the expected output. However, it lacks the explicit framing of the answer as a response to the question posed, which is a minor shortcoming. The retrieval context does not provide additional relevant details that enhance the understanding of the answer, but the core information is accurate and clear."
What is the pope's official title?,"The pope's official title is the ""Bishop of Rome.""",The correct answer to the question 'What is the pope's official title?' is: Supreme Pontiff,0.32912171825271286,"The actual output identifies the pope's official title as the 'Bishop of Rome,' which is a relevant title but does not match the expected output of 'Supreme Pontiff.' While it provides some accurate information, it fails to convey the core truth of the expected answer. Additionally, the retrieval context does not enhance the understanding of the pope's title in relation to the expected output."
What groups are cited as being considered heretical by the Church before the 11th century?,"Before the 11th century, the Church considered the following groups as heretical: Arianism, Pelagianism, Donatism, Marcionism, Montanism, and individual preachers or small localized sects.","The correct answer to the question 'What groups are cited as being considered heretical by the Church before the 11th century?' is: Arianism, Pelagianism, Donatism, Marcionism and Montanism",0.8127913296015166,"The actual output correctly identifies the groups considered heretical by the Church before the 11th century, aligning well with the expected output. However, it includes additional context about individual preachers and localized sects, which, while relevant, slightly detracts from the clarity of the core answer. The core truth is present, but the extra details could have been more succinctly integrated."
When did the Hongwu Emperor use military force in Tibet?,The Hongwu Emperor used military force in Tibet in 1378.,The correct answer to the question 'When did the Hongwu Emperor use military force in Tibet?' is: the 14th century,0.333483049839113,"The actual output mentions the Hongwu Emperor's military action in Tibet in 1378, which is a specific event, but it does not clearly articulate the core truth of the expected output, which is that the military action occurred in the 14th century. The response lacks clarity in connecting the specific date to the broader timeframe requested in the expected output, and it does not provide additional relevant context from the retrieval context that could enhance understanding."
Who attempted to assasinate Victoria while she was riding in a carriage?,Edward Oxford attempted to assassinate Victoria.,The correct answer to the question 'Who attempted to assasinate Victoria while she was riding in a carriage?' is: Edward Oxford,0.844804714032261,"The actual output correctly identifies Edward Oxford as the individual who attempted to assassinate Victoria, which aligns with the core truth of the expected output. However, it lacks the explicit phrasing of the question and the structured format of the expected answer, which diminishes its clarity. The additional context about the assassination attempt enhances understanding but could be seen as slightly detracting from the directness of the response."
Do children or adolescents tend to associae with friends of the opposite sex more?,Adolescents tend to associate with friends of the opposite sex more than children.,The correct answer to the question 'Do children or adolescents tend to associae with friends of the opposite sex more?' is: Adolescents,0.6548819755674726,"The actual output correctly identifies that adolescents associate with friends of the opposite sex more than children, which aligns with the core truth of the expected output. However, it lacks the directness of the expected answer, which simply states 'Adolescents' as the response. While the additional context provided in the actual output is relevant and informative, it somewhat detracts from the clarity and conciseness of the core answer."
What civilization was Mogadishu a part of?,"The information provided does not specify Mogadishu. However, it mentions ancient empires in the Indian subcontinent and does not relate to Mogadishu, which is a city in Somalia, historically part of the Swahili Coast trade and influenced by various civilizations, including Islamic and Arab influences.",The correct answer to the question 'What civilization was Mogadishu a part of?' is: Berberi,0.21361778119776872,"The actual output fails to address the core truth of the expected output, which is the identification of Mogadishu's civilization as Berberi. While it correctly notes that the information does not specify Mogadishu and discusses unrelated ancient empires in the Indian subcontinent, it does not provide the expected answer or any relevant context about Mogadishu itself. The lack of connection to the expected output significantly detracts from its alignment."
How much faster is automated creation over handmade?,Automated production can be over 10 times faster than handmade.,The correct answer to the question 'How much faster is automated creation over handmade?' is: 10 times faster,0.7712545286326405,"The actual output correctly identifies that automated production can be over 10 times faster than handmade, which aligns with the core truth of the expected output. However, it lacks the explicit phrasing of '10 times faster' as stated in the expected output, which would have strengthened the alignment. The additional context about production automation enhances understanding but is somewhat tangential to the core question."
﻿In what year was Athanasius consecrated?,Athanasius was consecrated in 326.,The correct answer to the question 'In what year was Athanasius consecrated?' is: 326,0.7947924466075913,"The actual output correctly states the year Athanasius was consecrated, which aligns with the core truth of the expected output. However, it lacks the explicit framing of the answer as a response to the question posed, which diminishes clarity. While the retrieval context provides additional relevant details about Athanasius's life and role, the actual output could have included a more direct connection to the question for enhanced understanding."
What are two infrastructure projects Nasser embarked on?,Aswan Dam and Helwan City.,The correct answer to the question 'What are two infrastructure projects Nasser embarked on?' is: Helwan steel works and the Aswan Dam,0.47586924697164984,"The actual output mentions the Aswan Dam and Helwan City, which are relevant infrastructure projects associated with Nasser. However, it fails to accurately reflect the expected output, which specifies 'Helwan steel works' instead of 'Helwan City.' While the core truth of identifying two projects is partially present, the lack of precision in naming the second project detracts from the overall alignment with the expected output."
What fields are forced to confront one another in anthropology?,"Humanities, social sciences, and natural sciences.","The correct answer to the question 'What fields are forced to confront one another in anthropology?' is: humanities, social, and natural sciences",0.798601705470025,"The actual output correctly identifies the fields 'humanities, social sciences, and natural sciences,' which aligns with the core truth of the expected output. However, it lacks the explicit context of the question regarding anthropology, which is present in the expected output. While the actual output is accurate, it could be improved by explicitly referencing the question to enhance clarity and relevance."
Do you have to go to the one year of kindergarten?,"No, kindergarten is non-obligatory in the Canton of Bern.",The correct answer to the question 'Do you have to go to the one year of kindergarten?' is: non,0.7559217768910507,"The actual output correctly states that kindergarten is non-obligatory in the Canton of Bern, which aligns with the core truth of the expected output. However, it lacks the explicit phrasing 'the correct answer to the question...' and does not directly answer the question posed, which slightly detracts from its clarity. The additional context about the school system enhances understanding but could be seen as unnecessary for the specific question asked."
What product replaced LaserDisc in North America by the early 2000s?,DVDs replaced LaserDisc in North America by the early 2000s.,The correct answer to the question 'What product replaced LaserDisc in North America by the early 2000s?' is: DVD,0.6559405026924837,"The actual output correctly identifies that DVDs replaced LaserDisc in North America by the early 2000s, which aligns with the core truth of the expected output. However, it lacks the explicit mention of the question format and the phrase 'The correct answer to the question...' that is present in the expected output. While the additional context provided in the retrieval context is informative, it does not enhance the core truth of the answer and could potentially distract from the main point."
Why is it difficult to now which chronic wounds are infected?,"It is difficult to determine which chronic wounds are infected because bacterial colonization is normal and there are limited quality data on symptoms. Increased pain is a key indicator of infection, but the absence of pain does not rule it out.",The correct answer to the question 'Why is it difficult to now which chronic wounds are infected?' is: Because it is normal to have bacterial colonization,0.6517998665465004,"The actual output captures the essence of the expected output by stating that bacterial colonization is normal, which is a key reason for the difficulty in identifying infected chronic wounds. However, it includes additional details about pain as an indicator of infection and the lack of quality data, which, while relevant, detracts from the core truth by complicating the message. The response could be more concise to align better with the expected output."
What are the Nigerian states' sub-divisions called?,Local Government Areas (LGAs).,The correct answer to the question 'What are the Nigerian states' sub-divisions called?' is: Local Government Areas,0.9738377224093421,"The actual output correctly identifies 'Local Government Areas (LGAs)' as the sub-divisions of Nigerian states, which aligns perfectly with the expected output. It articulates the core truth clearly and accurately, fulfilling the requirement of the evaluation steps. Additionally, the output does not include extraneous information that detracts from the core answer, maintaining focus on the question asked."
What did the interrogation provoke Nasser to do?,The interrogation prompted Nasser to accelerate his group's activities.,The correct answer to the question 'What did the interrogation provoke Nasser to do?' is: speed up his group's activities,0.8899308684216729,"The actual output accurately captures the core truth of the expected output by stating that the interrogation prompted Nasser to speed up his group's activities. It aligns closely with the expected answer, which is a rephrased version of the same idea. Additionally, the actual output is supported by relevant details from the retrieval context, providing context for Nasser's actions without detracting from the core truth. The only minor shortcoming is that it could have explicitly stated the connection to the interrogation, but overall, it remains comprehensive and detailed."
Why does the United Nations question the Human rights status of Cyprus?,"The United Nations questions the human rights status of Cyprus due to the ongoing division of the island, which affects freedoms such as movement, rights of missing persons, discrimination, and other human rights issues stemming from the Turkish occupation of northern Cyprus.",The correct answer to the question 'Why does the United Nations question the Human rights status of Cyprus?' is: ongoing division of Cyprus continues to affect human rights throughout the island,0.7693521095545636,"The actual output accurately identifies the ongoing division of Cyprus as a key reason for the United Nations' concerns about human rights, which aligns with the core truth of the expected output. It provides additional context regarding specific human rights issues affected by this division, enhancing understanding. However, it could be more concise, as the expected output is more straightforward and focused solely on the division's impact on human rights."
What authors have suggested Rutherford invited and cultivated opposition for the purpose of publicity?,The provided information does not mention any authors suggesting that Rutherford invited and cultivated opposition for publicity.,"The correct answer to the question 'What authors have suggested Rutherford invited and cultivated opposition for the purpose of publicity?' is: Whalen, Harrison and Schnell",0.03395014646184162,"The actual output fails to address the core truth of the expected output, which specifically names the authors Whalen, Harrison, and Schnell as those suggesting Rutherford invited opposition for publicity. Instead, it incorrectly states that no authors are mentioned, which does not align with the expected response and does not provide any relevant details from the retrieval context that could enhance understanding."
﻿Who is the interior moulding of the Mace and Chain building rumored to have belonged to?,Benedict Arnold.,The correct answer to the question 'Who is the interior moulding of the Mace and Chain building rumored to have belonged to?' is: Benedict Arnold,0.8242899810335356,"The actual output correctly identifies Benedict Arnold as the answer, which aligns with the core truth of the expected output. However, it lacks the additional context provided in the expected output, which explicitly states the question it answers. While the actual output is concise, it could benefit from a more comprehensive presentation that includes the question for clarity."
How many affiliated physicians does the DMC have?,"The DMC has 3,000 affiliated physicians.","The correct answer to the question 'How many affiliated physicians does the DMC have?' is: 3,000",0.8705478833310447,"The actual output correctly identifies the number of affiliated physicians at the DMC, which aligns with the core truth of the expected output. While it lacks the introductory phrase present in the expected output, it still conveys the essential information clearly. The retrieval context supports this information, confirming the accuracy of the claim. Overall, the response is concise and directly answers the question."
What was the focus of paintings in Italy?,"The focus of paintings in Italy was on idealized compositions, realism, and the use of linear perspective.",The correct answer to the question 'What was the focus of paintings in Italy?' is: idealized compositions,0.6919021853460732,"The actual output correctly identifies key aspects of the focus of paintings in Italy, including idealized compositions, realism, and linear perspective. However, it does not explicitly state that idealized compositions is the core answer to the question, which is a shortcoming. The additional details about realism and linear perspective, while relevant, could distract from the primary focus required by the expected output."
What symbol did the protesters wear on their arms?,The protesters wore symbols related to human rights and Tibet.,The correct answer to the question 'What symbol did the protesters wear on their arms?' is: radioactivity symbols,0.14046000251490068,"The actual output mentions symbols related to human rights and Tibet, which is somewhat relevant but does not address the specific question about the symbols worn on the protesters' arms. The expected output clearly states that the symbols were radioactivity symbols, which is entirely missing from the actual output. While the actual output provides some context about the protests, it fails to convey the core truth of the expected output."
Who named Madonna as the top female touring artist of all time?,Billboard.,The correct answer to the question 'Who named Madonna as the top female touring artist of all time?' is: Billboard,0.9105243218325162,"The actual output correctly identifies 'Billboard' as the source that named Madonna the top female touring artist of all time, aligning with the core truth of the expected output. It is concise and directly answers the question posed. While it does not include the full phrasing of the expected output, it effectively conveys the essential information. The retrieval context provides additional relevant details about Madonna's achievements, which, while not necessary for answering the question, enhance the overall understanding of her significance in the music industry."
Who became the first black African riders to compete in the Tour de France?,Teklehaimanot and Kudus.,The correct answer to the question 'Who became the first black African riders to compete in the Tour de France?' is: Teklehaimanot and fellow Eritrean Merhawi Kudus,0.6508637886707573,"The actual output correctly identifies Teklehaimanot and Kudus as the first black African riders to compete in the Tour de France, which aligns with the core truth of the expected output. However, it lacks the additional detail of identifying Kudus as 'fellow Eritrean,' which is present in the expected output. While the actual output is accurate, it could be more comprehensive by including this context."
Much medieval literature was influenced by the works of what classic culture?,Ancient Greece and Rome.,The correct answer to the question 'Much medieval literature was influenced by the works of what classic culture?' is: Roman,0.31418674967346644,"The actual output mentions 'Ancient Greece and Rome,' which partially aligns with the expected output's focus on 'Roman' as the correct answer. However, it fails to clearly articulate the core truth of the expected output, which specifically identifies 'Roman' as the answer to the question. Additionally, the actual output does not provide any additional relevant details from the retrieval context that would enhance understanding or support the answer."
Which medal did Greece's women's water polo team win at the 2005 World League?,Gold medal.,The correct answer to the question 'Which medal did Greece's women's water polo team win at the 2005 World League?' is: gold,0.8786733017234726,"The actual output correctly identifies the core truth of the expected output by stating 'Gold medal,' which answers the question about the medal won by Greece's women's water polo team in 2005. However, it lacks the additional context provided in the expected output, such as the phrasing of the question and the explicit mention of it being the correct answer. While the core truth is present, the response could be improved by including more context to enhance understanding."
Who invaded Armenia in 1920?,The Soviet Eleventh Army invaded Armenia in 1920.,The correct answer to the question 'Who invaded Armenia in 1920?' is: the Red Army,0.5802050179551899,"The actual output identifies the Soviet Eleventh Army as the invading force, which is a relevant detail but does not directly match the expected output that specifies 'the Red Army.' While the core truth of an invasion is present, the terminology used diverges from the expected phrasing, leading to a partial misalignment. Additional context about the invasion is provided, enhancing understanding, but it does not fully address the expected answer."
When did the U.S. Senate first pass a financial reform bill?,The U.S. Senate first passed a financial reform bill in May 2010.,The correct answer to the question 'When did the U.S. Senate first pass a financial reform bill?' is: May 2010,0.8101332812099233,"The actual output correctly identifies the core truth by stating that the U.S. Senate first passed a financial reform bill in May 2010, which aligns with the expected output. However, it lacks the explicit phrasing of 'The correct answer to the question...' found in the expected output, which slightly detracts from its clarity. The additional context provided in the retrieval context is relevant but not necessary for answering the specific question, which is why the score is not higher."
﻿What are the three Deputy Chiefs of the Defence Staff?,"The three Deputy Chiefs of the Defence Staff are:  
1. Deputy Chief of the Defence Staff (Capability)  
2. Deputy Chief of the Defence Staff (Personnel and Training)  
3. Deputy Chief of the Defence Staff (Operations)","The correct answer to the question 'What are the three Deputy Chiefs of the Defence Staff?' is: Deputy Chief of the Defence Staff (Capability), Deputy CDS (Personnel and Training) and Deputy CDS (Operations)",0.8186927112713397,"The actual output correctly identifies the three Deputy Chiefs of the Defence Staff, aligning with the core truth of the expected output. However, it lacks the phrasing 'Deputy CDS' for two of the titles, which is present in the expected output. While the actual output is clear and accurate, it could be seen as slightly less comprehensive due to this difference in terminology."
When was the coronation of Elizabeth as Queen?,2 June 1953.,The correct answer to the question 'When was the coronation of Elizabeth as Queen?' is: 2 June 1953,0.7946547721456799,"The actual output correctly identifies the date of the coronation, which aligns with the core truth of the expected output. However, it lacks the additional context provided in the expected output, such as explicitly stating that this is the answer to the question posed. While the date is accurate, the response could be improved by including a phrase that directly connects it to the question about Elizabeth's coronation."
What were the alphabets of Southeast Asia?,The alphabets of Southeast Asia tended to be abugidas until European influence.,The correct answer to the question 'What were the alphabets of Southeast Asia?' is: abugidas,0.7196227711677224,"The actual output correctly identifies the alphabets of Southeast Asia as 'abugidas', which aligns with the core truth of the expected output. However, it includes additional context about European influence that, while relevant, may detract from the simplicity of the expected answer. The response is informative but could be more concise to match the directness of the expected output."
"Who showed, in his thought experiments, that people travelling at different speeds measured time differently?",Albert Einstein.,"The correct answer to the question 'Who showed, in his thought experiments, that people travelling at different speeds measured time differently?' is: Einstein",0.620346635944834,"The actual output identifies Albert Einstein as the answer, which aligns with the expected output's core truth. However, it lacks the context and clarity provided in the expected output, which explicitly states the question and the answer format. While the retrieval context offers relevant details about Einstein's contributions to the understanding of time, the actual output does not incorporate any of this additional information, which could enhance the response."
In what part of a nobleman's house were plays performed?,Plays were performed in the Great Hall.,The correct answer to the question 'In what part of a nobleman's house were plays performed?' is: the Great Hall,0.7039154113669259,"The actual output correctly identifies the Great Hall as the location where plays were performed, aligning with the core truth of the expected output. However, it lacks the explicit phrasing of the question and the structured format of the expected answer, which diminishes clarity. While the core truth is present, the response could be improved by directly stating it as an answer to the question posed."
What campaign did the Kanye West Foundation partner with in 2007?,"The Kanye West Foundation partnered with Strong American Schools for the ""Ed in '08"" campaign in 2007.","The correct answer to the question 'What campaign did the Kanye West Foundation partner with in 2007?' is: ""Ed in '08""",0.8153936429898538,"The actual output correctly identifies the campaign 'Ed in '08' that the Kanye West Foundation partnered with in 2007, aligning well with the expected output. However, while it provides additional context about the partnership with Strong American Schools, it could have been more concise to directly mirror the expected output format. The core truth is present and accurately represented, but the extra details, while relevant, slightly detract from the straightforwardness of the answer."
The Luftwaffe's change in strategy targeted what primarily?,The Luftwaffe's change in strategy primarily targeted the British war economy and sea communications.,The correct answer to the question 'The Luftwaffe's change in strategy targeted what primarily?' is: the West Midlands,0.17883574023928245,"The actual output mentions the Luftwaffe's strategy targeting the British war economy and sea communications, which is somewhat related to the expected output. However, it fails to address the specific target of 'the West Midlands' as stated in the expected output. The core truth is not clearly articulated, and the additional context provided does not enhance the understanding of the expected output, leading to a low score."
A large bow is a large feature of the facade in which stateroom?,Bow Room.,The correct answer to the question 'A large bow is a large feature of the facade in which stateroom?' is: the Music Room,0.1724096560104575,"The actual output identifies the 'Bow Room,' which is related to the expected output, but it fails to provide the correct answer, which is 'the Music Room.' The core truth of the expected output is not accurately represented, and there are no additional relevant details from the retrieval context that enhance understanding. Overall, the response lacks comprehensiveness and clarity in addressing the question."
Which major Latin epic is Virgil known for?,The Aeneid.,The correct answer to the question 'Which major Latin epic is Virgil known for?' is: Aeneid,0.8,"The actual output correctly identifies 'The Aeneid' as the major Latin epic by Virgil, aligning with the core truth of the expected output. However, it lacks the explicit phrasing of the question and the introductory context provided in the expected output, which diminishes clarity. While the retrieval context offers extensive relevant details about Virgil and his works, the actual output could have included a brief mention of its significance to enhance comprehensiveness without detracting from the core answer."
What was youtube's 2007 partner program based on?,YouTube's 2007 Partner Program was based on AdSense.,The correct answer to the question 'What was youtube's 2007 partner program based on?' is: AdSense,0.7987326492401412,"The actual output correctly identifies that YouTube's 2007 Partner Program was based on AdSense, which aligns with the core truth of the expected output. However, it lacks the explicit phrasing of the expected output, which directly states the answer to the question. While the actual output is accurate and provides a concise answer, it could have been more comprehensive by including the context of revenue sharing, which is relevant but not necessary for the core truth."
﻿"After the scandal became public what did UNFPA work to reform in Peru?",UNFPA worked to reform laws and practices to protect the rights of women seeking reproductive health assistance.,"The correct answer to the question 'After the scandal became public, what did UNFPA work to reform in Peru?' is: laws and practices",0.7659848235832186,"The actual output accurately identifies the core truth of the expected output by stating that UNFPA worked to reform laws and practices. However, it provides additional context about the organization's efforts to protect women's rights, which, while relevant, slightly diverges from the succinctness of the expected output. Overall, the core question is answered correctly, but the response could be more concise."
What is the national bird of Saint Helena?,"The national bird of Saint Helena is the Saint Helena plover, or wirebird.",The correct answer to the question 'What is the national bird of Saint Helena?' is: the Saint Helena plover,0.9145961404230878,"The actual output correctly identifies the national bird of Saint Helena as the Saint Helena plover, aligning closely with the expected output. It also includes the alternative name 'wirebird,' which adds relevant detail without deviating from the core truth. However, it could have explicitly stated that this is the answer to the question posed, which would have strengthened its alignment with the expected output."
"According to official figures, how many died in the flood of 1957?",The provided information does not mention any flood in 1957 or its death toll.,"The correct answer to the question 'According to official figures, how many died in the flood of 1957?' is: eighty-one",0.14827020406091024,"The actual output fails to provide the correct answer to the question regarding the death toll in the 1957 flood, which is the core truth of the expected output. While it correctly states that the provided information does not mention the flood or its death toll, it does not address the question directly or provide the expected figure of eighty-one. The lack of relevant details from the retrieval context further detracts from its usefulness."
Alaska's large rivers have potential for what environmentally friendly type of energy production?,Hydroelectric power.,The correct answer to the question 'Alaska's large rivers have potential for what environmentally friendly type of energy production?' is: hydroelectric,0.6977499567889209,"The actual output correctly identifies 'hydroelectric power' as the environmentally friendly type of energy production related to Alaska's large rivers, aligning with the core truth of the expected output. However, it lacks the additional context provided in the expected output, which explicitly states the question and the phrase 'the correct answer to the question'. Including this context would enhance clarity and completeness, making the response more informative."
What does Upa-Mahanagar mean in English?,"""Upa-Mahanagar"" means ""sub-great city"" in English.",The correct answer to the question 'What does Upa-Mahanagar mean in English?' is: Sub-Metropolitan City,0.4,"The actual output provides a translation of 'Upa-Mahanagar' as 'sub-great city', which is partially correct but does not match the expected output of 'Sub-Metropolitan City'. While it captures the essence of the term, it lacks the specificity of 'Metropolitan', which is crucial for accuracy. Additionally, the output does not incorporate any relevant details from the retrieval context that could enhance understanding or provide further context about the term."
What advantage does a coreless rotor have over traditional variants?,"A coreless rotor is lighter, allowing for rapid acceleration and achieving lower mechanical time constants.",The correct answer to the question 'What advantage does a coreless rotor have over traditional variants?' is: accelerate much more rapidly,0.7260257600474922,"The actual output correctly identifies a key advantage of a coreless rotor, specifically its lighter weight leading to rapid acceleration, which aligns with the expected output's focus on acceleration. However, it lacks the direct phrasing of 'accelerate much more rapidly' found in the expected output, which slightly diminishes its alignment. The retrieval context provides additional relevant details about coreless motors, enhancing the understanding of the topic, but the core truth could be more explicitly stated to match the expected output more closely."
What is the population of Saint Helena?,"4,255 (2008 census)","The correct answer to the question 'What is the population of Saint Helena?' is: 4,255",0.7810682741599206,"The actual output provides the correct population figure of 4,255, which aligns with the expected output. However, it lacks the introductory phrase present in the expected output that clearly states it as the answer to the question. While the core truth is present, the response could be improved by including a more explicit connection to the question asked."
What does mapping clusters disentangle ancestry from?,Mapping clusters disentangles ancestry from social constructions of race.,The correct answer to the question 'What does mapping clusters disentangle ancestry from?' is: culture,0.3288671199841336,"The actual output identifies a relevant concept by stating that mapping clusters disentangles ancestry from social constructions of race, which touches on the broader theme of the expected output. However, it fails to directly answer the specific question posed in the expected output, which is to identify what mapping clusters disentangles ancestry from, namely 'culture'. The core truth of the expected output is not clearly articulated in the actual output, leading to a significant misalignment."
What clan was given the privileged of enoblement?,The szlachta clan in the Kingdom of Poland was granted the privilege of ennoblement.,The correct answer to the question 'What clan was given the privileged of enoblement?' is: szlachta clan,0.6747863802934541,"The actual output correctly identifies the 'szlachta clan' as the group granted ennoblement, aligning with the core truth of the expected output. However, it lacks the explicit phrasing of the question and answer format present in the expected output, which diminishes clarity. While the additional context about ennoblement in the Kingdom of Poland is relevant, it could be seen as slightly detracting from the directness of the answer."
The Santa Monica Police Department suggests that the per-capita crime rate sways in what way?,The Santa Monica Police Department suggests the actual per-capita crime rate is much lower due to tourists and a fluctuating daytime population.,The correct answer to the question 'The Santa Monica Police Department suggests that the per-capita crime rate sways in what way?' is: much lower,0.748454863077622,"The actual output correctly identifies that the Santa Monica Police Department suggests the per-capita crime rate is much lower, which aligns with the core truth of the expected output. However, it includes additional context about the influence of tourists and the fluctuating daytime population, which, while relevant, slightly detracts from the simplicity of the expected answer. Overall, the core question is answered correctly, and the additional details enhance understanding without overwhelming the main point."
﻿Of what type of diodes are varactors or varicaps comprised?,Varactors or varicaps are comprised of reverse-biased semiconductor diodes.,The correct answer to the question 'Of what type of diodes are varactors or varicaps comprised?' is: reverse-biased semiconductor diodes,0.8213732170988269,"The actual output correctly identifies that varactors or varicaps are reverse-biased semiconductor diodes, which aligns with the core truth of the expected output. However, it lacks the explicit phrasing of the expected output, which includes the question context. While it provides accurate information, it could be more comprehensive by directly addressing the question format used in the expected output."
What does LE stand for?,LE stands for Life expectancy at birth.,The correct answer to the question 'What does LE stand for?' is: Life expectancy at birth,0.8058858995743575,"The actual output correctly identifies that 'LE' stands for 'Life expectancy at birth', which aligns with the core truth of the expected output. However, it lacks the introductory phrase present in the expected output, which explicitly states it as the answer to the question. The additional context provided in the retrieval context is not directly relevant to the question, but the core truth is still clearly articulated."
What was the original meaning of ta'wil?,"The original meaning of ta'wil is ""to return"" or ""the returning place.""","The correct answer to the question 'What was the original meaning of ta'wil?' is: ""to return"" or ""the returning place""",0.86500971231395,"The actual output correctly identifies the original meaning of ta'wil as 'to return' or 'the returning place,' which aligns with the expected output. However, it lacks the explicit framing of the answer as a response to the question, which is present in the expected output. While the actual output is accurate and includes relevant details from the retrieval context, it could be improved by explicitly stating that it is answering the question posed."
What are passenger elevators tested with?,"Passenger elevators are tested with inspection service activated via a key switch, allowing qualified mechanics to access the hoistway and car top for maintenance.",The correct answer to the question 'What are passenger elevators tested with?' is: ASME A17.2 Standard,0.2,"The actual output discusses the inspection service for passenger elevators, which is not relevant to the expected output that specifies the ASME A17.2 Standard as the answer. While the actual output provides some context about elevator maintenance, it fails to address the core truth of the expected output, leading to a significant misalignment."
The failure of what high profile business initiative caused Marvel to approach Diamond?,The failure of Heroes World Distribution caused Marvel to approach Diamond.,The correct answer to the question 'The failure of what high profile business initiative caused Marvel to approach Diamond?' is: Marvel's Heroes World,0.7097830567205147,"The actual output correctly identifies the failure of Heroes World Distribution as the cause for Marvel's approach to Diamond, which aligns with the core truth of the expected output. However, it lacks the explicit mention of 'Marvel's Heroes World' as the specific initiative, which is crucial for full alignment with the expected answer. While the response is accurate, it could be improved by directly referencing the expected phrasing to enhance clarity."
How many people are on the Territorial Council?,The Territorial Council has 19 members.,The correct answer to the question 'How many people are on the Territorial Council?' is: nineteen,0.6698024446887337,"The actual output correctly states that the Territorial Council has 19 members, which aligns with the expected output's core truth. However, it fails to articulate the answer in the same format as the expected output, which specifies the answer should be 'nineteen' in word form. While the factual information is accurate, the lack of adherence to the expected format detracts from the overall alignment."
What library has a vast assortment of rare books and manuscripts?,The Beinecke Rare Book Library.,The correct answer to the question 'What library has a vast assortment of rare books and manuscripts?' is: The Beinecke Rare Book Library,0.7234826228673048,"The actual output correctly identifies the Beinecke Rare Book Library as the answer to the question about a library with a vast assortment of rare books and manuscripts, aligning with the core truth of the expected output. However, it lacks the additional context provided in the expected output, which explicitly states the question and includes a more comprehensive answer. While the core truth is present, the response could be improved by incorporating more detail from the retrieval context to enhance its comprehensiveness."
What was placed in the mountains early in the 20th century?,The theory of plate tectonics became widely accepted.,The correct answer to the question 'What was placed in the mountains early in the 20th century?' is: Numerous weather stations,0.050673221838480456,"The actual output does not address the expected output at all. The expected output specifically answers a question about what was placed in the mountains early in the 20th century, which is 'Numerous weather stations.' In contrast, the actual output discusses the theory of plate tectonics, which is unrelated to the question posed. There is no alignment with the core truth of the expected output, and the additional context provided does not enhance understanding of the expected answer."
How many stations are operated by the New York City Subway?,469 stations.,The correct answer to the question 'How many stations are operated by the New York City Subway?' is: 469,0.8560140914622135,"The actual output correctly identifies the number of stations operated by the New York City Subway as 469, which aligns with the expected output. However, it lacks the explicit phrasing that the expected output provides, which states the answer in the context of the question. While the core truth is present, the response could be improved by directly referencing the question to enhance clarity."
How many genes were associated with asthma in 2006?,Over 100 genes were associated with asthma in 2006.,The correct answer to the question 'How many genes were associated with asthma in 2006?' is: over 100 genes,0.8916882968985265,"The actual output correctly identifies that over 100 genes were associated with asthma in 2006, which aligns with the core truth of the expected output. However, it lacks the explicit phrasing 'The correct answer to the question...' and does not directly restate the question, which slightly detracts from clarity. The additional context provided enhances understanding but is not necessary for answering the core question."
﻿What two levels of crime are there?,There are two levels of crime: state-level crimes and federal crimes.,The correct answer to the question 'What two levels of crime are there?' is: felonies and misdemeanors,0.19885423127353924,"The actual output incorrectly identifies the two levels of crime as state-level crimes and federal crimes, which does not align with the expected output of felonies and misdemeanors. While the actual output provides some context about crime levels, it fails to address the core question correctly, leading to a significant misalignment."
What did Muslim mathematicians add to Arabic numerals?,Muslim mathematicians introduced decimal point notation and made refinements to the numeral system.,The correct answer to the question 'What did Muslim mathematicians add to Arabic numerals?' is: decimal point notation,0.7823218048984834,"The actual output correctly identifies the introduction of decimal point notation by Muslim mathematicians, which aligns with the core truth of the expected output. However, it provides additional context about refinements to the numeral system, which, while relevant, slightly detracts from the directness of the answer. Overall, the response is informative and maintains the core truth, but could be more concise."
Who are the CAF supposed to protect?,"The CAF (Canadian Armed Forces) are tasked with protecting Canada and its interests, including national sovereignty and responding to emergencies.",The correct answer to the question 'Who are the CAF supposed to protect?' is: Her Majesty,0.21539364335589242,"The actual output mentions the role of the CAF in protecting Canada and its interests, which is somewhat related to the expected output. However, it fails to directly address the core truth that the CAF are supposed to protect 'Her Majesty.' The additional details about the CAF's responsibilities do not enhance understanding of the specific question asked and instead detract from the core message."
Under the development of agile software and extreme programing what is written first?,Unit tests are written first.,The correct answer to the question 'Under the development of agile software and extreme programing what is written first?' is: unit tests are written first,0.8865333750500412,"The actual output correctly identifies the core truth that unit tests are written first, which aligns with the expected output. However, it lacks the explicit context of the question being answered, which could enhance clarity. While it succinctly states the answer, it does not provide the full context of the question, which is important for complete understanding."
How many ports does Oklahoma have?,Oklahoma has two ports.,The correct answer to the question 'How many ports does Oklahoma have?' is: Two,0.7898667185432597,"The actual output correctly identifies the number of ports in Oklahoma, aligning with the core truth of the expected output. However, it lacks the explicit phrasing of the expected output, which states 'The correct answer to the question... is: Two.' While the actual output is accurate and concise, it could be improved by incorporating the formal structure of the expected response for clarity."
Before which year were the Sana'a manuscripts produced?,Before 671 AD.,The correct answer to the question 'Before which year were the Sana'a manuscripts produced?' is: 671 AD,0.5736370553999735,"The actual output correctly identifies the year '671 AD' as the time before which the Sana'a manuscripts were produced, aligning with the core truth of the expected output. However, it lacks the clarity and completeness of the expected output, which explicitly states the answer in the context of the question. While the retrieval context provides relevant historical details, the actual output does not incorporate any of this additional context, which could enhance understanding."
How many bombs did the three aircraft drop on the city?,"130 German bombers dropped a total of 18,291 short tons (16,593 t) of bombs on London.",The correct answer to the question 'How many bombs did the three aircraft drop on the city?' is: 45,0.11914217764058913,"The actual output provides specific data about the total bombs dropped on London, but it does not address the question regarding how many bombs were dropped by the three aircraft, which is the core truth of the expected output. The information presented is irrelevant to the specific query, leading to a significant misalignment with the evaluation steps."
What is prohibited in all zones of the marine reserve at St. Barts?,Anchoring is prohibited in all zones of the marine reserve at St. Barts.,The correct answer to the question 'What is prohibited in all zones of the marine reserve at St. Barts?' is: Anchoring,0.8063751346201629,"The actual output correctly identifies that anchoring is prohibited in all zones of the marine reserve at St. Barts, which aligns with the core truth of the expected output. However, while it provides a comprehensive statement, it could be more concise by directly stating 'Anchoring' as the answer to the question, as the expected output does. The additional context about the marine reserve enhances understanding but slightly deviates from the simplicity of the expected response."
"Because a knot's shape is conical, what shape does a cross-section of it have?",Roughly circular.,"The correct answer to the question 'Because a knot's shape is conical, what shape does a cross-section of it have?' is: circular",0.5433431811212619,"The actual output 'Roughly circular' captures the essence of the expected output by indicating the shape of the cross-section, but it lacks the clarity and completeness of the expected answer. The expected output explicitly states the answer to the question, while the actual output is more vague and does not directly address the question format. Additionally, the retrieval context provides relevant information about the conical shape of a knot, which could have been referenced to enhance the response, but it was not utilized."
When did the single cable car operating in London begin service?,June 2012.,The correct answer to the question 'When did the single cable car operating in London begin service?' is: June 2012,0.8837271492377416,"The actual output correctly identifies the core truth by stating 'June 2012', which aligns with the expected output. However, it lacks the additional context provided in the retrieval context that could enhance understanding, such as details about the cable car's name and its operational significance. Including such information would have strengthened the response without detracting from the core truth."
﻿When was the release preview set to expire?,"January 15, 2013.","The correct answer to the question 'When was the release preview set to expire?' is: January 15, 2013",0.9481079577205911,"The actual output correctly identifies the core truth of the expected output by stating the expiration date as January 15, 2013. It aligns perfectly with the expected answer format, confirming that the core question is answered accurately. Additionally, the retrieval context provides relevant background information that enhances understanding without detracting from the main answer."
What was he also known as?,Ibn Sīnā was also known as Avicenna.,The correct answer to the question 'What was he also known as?' is: Good Pope John,0.009534945911506375,"The actual output incorrectly identifies Ibn Sīnā as Avicenna, while the expected output states he is known as Good Pope John. This shows a complete misalignment with the core truth of the expected output, as the actual output does not address the question asked and fails to provide any relevant details from the retrieval context that would support the expected answer."
Whose work did Hunt stress in the first volume of The Anthropological Review?,Hunt stressed the work of Waitz.,The correct answer to the question 'Whose work did Hunt stress in the first volume of The Anthropological Review?' is: Waitz,0.7901940540589266,"The actual output correctly identifies that Hunt stressed the work of Waitz, which aligns with the core truth of the expected output. However, it lacks the explicit phrasing of the question and the structured format of the expected answer, which diminishes its clarity. While it does provide the correct information, it could be more comprehensive by including the context of the question directly."
Who founded Taxila?,"Taxila was founded by Taksh, son of Bharat.",The correct answer to the question 'Who founded Taxila?' is: son of Taksh the son Bharat who was the brother of Ram,0.675551873711796,"The actual output correctly identifies Taksh as the founder of Taxila, aligning with the core truth of the expected output. However, it lacks the additional context provided in the expected output, specifically the relationship to Bharat and Ram, which is crucial for a complete understanding. While the actual output is accurate, it does not fully capture the expected detail, resulting in a lower score."
Where are the quartiers sensibles located?,"In northern and eastern Paris, notably Goutte d'Or and Belleville, mainly in Seine-Saint-Denis and Val-d'Oise departments.",The correct answer to the question 'Where are the quartiers sensibles located?' is: northern and eastern Paris,0.7201883753408966,"The actual output correctly identifies the location of the quartiers sensibles as northern and eastern Paris, which aligns with the core truth of the expected output. However, it includes additional details about specific neighborhoods (Goutte d'Or and Belleville) and departments (Seine-Saint-Denis and Val-d'Oise) that, while relevant, may detract from the simplicity of the expected answer. Overall, the response is informative but could be more concise to enhance clarity."
What was founded after the fall of the Ming?,The Qing dynasty was founded after the fall of the Ming.,The correct answer to the question 'What was founded after the fall of the Ming?' is: The Qing dynasty,0.8,"The actual output correctly identifies the Qing dynasty as the entity founded after the fall of the Ming, aligning well with the core truth of the expected output. However, it lacks the explicit phrasing of the expected output, which states the answer in a more structured format. While the response is accurate and relevant, it could have included more context from the retrieval information to enhance understanding, such as details about the founding figures or the significance of the Qing dynasty's establishment."
Who owns the rights to the players under the single-entity model?,The league owns the rights to the players under the single-entity model.,The correct answer to the question 'Who owns the rights to the players under the single-entity model?' is: the league,0.8345824832142954,"The actual output correctly identifies that the league owns the rights to the players under the single-entity model, which aligns with the expected output's core truth. However, while it provides a clear answer, it could have been more concise by omitting the additional context about the single-entity model, which, although relevant, is not necessary to answer the specific question posed."
The Times used contributions from significant figures to build what?,Its reputation.,The correct answer to the question 'The Times used contributions from significant figures to build what?' is: reputation,0.7805492954108165,"The actual output correctly identifies 'reputation' as the answer to the question posed, aligning with the expected output. However, it lacks the explicit context that the expected output provides, which clarifies the source of the answer. While the core truth is present, the response could benefit from a more comprehensive articulation of how 'reputation' was built through contributions from significant figures, as mentioned in the retrieval context."
What did Aristotle believe about a void?,"Aristotle believed that a void could not occur naturally, asserting that surrounding material would fill any incipient rarity, thus motion could not exist without impediment, and nothing could be truly ""nothing.""","The correct answer to the question 'What did Aristotle believe about a void?' is: no void could occur naturally,",0.7817678706067784,"The actual output accurately conveys Aristotle's belief that a void could not occur naturally, aligning well with the expected output. It provides additional context about Aristotle's reasoning and the implications of his views, which enhances understanding without detracting from the core truth. However, the response could be more concise, as it includes some extraneous details that may not be necessary for answering the specific question."
"Along with pink eye and influenza, what other health issue was caused by the drought?","The text does not explicitly mention any specific health issues caused by the drought apart from pink eye and influenza. Therefore, no additional health issue can be identified from the provided information.","The correct answer to the question 'Along with pink eye and influenza, what other health issue was caused by the drought?' is: diarrhea",0.21080627718867745,"The actual output fails to identify diarrhea as the additional health issue caused by the drought, which is the core truth of the expected output. While it correctly states that no other health issues are mentioned, it does not address the specific question asked, leading to a significant misalignment with the expected response."
﻿"In addition to signature and ratification what legal procedure of the United Nations must all treaties follow after their adoption?",Entry into force.,"The correct answer to the question 'In addition to signature and ratification, what legal procedure of the United Nations must all treaties follow after their adoption?' is: entry into force",0.9620842806809786,"The actual output 'Entry into force' accurately captures the core truth of the expected output, which specifies that this is the legal procedure all treaties must follow after their adoption. The response is concise and directly answers the question posed, aligning perfectly with the expected output without any extraneous information."
Where did David Jones and Charles Appleton meet? ,London,The correct answer to the question 'Where did David Jones and Charles Appleton meet? ' is: in London,0.7405881870643711,"The actual output correctly identifies 'London' as the location where David Jones and Charles Appleton met, which aligns with the core truth of the expected output. However, it lacks the additional context provided in the expected output, such as the phrasing of the question and the complete sentence structure. While it is accurate, it could be more comprehensive by including the full context of the question."
"At any given time, about how much of all the people in the world has M. tuberculosis?","About one-third of the world's population, approximately 2.5 billion people, has M. tuberculosis.","The correct answer to the question 'At any given time, about how much of all the people in the world has M. tuberculosis?' is: one-third",0.7227131741401334,"The actual output correctly identifies that about one-third of the world's population has M. tuberculosis, which aligns with the core truth of the expected output. However, it provides additional details, such as the approximate number of people affected (2.5 billion), which, while informative, slightly detracts from the simplicity of the expected answer. The response could be improved by focusing more directly on the core message without the extra numerical detail."
Who was Waitz influential among?,Waitz was influential among British ethnologists.,The correct answer to the question 'Who was Waitz influential among?' is: British ethnologists,0.6095829891240389,"The actual output states that Waitz was influential among British ethnologists, which aligns with the expected output's core truth. However, it lacks the explicit phrasing of the question and answer format found in the expected output, which diminishes clarity. While the retrieval context provides relevant background on Waitz's influence, it does not enhance the actual output's alignment with the expected answer format."
What shape sounds holes do these styles of mandolins have? ,Neapolitan: oval; Carved-top: f-holes or oval; Flat-backed: oval.,"The correct answer to the question 'What shape sounds holes do these styles of mandolins have? ' is: two f-shaped soundholes like a violin (F-5 and A-5), or an oval sound hole (F-4 and A-4 and lower models)",0.5,"The actual output identifies the shapes of sound holes for different mandolin styles, which aligns with the expected output's core truth. However, it lacks the specificity regarding the models (F-5, A-5, F-4, A-4) mentioned in the expected output, which diminishes its accuracy. While the retrieval context provides relevant details about mandolin styles, the actual output does not fully leverage this information to enhance understanding."
What type of language id Spanish?,Spanish is a Romance language.,The correct answer to the question 'What type of language id Spanish?' is: Spanish is the Romance language and the Indo-European language with the largest number of native speakers in the world.,0.3186749561780537,"The actual output identifies Spanish as a Romance language, which aligns with the core truth of the expected output. However, it lacks the additional context and detail provided in the expected output, such as Spanish being the Indo-European language with the largest number of native speakers. The actual output is overly simplistic and does not incorporate any relevant details from the retrieval context, which could have enhanced understanding."
Which is preferred the two step or three step process?,The two-step process is preferred for simplicity; the three-step process allows for greater control over the final result but requires more skill.,The correct answer to the question 'Which is preferred the two step or three step process?' is: three-step,0.3270828011334015,"The actual output discusses the two-step and three-step processes but fails to directly answer the question posed in the expected output, which specifically asks for a preference. While it mentions the advantages of each process, it does not clearly state that the three-step process is preferred, which is the core truth of the expected output. The additional details provided do not enhance understanding of the preference and instead detract from the clarity of the response."
When did Amdo come under Qing control?,Amdo came under Qing control in 1724.,The correct answer to the question 'When did Amdo come under Qing control?' is: 1724,0.8,"The actual output correctly identifies the year Amdo came under Qing control, which aligns with the core truth of the expected output. However, it lacks the explicit framing of the answer as a response to the question, which is present in the expected output. While the actual output is accurate and concise, it could benefit from a more structured presentation that directly addresses the question format."
How many terminals do BJTs have?,"BJTs have three terminals: base, collector, and emitter.",The correct answer to the question 'How many terminals do BJTs have?' is: three,0.7797297459505541,"The actual output correctly identifies that BJTs have three terminals: base, collector, and emitter, which aligns with the expected output's core truth. However, it lacks the explicit phrasing of the expected output, which states the answer should be presented as 'The correct answer to the question... is: three.' While the additional context about BJTs enhances understanding, it could have been more concise to focus on the core question directly."
Where did Chopin meet Felix Mendelssohn?,Chopin met Felix Mendelssohn at the Lower Rhenish Music Festival in Aix-la-Chapelle.,The correct answer to the question 'Where did Chopin meet Felix Mendelssohn?' is: the Lower Rhenish Music Festival,0.8548274150723169,"The actual output correctly identifies the location where Chopin met Mendelssohn, aligning with the expected output. However, it provides additional context about the event, which, while informative, slightly diverges from the simplicity of the expected answer. The core truth is present and accurately represented, but the extra details could be seen as unnecessary for a direct response."
﻿What is an important defense strategy for insects to survive?,"An important defense strategy for insects is chemical defense, often indicated by bright colors, which deters predators by advertising toxicity.",The correct answer to the question 'What is an important defense strategy for insects to survive?' is: Camouflage,0.2101332814567402,"The actual output discusses chemical defense as a strategy for insects, which is relevant but does not address the expected output of 'camouflage' as a defense strategy. While it provides some context about insect defenses, it fails to present the core truth of the expected answer, leading to a significant misalignment."
What is another name for lead glass?,Flint glass.,The correct answer to the question 'What is another name for lead glass?' is: flint glass,0.7781396427234025,"The actual output correctly identifies 'flint glass' as another name for lead glass, aligning well with the expected output. However, it lacks the introductory phrase present in the expected output, which could enhance clarity. The retrieval context provides relevant information about the properties and production of lead glass, which could have been briefly referenced to enrich the response, but the core truth is still accurately represented."
How many votes were cast in the American Idol finale in season eight?,The information provided does not specify the number of votes cast in the American Idol finale of season eight.,The correct answer to the question 'How many votes were cast in the American Idol finale in season eight?' is: 100 million,0.22437083573094063,"The actual output fails to provide the correct number of votes cast, which is the core truth of the expected output. While it correctly states that the information is not specified, it does not answer the question, leading to a significant shortcoming. The retrieval context does not contain the necessary information to support the actual output, further diminishing its relevance."
What can't animals answer?,"Animals cannot answer questions about their ability to feel pain, particularly in plants and other entities, as these cannot communicate or have known mechanisms for such sensations.",The correct answer to the question 'What can't animals answer?' is: whether they feel pain,0.4291217199642241,"The actual output addresses the question of what animals cannot answer, but it does not clearly articulate the core truth that the specific question is about whether they feel pain. While it provides relevant context about the inability of animals to communicate their feelings, it diverges from the expected output by not directly stating the core question. Additionally, the output includes extraneous details that, while informative, detract from the clarity of the main point."
Where in the Code of Canon Law does it say that wine must be natural and not corrupt?,"Canon 924 of the Code of Canon Law (1983) states that the wine used must be natural, made from grapes of the vine, and not corrupt.",The correct answer to the question 'Where in the Code of Canon Law does it say that wine must be natural and not corrupt?' is: Canon 924,0.7792471114719989,"The actual output correctly identifies Canon 924 as the source of the requirement for wine to be natural and not corrupt, aligning well with the expected output. It provides additional context about the nature of the wine used in the Eucharist, which enhances understanding without detracting from the core truth. However, it could be more concise, as the extra details may not be necessary for answering the specific question posed."
To make the Mongol-Tibetan alliance stronger who became the 4th Dalai Lama?,The great-grandson of Altan Khan became the 4th Dalai Lama.,The correct answer to the question 'To make the Mongol-Tibetan alliance stronger who became the 4th Dalai Lama?' is: the great-grandson of Altan Khan,0.8063751325329902,"The actual output correctly identifies the great-grandson of Altan Khan as the 4th Dalai Lama, which aligns with the core truth of the expected output. However, it lacks the explicit framing of the answer as a response to the question posed, which diminishes clarity. The additional context provided enhances understanding but could be seen as slightly deviating from the core question's focus."
By what year were there over seventy official scientific societies?,By 1789.,The correct answer to the question 'By what year were there over seventy official scientific societies?' is: 1789,0.9,"The actual output correctly identifies the year 1789, which aligns with the expected output's core truth regarding the number of official scientific societies. However, it lacks the explicit context of the question and the phrase 'The correct answer to the question...' that is present in the expected output, which would enhance clarity and completeness."
What was tuberculosis called in 19th-century England?,"In 19th-century England, tuberculosis was called ""consumption.""",The correct answer to the question 'What was tuberculosis called in 19th-century England?' is: consumption,0.8146093443506149,"The actual output correctly identifies that tuberculosis was called 'consumption' in 19th-century England, which aligns with the core truth of the expected output. However, it lacks the explicit phrasing of 'The correct answer to the question...' found in the expected output. While the actual output is concise and directly answers the question, it does not include additional relevant details from the retrieval context that could enhance understanding, such as the historical significance of the term 'consumption' related to weight loss."
A discussion regarding wing pairs is not supported by what community?,The discussion regarding wing pairs is not supported by the Apterygota community (wingless insects).,The correct answer to the question 'A discussion regarding wing pairs is not supported by what community?' is: the entomological community,0.4857190707218293,"The actual output correctly identifies that the discussion regarding wing pairs is not supported by the Apterygota community, which aligns with the core truth of the expected output. However, it fails to explicitly mention the entomological community as the correct answer, which is the primary focus of the expected output. While it provides relevant context about wingless insects, it does not fully address the question asked."
Who was the Prince of Wales suspected to be having an affair with? ,An actress.,The correct answer to the question 'Who was the Prince of Wales suspected to be having an affair with? ' is: an actress in Ireland,0.3653784894851081,"The actual output identifies the subject as 'an actress,' which is partially correct but lacks the specificity of the expected output that states 'an actress in Ireland.' The response does not fully address the core truth of the expected output, which includes the location, thus failing to provide a comprehensive answer. Additionally, it does not incorporate relevant details from the retrieval context that could enhance understanding of the affair, leading to a lower score."
﻿What technological development led resulted in elaborate stage productions? ,"Innovative production techniques and studio experimentation by post-punk producers, alongside advancements in film production, contributed to elaborate stage productions.",The correct answer to the question 'What technological development led resulted in elaborate stage productions? ' is: electric lighting,0.2157212604490884,"The actual output discusses innovative production techniques and studio experimentation, which are related to stage productions, but it fails to address the core truth of the expected output, which specifically identifies electric lighting as the technological development responsible for elaborate stage productions. While the actual output provides some context about production advancements, it does not directly answer the question posed, leading to a significant misalignment with the expected output."
"Over which years did the ""War of the Speeds"" last? ","The ""War of the Speeds"" lasted from the late 1940s to the late 1950s.","The correct answer to the question 'Over which years did the ""War of the Speeds"" last? ' is: 1948 to 1950",0.22285462133877462,"The actual output provides a timeframe for the 'War of the Speeds' but inaccurately states it lasted from the late 1940s to the late 1950s, while the expected output specifies the years 1948 to 1950. This discrepancy indicates a failure to accurately represent the core truth. Additionally, the retrieval context does not enhance the understanding of the expected output, as it is unrelated to the specific question about the war's duration."
What is a name of a Catholic hospital in Detroit?,St. John Health System.,The correct answer to the question 'What is a name of a Catholic hospital in Detroit?' is: St. Joseph's,0.2786836695285795,"The actual output mentions 'St. John Health System,' which is a hospital in Detroit, but it does not answer the question regarding the name of a Catholic hospital, which is 'St. Joseph's.' The core truth of the expected output is not present, and while the actual output is relevant to the context, it fails to provide the correct answer, leading to a low score."
When did war with France break out?,"War with France broke out on July 19, 1870.",The correct answer to the question 'When did war with France break out?' is: 1202,0.0,"The actual output states that war with France broke out on July 19, 1870, which is factually correct but does not align with the expected output that specifies the answer should be '1202'. The core truth of the expected output is not represented, and the actual output fails to address the question as required."
Which famous scientist resolved these issues?,Max Planck resolved the issues related to the black-body problem and quantized energy levels.,The correct answer to the question 'Which famous scientist resolved these issues?' is: Einstein,0.22138936783186985,"The actual output mentions Max Planck and his contributions to the black-body problem, which is relevant to the topic, but it fails to identify Einstein as the scientist who resolved these issues, as stated in the expected output. The core truth of the expected output is not present, and while some context is provided, it does not enhance understanding of the specific question asked."
"In Chopin's music where strict timing is disregarded, what is it called?",Rubato.,"The correct answer to the question 'In Chopin's music where strict timing is disregarded, what is it called?' is: rubato",0.626436174916906,"The actual output 'Rubato.' captures the core truth of the expected output, which defines rubato in the context of Chopin's music. However, it lacks the clarity and completeness of the expected output, which explicitly states the question and provides a full sentence. While the retrieval context offers relevant details about rubato and its application in Chopin's music, the actual output does not utilize this context to enhance understanding, resulting in a less informative response."
What 2 techniques did Von Neumann use to exclude sets in his doctoral thesis in 1925?,Axiom of foundation and the notion of class.,The correct answer to the question 'What 2 techniques did Von Neumann use to exclude sets in his doctoral thesis in 1925?' is: the axiom of foundation and the notion of class.,0.833263477312539,"The actual output correctly identifies the two techniques used by Von Neumann, aligning well with the expected output. However, it lacks the introductory context that explicitly states the question being answered, which could enhance clarity. The retrieval context provides relevant background information about Von Neumann's work, but the actual output could have included a brief mention of the question to improve understanding."
The Illyrian ecoregion is known as what?,The Illyrian ecoregion is known as the Illyrian deciduous forests.,The correct answer to the question 'The Illyrian ecoregion is known as what?' is: deciduous forests,0.6977040924186675,"The actual output correctly identifies the Illyrian ecoregion as the Illyrian deciduous forests, which aligns with the core truth of the expected output. However, it lacks the explicit phrasing of the expected output, which directly answers the question by stating 'deciduous forests' as the answer. While the actual output provides relevant information, it does not fully encapsulate the simplicity and directness of the expected response."
When did the Portuguese explore the interior of Guinea-Bissau?,The Portuguese explored the interior of Guinea-Bissau in the 19th century.,The correct answer to the question 'When did the Portuguese explore the interior of Guinea-Bissau?' is: 19th century,0.7756138459277978,"The actual output correctly identifies the time period of the Portuguese exploration in Guinea-Bissau as the 19th century, which aligns with the core truth of the expected output. However, it lacks the explicit phrasing that directly answers the question posed in the expected output, which could enhance clarity. While the output is accurate, it could benefit from a more structured response that mirrors the expected format."
How old was Kangxi when he took over?,Kangxi was 8 years old when he became emperor.,The correct answer to the question 'How old was Kangxi when he took over?' is: eight,0.632703068968764,"The actual output correctly states that Kangxi was 8 years old when he became emperor, which aligns with the core truth of the expected output. However, it lacks the explicit phrasing of the expected output and does not provide the answer in the same format ('eight'). While the response is accurate, it could have included more context or details from the retrieval context to enhance its comprehensiveness without deviating from the core truth."
﻿Who was relocated during the second world war from the Soviet Union?,"During World War II, 34,250 Latvians, 75,000 Lithuanians, and nearly 60,000 Estonians were deported or killed by Soviet NKVD troops. Additionally, German populations were expelled from annexed territories.",The correct answer to the question 'Who was relocated during the second world war from the Soviet Union?' is: Volga Germans,0.23639071914694396,"The actual output provides specific numbers of Latvians, Lithuanians, and Estonians deported or killed, which is relevant historical information but does not address the expected output regarding the relocation of Volga Germans. The core truth of the expected output is absent, and while the additional details from the retrieval context are informative, they do not enhance understanding of the specific question asked."
When did New York City annex Kingsbridge?,"New York City annexed Kingsbridge in 1873, effective in 1874.",The correct answer to the question 'When did New York City annex Kingsbridge?' is: 1873,0.7989665727305246,"The actual output correctly identifies the year of annexation as 1873, which aligns with the core truth of the expected output. However, it provides additional context about the effective date of 1874, which, while relevant, is not necessary for answering the core question. This extra detail enhances the response but slightly detracts from the simplicity of the expected output."
What was the final straw that precipitated the baronial uprising during John's final years as king?,"John's failure to comply with the Magna Carta, alongside his oppressive fiscal policies and treatment of powerful nobles, precipitated the baronial uprising.",The correct answer to the question 'What was the final straw that precipitated the baronial uprising during John's final years as king?' is: The failure of John's French military campaign,0.3,"The actual output identifies some relevant factors leading to the baronial uprising, such as John's oppressive fiscal policies and treatment of nobles, but it fails to mention the core truth of the expected output, which is John's failure in the French military campaign. While it provides additional context, it does not directly answer the question posed in the expected output."
Where did Egypt rank in Corruption perceptions Index in 2013?,Egypt ranked 114th out of 177 countries in the 2013 Corruption Perceptions Index.,The correct answer to the question 'Where did Egypt rank in Corruption perceptions Index in 2013?' is: 114 out of 177,0.8000000000000002,"The actual output correctly identifies Egypt's ranking in the 2013 Corruption Perceptions Index, aligning with the core truth of the expected output. However, it includes additional context about the ranking that, while relevant, could be seen as slightly extraneous since the expected output is focused solely on the ranking itself. Overall, the response is clear and informative, enhancing understanding without misleading."
Which island of Tuvalu was identified as the one that Mourelle sailed past in 1781?,Niutao.,The correct answer to the question 'Which island of Tuvalu was identified as the one that Mourelle sailed past in 1781?' is: Niutao,0.766736522687461,"The actual output correctly identifies Niutao as the island that Mourelle sailed past in 1781, aligning with the expected output. However, it lacks the additional context provided in the retrieval context that could enhance understanding, such as the historical significance of Mourelle's journey and the identification of Niutao by Keith S. Chambers and Doug Munro. Including this context would have strengthened the response further."
How are the two ratios found?,The gyromagnetic ratio \( \gamma' \) is determined from the frequency \( \nu \) of NMR and the applied magnetic field \( B \) using \( \nu = \gamma' B \). The Avogadro constant \( N_A \) is found via the volume of the unit cell from X-ray crystallography divided by the molar volume of silicon.,The correct answer to the question 'How are the two ratios found?' is: subjectively determined based on a resolution of 70 pixels per cm (178 DPI) when viewed at 25 cm (9.8 inch) distance,0.11469990420493585,"The actual output discusses the gyromagnetic ratio and the Avogadro constant, which are unrelated to the expected output that focuses on a subjective determination based on pixel resolution and viewing distance. The core truth of the expected output is not present in the actual output, and while some relevant details from the retrieval context are included, they do not enhance understanding of the expected answer."
What campus did Yale buy in 2008?,"Yale purchased the former Bayer Pharmaceutical campus in West Haven, Connecticut, in 2008.",The correct answer to the question 'What campus did Yale buy in 2008?' is: former Bayer Pharmaceutical campus,0.8,"The actual output correctly identifies the campus Yale purchased in 2008, aligning with the core truth of the expected output. It provides additional context about the campus's location and its current use, which enhances the response without deviating from the main question. However, it could be more concise by omitting the details about the campus's current use as laboratory and research space, which is not necessary to answer the question directly."
Who created Afro Samurai?,Takashi Okazaki created Afro Samurai.,The correct answer to the question 'Who created Afro Samurai?' is: Takashi Okazaki,0.8088145502961614,"The actual output correctly identifies Takashi Okazaki as the creator of Afro Samurai, aligning with the core truth of the expected output. However, it lacks the explicit phrasing of the expected output, which states 'The correct answer to the question... is: Takashi Okazaki.' While the response is accurate, it could be improved by more clearly presenting the answer in the format requested, which would enhance clarity and alignment with the evaluation steps."
In what year did the Battle of Nezib take place?,The Battle of Nezib took place in 1839.,The correct answer to the question 'In what year did the Battle of Nezib take place?' is: 1839,0.7695115377275868,"The actual output correctly identifies the year of the Battle of Nezib as 1839, which aligns with the core truth of the expected output. However, it lacks the explicit phrasing that indicates it is answering a question, which is present in the expected output. While the response is accurate, it could be improved by including a more formal structure that mirrors the expected output's clarity."
What region of the Philippines has a large Muslim population?,The southern Philippines has a large Muslim population.,The correct answer to the question 'What region of the Philippines has a large Muslim population?' is: Mindanao,0.40230877180177843,"The actual output identifies that the southern Philippines has a large Muslim population, which is relevant to the expected output. However, it fails to specify 'Mindanao' as the region, which is the core truth of the expected output. While it provides some context about the Muslim population in the southern Philippines, it does not fully address the question asked."
﻿What are some forms of corruption now  called?,Institutional corruption.,The correct answer to the question 'What are some forms of corruption now  called?' is: institutional corruption,0.8064206411556482,"The actual output 'institutional corruption' accurately reflects the core truth of the expected output, which specifies that this is the correct answer to the question posed. However, the response lacks the additional context provided in the retrieval context that could enhance understanding, such as the distinction between institutional corruption and other forms of corruption. Including this context would have strengthened the response further."
How do dogs establish their territory as far as scent is concerned?,"Dogs establish their territory by urine marking, using scent to signal their presence and define their boundaries.",The correct answer to the question 'How do dogs establish their territory as far as scent is concerned?' is: urine marking,0.7336164979041553,"The actual output correctly identifies urine marking as a method by which dogs establish their territory, aligning with the core truth of the expected output. However, while it provides relevant context about the behavior, it does not explicitly state that urine marking is the answer to the question posed, which slightly detracts from its clarity and directness. The additional information about scent marking enhances understanding but could be more focused on directly answering the question."
Water from the rivers is used in over how many hydroelectric power plants?,Water from rivers is used in over 150 hydroelectric power plants globally.,The correct answer to the question 'Water from the rivers is used in over how many hydroelectric power plants?' is: 500,0.13454671357462955,"The actual output states that water from rivers is used in over 150 hydroelectric power plants globally, which is factually incorrect compared to the expected output of 500 plants. While it provides a relevant detail about the number of plants, it does not align with the core truth of the expected output. Additionally, the actual output lacks any context or additional information that would enhance understanding, leading to confusion regarding the correct number."
Who was responsible for leaks of Sony movie projects?,"Hackers targeted Sony Pictures Entertainment in November 2014, leading to the leaks.",The correct answer to the question 'Who was responsible for leaks of Sony movie projects?' is: hackers,0.6468030055365248,"The actual output identifies hackers as the perpetrators of the Sony Pictures leaks, which aligns with the core truth of the expected output. However, it provides additional context about the timing and nature of the attack, which, while informative, diverges slightly from the simplicity of the expected answer. The core question is answered correctly, but the response could be more concise to match the expected format."
What is another name that Saint Athanasius is know as?,Athanasius the Great.,The correct answer to the question 'What is another name that Saint Athanasius is know as?' is: Athanasius the Confessor,0.27728682501330704,"The actual output identifies Athanasius the Great, which is a name associated with Saint Athanasius, but it fails to provide the expected name 'Athanasius the Confessor.' While it does mention a correct name, it does not fully align with the expected output, which specifically asks for another name. The response lacks additional relevant details from the retrieval context that could enhance the answer."
What nearby radio stations can be picked up in Cork?,Radio Kerry (97.0) and WLR FM (95.1) can be picked up in Cork.,The correct answer to the question 'What nearby radio stations can be picked up in Cork?' is: Radio Kerry at 97.0 and WLR FM on 95.1,0.8595068412806937,"The actual output correctly identifies the radio stations that can be picked up in Cork, aligning well with the expected output. It provides the same information but lacks the explicit phrasing of 'The correct answer to the question...' which is present in the expected output. While it includes relevant details from the retrieval context, it could enhance clarity by explicitly stating the question it answers."
What are rivalries often called?,Rivalries are often called derbies.,The correct answer to the question 'What are rivalries often called?' is: feuds,0.19297307292664923,"The actual output states that rivalries are often called derbies, which is related but does not directly answer the question posed in the expected output. The expected output specifies that rivalries are called 'feuds,' which is not mentioned in the actual output. While the actual output provides some relevant context about rivalries, it fails to convey the core truth of the expected output, leading to a significant misalignment."
What is the treatment of choice for diarrhea?,The treatment of choice for diarrhea is oral rehydration solution (ORS).,"The correct answer to the question 'What is the treatment of choice for diarrhea?' is: Oral rehydration solution (ORS), which is clean water with modest amounts of salts and sugar",0.7760881658057182,"The actual output correctly identifies oral rehydration solution (ORS) as the treatment of choice for diarrhea, aligning with the core truth of the expected output. However, it lacks the additional detail that ORS is a mixture of clean water with modest amounts of salts and sugar, which is present in the expected output. While the core message is conveyed, the absence of this detail slightly diminishes the completeness of the response."
What did the Prime Minister announce during the first week of May in 2013?,The question doesn't provide specific information about an announcement made by the Prime Minister during the first week of May 2013.,"The correct answer to the question 'What did the Prime Minister announce during the first week of May in 2013?' is: significant government plan for the public sector, whereby 30,000 jobs will be cut and the number of weekly working hours will be increased from 35 to 40 hours",0.17183030312180675,"The actual output fails to provide the specific announcement made by the Prime Minister during the first week of May 2013, which is the core truth of the expected output. While it correctly notes the lack of specific information, it does not address the expected details about the significant government plan, job cuts, and changes in working hours. The response lacks relevant context from the retrieval context that could have enhanced understanding, leading to a low score."
What was the argument against the deportation of a Tuvaluan family from new Zealand?,"The argument against the deportation was based on the family's status as ""climate change refugees,"" but their successful appeal was due to ""exceptional circumstances of a humanitarian nature"" as they were integrated into New Zealand society.",The correct answer to the question 'What was the argument against the deportation of a Tuvaluan family from new Zealand?' is: climate change refugees,0.5294144326773024,"The actual output identifies the argument against deportation as 'climate change refugees,' which aligns with the expected output. However, it includes additional details about the family's successful appeal based on 'exceptional circumstances of a humanitarian nature,' which, while relevant, detracts from the core truth by complicating the response. The additional context does not mislead but may confuse the primary focus of the question."
﻿Which Tigranes successor composed Greek tragedies?,"Tigranes II's successor, Tigranes III, is traditionally associated with the composition of Greek tragedies.",The correct answer to the question 'Which Tigranes successor composed Greek tragedies?' is: Artavasdes II,0.147091210206087,"The actual output incorrectly identifies Tigranes III as the composer of Greek tragedies instead of the expected Artavasdes II. While it mentions a successor and the context of Greek tragedies, it fails to provide the correct answer, which is the core truth of the expected output. The additional details about Greek tragedies do not compensate for the incorrect identification."
What is the range of accuracy for the licensed service used by Chinese government and military?,The licensed service has a location accuracy of 10 centimeters.,The correct answer to the question 'What is the range of accuracy for the licensed service used by Chinese government and military?' is: 10 centimetres,1.0,"The actual output accurately conveys the core truth of the expected output by stating the location accuracy of the licensed service as 10 centimeters. It directly answers the question posed in the expected output without any ambiguity. Additionally, the output is concise and relevant, aligning perfectly with the evaluation steps, as it does not detract from the core truth and provides the necessary information clearly."
What was the name of the land purchased by BYU in 1904?,"""Temple Hill.""",The correct answer to the question 'What was the name of the land purchased by BYU in 1904?' is: Temple Hill,0.8144949332117074,"The actual output correctly identifies 'Temple Hill' as the name of the land purchased by BYU in 1904, aligning well with the expected output. However, it lacks the additional context provided in the retrieval context that could enhance understanding, such as the significance of the purchase and its historical background. While the core truth is present, the response could be improved by incorporating relevant details from the retrieval context to provide a fuller picture."
What year did the United States finally adopt Daylight Saving Time?,The United States adopted Daylight Saving Time nationwide in 1918.,The correct answer to the question 'What year did the United States finally adopt Daylight Saving Time?' is: 1918,0.8,"The actual output correctly identifies the year the United States adopted Daylight Saving Time as 1918, which aligns with the core truth of the expected output. However, it lacks the explicit phrasing 'The correct answer to the question...' that is present in the expected output, which would enhance clarity and directness. The response does not include additional relevant details from the retrieval context, but it remains focused on the core message without confusion."
Why was the change made for the USB device?,"The change to USB, particularly with the Type-C specification, was made to standardize connectors, simplify connections, provide a reversible plug, and future-proof technology, replacing older interfaces like Type-A and Type-B.",The correct answer to the question 'Why was the change made for the USB device?' is: so that the connector on the less expensive cable would bear the most wear,0.24858461367306034,"The actual output discusses the benefits of the USB Type-C specification, such as standardization and future-proofing, but it fails to address the specific reason mentioned in the expected output regarding wear on the less expensive cable. While it provides relevant context about USB's evolution, it does not align with the core truth of the expected answer."
What is the highest authority in Protestantism for morals?,The highest authority in Protestantism for morals is the Bible (sola scriptura).,The correct answer to the question 'What is the highest authority in Protestantism for morals?' is: the Bible,0.8267207165088959,"The actual output correctly identifies the Bible as the highest authority in Protestantism for morals, aligning well with the expected output. However, it could have been more concise, as the additional context about 'sola scriptura' while relevant, slightly detracts from the straightforwardness of the answer. Overall, the core truth is present and accurately represented."
The Gulistan and Turkmenchay treaties between Iran and Russia confirmed what?,"The Gulistan and Turkmenchay treaties confirmed Russian control over territories in the Caucasus, including modern-day Armenia, Azerbaijan, and parts of Georgia, resulting in Iran losing these regions.",The correct answer to the question 'The Gulistan and Turkmenchay treaties between Iran and Russia confirmed what?' is: Iran irrevocably lost control over its integral territories in the region,0.8115527103062016,"The actual output accurately conveys the core truth that Iran lost control over its territories as confirmed by the Gulistan and Turkmenchay treaties. It includes specific details about the regions affected, such as modern-day Armenia, Azerbaijan, and parts of Georgia, which enhances the response. However, it could be more concise and directly aligned with the phrasing of the expected output, which emphasizes the irrevocable loss of control without additional context."
When did the US Navy invent an electromechanical computer to use on a submarine?,1938.,The correct answer to the question 'When did the US Navy invent an electromechanical computer to use on a submarine?' is: 1938,0.8,"The actual output provides the correct year, 1938, which aligns with the core truth of the expected output. However, it lacks the contextual framing present in the expected output, which explicitly states the question and provides a complete sentence. While the core truth is present, the response could be improved by including more context to enhance clarity and comprehensiveness."
What is Google helping NARA with?,Google is helping NARA digitize and offer NARA video online.,The correct answer to the question 'What is Google helping NARA with?' is: digitize and offer NARA video online,0.7891937237982929,"The actual output correctly identifies the core truth of the expected output by stating that Google is helping NARA digitize and offer NARA video online. However, it lacks the explicit phrasing of the expected output, which clearly states the answer format. While it does not detract from the core truth, it could have been more comprehensive by including the phrase 'the correct answer to the question' to align more closely with the expected output format."
When did Gardezi die?,The information provided does not mention Gardezi or his death.,The correct answer to the question 'When did Gardezi die?' is: 1150 AD,0.13682109027971412,"The actual output fails to provide the correct answer to the question about Gardezi's death, which is explicitly stated in the expected output. While it correctly notes the absence of information about Gardezi, it does not address the core truth of the expected output, which is the specific date of his death. This lack of alignment with the expected output significantly detracts from its effectiveness."
﻿What material was used by RCA Victor for special purpose records?,RCA Victor used vinyl-based Victrolac compound for special-purpose records.,The correct answer to the question 'What material was used by RCA Victor for special purpose records?' is: vinyl-based Victrolac compound,0.86199117002279,"The actual output correctly identifies the material used by RCA Victor for special-purpose records as 'vinyl-based Victrolac compound,' which aligns with the core truth of the expected output. However, it lacks the explicit phrasing of the expected output, which states the answer in a more direct format. While the additional context provided in the retrieval enhances understanding of the material's significance, it does not detract from the core truth, justifying a high score."
What was carmine made from?,Carmine was made from carminic acid extracted from tiny female scale insects.,The correct answer to the question 'What was carmine made from?' is: the carminic acid in tiny female scale insects,0.8187763434627404,"The actual output correctly identifies that carmine is made from carminic acid extracted from tiny female scale insects, which aligns with the core truth of the expected output. However, it lacks the explicit phrasing of 'the carminic acid in tiny female scale insects' as stated in the expected output. While the actual output provides accurate information, it could be more closely aligned with the expected phrasing for a perfect score."
When did the Lviv regional Memorial Society have its first conference?,"May 27, 1989.","The correct answer to the question 'When did the Lviv regional Memorial Society have its first conference?' is: May 27, 1989",0.9883341807952991,"The actual output correctly identifies the date of the first conference of the Lviv regional Memorial Society as May 27, 1989, which aligns perfectly with the expected output. The core truth is clearly articulated, and the response is concise. Additionally, the retrieval context provides relevant background information that enhances understanding without detracting from the main answer."
"How are people defined as ""black"" or ""white""?","People are defined as ""black"" or ""white"" based on socially constructed racial classifications that consider skin color, ancestry, and cultural traits, which vary by society and context.","The correct answer to the question 'How are people defined as ""black"" or ""white""?' is: they fulfill the social criteria",0.6462839032524195,"The actual output captures the essence of the expected output by discussing the social criteria for defining 'black' and 'white'. However, it is more detailed than necessary, which may detract from the clarity of the core truth. While it includes relevant context from the retrieval data, it could have been more concise to align better with the expected output's straightforwardness."
In which work did Welch express his belief that Mohammad's physical reaction to the revelation was historically accurate? ,"Welch expressed his belief in the ""Encyclopaedia of Islam.""",The correct answer to the question 'In which work did Welch express his belief that Mohammad's physical reaction to the revelation was historically accurate? ' is: Encyclopaedia of Islam,0.585401170147846,"The actual output identifies the work 'Encyclopaedia of Islam' but does not clearly articulate the core truth of the expected output, which specifies that this work is where Welch expressed his belief regarding Muhammad's reaction to revelation. While the retrieval context provides relevant details about Welch's views, the actual output lacks the necessary specificity to fully align with the expected output."
How many journals did Queen Victoria write in her lifetime?,Queen Victoria wrote 122 journals in her lifetime.,The correct answer to the question 'How many journals did Queen Victoria write in her lifetime?' is: 122,0.8841918447892068,"The actual output correctly identifies the core truth that Queen Victoria wrote 122 journals, which aligns with the expected output. However, it lacks the explicit phrasing of the question and the phrase 'The correct answer to the question...' that is present in the expected output. While the response is accurate and straightforward, it could be improved by mirroring the expected format more closely."
What year did Dell's enterprise revenue make up a large chunk of its profit?,"By 1998, Dell's enterprise revenues accounted for 13% of its total intake.",The correct answer to the question 'What year did Dell's enterprise revenue make up a large chunk of its profit?' is: 1998,0.8,"The actual output correctly identifies the year 1998 as significant for Dell's enterprise revenues, which aligns with the core truth of the expected output. It provides a specific percentage (13%) that adds relevant detail from the retrieval context, enhancing the response without deviating from the core question. However, it could have explicitly stated that this percentage indicates a 'large chunk of profit' to fully align with the expected output's phrasing."
What was Detroit's 2010 Hispanic population?,"48,679 Hispanics, including 36,452 Mexicans.","The correct answer to the question 'What was Detroit's 2010 Hispanic population?' is: 48,679",0.8437823499114201,"The actual output correctly identifies the total Hispanic population in Detroit as 48,679, which directly answers the core question posed in the expected output. Additionally, it provides relevant details about the Mexican population within that total, enhancing the context without straying from the main answer. However, the expected output is more concise, focusing solely on the number, which is why the score is not a perfect 10."
When year did Prince Albert die?,1861,The correct answer to the question 'When year did Prince Albert die?' is: 1861,0.7593519545612147,"The actual output provides the correct year of Prince Albert's death, which aligns with the expected output. However, it lacks the contextual framing that the expected output provides, specifically the phrasing 'The correct answer to the question 'When year did Prince Albert die?' is:'. While the core truth is present, the absence of this framing and the additional context from the retrieval does not enhance understanding as effectively as it could have."
"What does the term ""concept material culture"" cover?","The term ""material culture"" covers the physical expressions of culture, including technology, architecture, and art.","The correct answer to the question 'What does the term ""concept material culture"" cover?' is: technology, architecture and art",0.84858941735462,"The actual output accurately identifies the core truth of the expected output by stating that 'material culture' includes technology, architecture, and art. However, it could be more concise by directly answering the question without the introductory phrase. The additional context provided enhances understanding but is somewhat verbose, which slightly detracts from the clarity of the core answer."
﻿Which writer and artist was behind the Sub-Mariner?,Bill Everett (artist and writer).,The correct answer to the question 'Which writer and artist was behind the Sub-Mariner?' is: Bill Everett,0.9021964903793785,"The actual output correctly identifies Bill Everett as the writer and artist behind the Sub-Mariner, which aligns perfectly with the expected output. The core truth is clearly articulated, and while the retrieval context provides additional information about comic book history, it does not detract from the accuracy of the answer."
Where was Josip Broz born?,"Josip Broz was born in Kumrovec, Croatia.",The correct answer to the question 'Where was Josip Broz born?' is: Kumrovec,0.8114737228868961,"The actual output correctly identifies Kumrovec as the birthplace of Josip Broz, aligning with the core truth of the expected output. However, it lacks the explicit phrasing of the expected output, which states 'The correct answer to the question...'. While the additional context about Josip Broz's background enhances understanding, it is not necessary for answering the specific question posed, which slightly detracts from the clarity of the response."
What is Kullu famous for?,"The provided text does not mention Kullu, so I cannot provide an answer based on that information.",The correct answer to the question 'What is Kullu famous for?' is: shawls with striking patterns and vibrant colours,0.10796024019699979,"The actual output fails to address the question about Kullu, stating that it cannot provide an answer due to a lack of information. This does not align with the expected output, which clearly states what Kullu is famous for. The response does not include any relevant details from the retrieval context that could enhance understanding, nor does it attempt to provide any information related to Kullu, leading to a significant shortcoming in fulfilling the evaluation criteria."
How many Greek citizens were displace due to Nazi retaliations?,"Nearly 1,000,000 Greeks were left homeless due to Nazi retaliations.","The correct answer to the question 'How many Greek citizens were displace due to Nazi retaliations?' is: almost 1,000,000",0.8655335807223363,"The actual output accurately conveys the core truth of the expected output by stating that nearly 1,000,000 Greeks were left homeless due to Nazi retaliations, which aligns with the question about displacement. It includes relevant details from the retrieval context regarding the impact of Nazi occupation on the Greek population, enhancing understanding without detracting from the main message. However, it could have explicitly stated 'displaced' to match the wording of the expected output more closely."
What is a result of deleterious mutations?,Deleterious mutations can lead to genetic disorders and are typically removed from populations by natural selection.,The correct answer to the question 'What is a result of deleterious mutations?' is: Genetic disorders,0.6472201001343391,"The actual output correctly identifies that deleterious mutations can lead to genetic disorders, which aligns with the core truth of the expected output. However, it does not explicitly state that genetic disorders are the direct result of deleterious mutations, which is the key point in the expected output. While the additional context about natural selection is relevant, it detracts from the clarity of the core answer by introducing more complexity than necessary."
A tragedy typically involved what subject matter?,"A tragedy typically involves themes of suffering, loss, and often the downfall of a heroic character due to fate or moral flaws.",The correct answer to the question 'A tragedy typically involved what subject matter?' is: historical or mythological themes,0.32103616724203166,"The actual output discusses themes of suffering and loss in tragedies, which partially aligns with the expected output's focus on subject matter. However, it fails to mention the historical or mythological themes specified in the expected output, which is the core truth. The additional details about character downfall do not enhance understanding of the expected answer and detract from the main point."
What is the CAP?,"The CAP (capacitance) is the ability of a capacitor to store charge, defined as one farad when one coulomb of charge results in a one-volt potential difference across the conductors.",The correct answer to the question 'What is the CAP?' is: Central Arizona Project Aqueduct,0.06638350265893547,"The actual output provides a detailed explanation of capacitance and capacitors, which is unrelated to the expected output that defines 'CAP' as the Central Arizona Project Aqueduct. The core truth of the expected output is not present in the actual output, and while the retrieval context offers relevant information about capacitors, it does not enhance the understanding of the expected output. Overall, the response fails to address the question asked."
"According to Hodgson, what ancestral people spread the Afro-Asiatic languages?","The ""Ethio-Somali"" ancestral population spread the Afro-Asiatic languages.","The correct answer to the question 'According to Hodgson, what ancestral people spread the Afro-Asiatic languages?' is: Ethio-Somali",0.7300812317443572,"The actual output correctly identifies the 'Ethio-Somali' ancestral population as the group that spread the Afro-Asiatic languages, aligning with the expected output. However, it lacks the explicit phrasing of the question and answer format present in the expected output, which diminishes clarity. While the retrieval context provides additional relevant details about the Ethio-Somali component, the actual output could have better integrated these details to enhance understanding without straying from the core truth."
What type of capacitors can generate soft x-rays?,High voltage vacuum capacitors.,The correct answer to the question 'What type of capacitors can generate soft x-rays?' is: High voltage vacuum capacitors,0.8923470842501967,"The actual output correctly identifies 'High voltage vacuum capacitors' as the type of capacitors that can generate soft x-rays, aligning well with the expected output. While the expected output includes a more explicit framing of the answer, the core truth is present and accurately represented. The retrieval context provides additional relevant details about capacitors, enhancing understanding without detracting from the main answer, which is a strength of the response."
How long did it take for these capabilities to be restored?,"Restoration took over two years, as the FBI abandoned the Virtual Case File project in January 2005, more than two years after its planned completion.",The correct answer to the question 'How long did it take for these capabilities to be restored?' is: months,0.2480941405457044,"The actual output provides information about the duration of the FBI's Virtual Case File project, indicating it took over two years, which is somewhat relevant to the expected output. However, it fails to directly answer the core question regarding how long it took for the capabilities to be restored, which is specified as 'months' in the expected output. The response lacks the necessary clarity and focus on the core truth, leading to a low score."
﻿Who did Chopin play for while she sang?,Chopin played for Konstancja Gładkowska while she sang. ,The correct answer to the question 'Who did Chopin play for while she sang?' is: Delfina Potocka,0.17459183739004874,"The actual output incorrectly identifies Konstancja Gładkowska as the person Chopin played for, while the expected output specifies Delfina Potocka. This shows a fundamental misunderstanding of the core truth. While the actual output does mention a relevant detail about Gładkowska's connection to Chopin, it does not enhance understanding of the question asked, which diminishes its overall effectiveness."
What might wood be used for in a building made from brick or other materials?,"Wood may be used as a supportive material in roof construction, interior doors and frames, and as exterior cladding.",The correct answer to the question 'What might wood be used for in a building made from brick or other materials?' is: supporting material,0.5912756245489793,"The actual output identifies wood as a supportive material in various construction contexts, which aligns with the core truth of the expected output. However, it lacks the specificity of directly answering the question posed in the expected output, which emphasizes the term 'supporting material' without elaborating on other uses. While the additional details about wood's applications enhance understanding, they somewhat detract from the focus on the core message."
who released the album analogue bubblebath?,"The album ""Analogue Bubblebath"" was released by Autechre.",The correct answer to the question 'who released the album analogue bubblebath?' is: Aphex Twin,0.029673280069538437,"The actual output incorrectly states that Autechre released the album 'Analogue Bubblebath', while the expected output correctly identifies Aphex Twin as the artist. This fundamental error means the core truth is not present in the actual output, leading to a complete misalignment with the evaluation steps."
When did Guam's Cathedral first open?,"Guam's Cathedral opened on February 2, 1669.","The correct answer to the question 'When did Guam's Cathedral first open?' is: February 2, 1669",0.8066010412784614,"The actual output correctly states the date when Guam's Cathedral opened, which aligns with the core truth of the expected output. However, it lacks the explicit framing of the answer as a response to the question, which is present in the expected output. While the actual output is accurate and concise, it could benefit from a more structured presentation that directly addresses the question asked."
Bushi formed new associations in what century?,The tenth century.,The correct answer to the question 'Bushi formed new associations in what century?' is: tenth,0.7323671103355903,"The actual output correctly identifies the core truth by stating 'The tenth century,' which aligns with the expected output's answer of 'tenth.' However, it lacks the explicit context provided in the expected output, which clarifies that this is in response to the question about when bushi formed new associations. While the actual output is accurate, it could be improved by including a brief reference to the question for better clarity."
How many miles is Guam across?,Guam is 30 miles long and 4 to 12 miles wide.,The correct answer to the question 'How many miles is Guam across?' is: 30 miles,0.7241046639804619,"The actual output correctly states that Guam is 30 miles long, which aligns with the core truth of the expected output. However, it lacks the explicit phrasing of the expected answer format, which states 'The correct answer to the question...'. While the additional detail about the width of Guam (4 to 12 miles) is relevant, it does not enhance the core message regarding the length and could potentially distract from the main answer."
What was the Executive Council an alternate name for?,The Executive Council was an alternate name for the Council of Ministers–Government.,The correct answer to the question 'What was the Executive Council an alternate name for?' is: cabinet,0.3130375111407447,"The actual output identifies the Executive Council as an alternate name for the Council of Ministers–Government, which is somewhat related to the expected output. However, it fails to clearly articulate that the expected answer is 'cabinet', missing the core truth. The retrieval context does not provide relevant details that enhance the understanding of the expected output, further detracting from the overall clarity and accuracy."
Were would one find the sheets where Ottoman's created illuminated decorations?,"In Topkapi Palace, created by artists working in Nakkashane.",The correct answer to the question 'Were would one find the sheets where Ottoman's created illuminated decorations?' is: muraqqa,0.29152580949071727,"The actual output mentions Topkapi Palace and Nakkashane, which are relevant to the context of Ottoman illuminated decorations. However, it fails to directly answer the question regarding where one would find the sheets for illuminated decorations, which is specifically 'muraqqa' as stated in the expected output. The core truth is not clearly articulated, and the response lacks the necessary detail to fully align with the expected answer."
"What American professional baseball team is located on the North side of Chicago, IL?  ",Chicago Cubs,"The correct answer to the question 'What American professional baseball team is located on the North side of Chicago, IL?  ' is: The Chicago Cubs",0.8300787961154908,"The actual output correctly identifies the Chicago Cubs as the American professional baseball team located on the North Side of Chicago, which aligns with the core truth of the expected output. However, it lacks the additional context provided in the expected output, such as the phrasing of the question and the explicit statement that this is the correct answer. While the actual output is concise, it could benefit from a more comprehensive presentation that includes the context of the question."
In what year was Switzerland last involved in a war internationally?,"Switzerland was last involved in an international war in 1815, marking the end of the Napoleonic Wars.",The correct answer to the question 'In what year was Switzerland last involved in a war internationally?' is: 1815,0.7622642321460685,"The actual output correctly identifies the year Switzerland was last involved in an international war as 1815, which aligns with the core truth of the expected output. However, while it provides additional context about the historical significance of that year and the end of the Napoleonic Wars, it does not explicitly state that 1815 is the answer to the question posed, which slightly detracts from clarity. Overall, the response is informative and relevant, but could be more direct in addressing the expected output format."
﻿Who wanted to put mysticism into the Dominican Order?,"Early members of the Dominican Order, particularly from the European continent, sought to imbue the order with mysticism.",The correct answer to the question 'Who wanted to put mysticism into the Dominican Order?' is: Albertus Magnus,0.370663975115694,"The actual output identifies early members of the Dominican Order as seeking to imbue the order with mysticism, which aligns with the core truth of the expected output. However, it fails to directly answer the question by naming Albertus Magnus, who is specifically mentioned in the expected output. While the actual output provides relevant context about the mysticism within the order, it does not comprehensively address the core question, resulting in a lack of alignment."
When is Armadillo Day held every year?,Armadillo Day is held on the weekend after Memorial Day.,The correct answer to the question 'When is Armadillo Day held every year?' is: on the weekend after Memorial Day,0.8211104554233944,"The actual output correctly identifies when Armadillo Day is held, aligning well with the expected output. However, it lacks the explicit phrasing 'The correct answer to the question...' which would have strengthened its alignment with the expected format. The retrieval context provides additional relevant information about Armadillo Day, enhancing the understanding of the event without detracting from the core truth."
Why are the presence of certain enymzes a tell tale sign of a virus?,"Certain enzymes, like RNA replicases and reverse transcriptase, are unique to specific viral infections, indicating the presence of a virus since humans do not produce these enzymes.",The correct answer to the question 'Why are the presence of certain enymzes a tell tale sign of a virus?' is: humans can make neither RNA replicases nor reverse transcriptase,0.7440863366280807,"The actual output correctly identifies that RNA replicases and reverse transcriptase are enzymes not produced by humans, which aligns with the core truth of the expected output. However, it provides additional context about their uniqueness to viral infections, which, while relevant, slightly diverges from the simplicity of the expected answer. Overall, it captures the essential point but could be more concise."
What has the teen timetable questionnaire been used to guage?,"The teen timetable questionnaire has been used to gauge adolescents' allocation of time across work, leisure activities, and responsibilities within their families and communities.",The correct answer to the question 'What has the teen timetable questionnaire been used to guage?' is: differences in cultural perceptions of adolescent autonomy,0.215721261974619,"The actual output discusses the teen timetable questionnaire's purpose in gauging adolescents' time allocation, which diverges from the expected output that specifies it should gauge differences in cultural perceptions of adolescent autonomy. While the actual output provides relevant context about adolescent responsibilities, it fails to address the core truth of the expected output, leading to a significant misalignment."
American buildings in the Georgian period were frequently constructed of which materials?,Wood with clapboards; columns often made of timber.,The correct answer to the question 'American buildings in the Georgian period were frequently constructed of which materials?' is: wood with clapboards,0.7514153857720636,"The actual output correctly identifies the core truth of the expected output by stating 'wood with clapboards', which aligns with the question about materials used in American Georgian buildings. However, it includes additional details about columns being made of timber, which, while relevant, slightly detracts from the focus on the primary material. Overall, the response is accurate and informative, but the extra detail could be seen as unnecessary."
What would later become the main Islamic form of wall decoration?,Tile would become the main Islamic form of wall decoration.,The correct answer to the question 'What would later become the main Islamic form of wall decoration?' is: tile,0.732970202157333,"The actual output correctly identifies 'tile' as the main Islamic form of wall decoration, aligning with the core truth of the expected output. However, it lacks the explicit phrasing of the expected output, which could enhance clarity. The retrieval context provides additional relevant details about Islamic art and architecture, which enrich the understanding but are not directly referenced in the actual output, slightly detracting from its completeness."
Who had tried to prevent the enactment of the laws that Caesar had proposed?,Marcus Calpurnius Bibulus.,The correct answer to the question 'Who had tried to prevent the enactment of the laws that Caesar had proposed?' is: Bibulus,0.742700179330462,"The actual output correctly identifies Marcus Calpurnius Bibulus as the individual who attempted to obstruct Caesar's proposed laws, aligning well with the expected output. However, it lacks the explicit context that Bibulus was trying to prevent the enactment of these laws, which is crucial for fully capturing the core truth of the expected output. The retrieval context provides relevant historical details that could enhance understanding but are not utilized in the actual output."
Who stated that winning the war does not excuse putting US troops into a bad situation?,The text does not specify anyone stating that winning the war does not excuse putting US troops into a bad situation.,The correct answer to the question 'Who stated that winning the war does not excuse putting US troops into a bad situation?' is: Major General Floyd L. Parks,0.17965865210149704,"The actual output fails to identify Major General Floyd L. Parks as the individual who stated that winning the war does not excuse putting US troops into a bad situation, which is the core truth of the expected output. While it correctly notes the absence of such a statement, it does not provide the expected answer, leading to a significant misalignment with the evaluation steps."
How many fans saw Queen in Knebworth park?,"Over 120,000 fans.","The correct answer to the question 'How many fans saw Queen in Knebworth park?' is: 120,000",0.7390520675913547,"The actual output correctly identifies the number of fans as 'over 120,000', which aligns with the expected output's core truth of '120,000'. However, it lacks the clarity and completeness of the expected output, which explicitly states the context of the question and provides a full sentence. The retrieval context offers relevant details about the concert, enhancing the understanding of the event, but the actual output could have been more informative by including the context of the question."
What helped insure the safety of crops from wind?,"The refinement of windmills, specifically the tower mill, allowed the upper part to orient towards the wind, aiding in crop safety.",The correct answer to the question 'What helped insure the safety of crops from wind?' is: the alternating fields system,0.17736618447527275,"The actual output discusses the refinement of windmills and their ability to orient towards the wind, which is somewhat related to crop safety but does not directly address the expected output regarding the alternating fields system. The core truth of the expected output is not clearly articulated in the actual output, leading to a significant misalignment with the evaluation steps."
﻿What countries have expressed interest in Greece's oil and gas exploration?,Norway and the United States.,The correct answer to the question 'What countries have expressed interest in Greece's oil and gas exploration?' is: Norway and the United States,0.8377540675801803,"The actual output correctly identifies Norway and the United States as the countries interested in Greece's oil and gas exploration, aligning with the core truth of the expected output. However, it lacks the introductory phrase present in the expected output, which could enhance clarity. While the actual output is concise, it does not include additional relevant details from the retrieval context, which could have provided more context about the exploration interest."
What was the title of the leader of a monastery?,Abbot.,The correct answer to the question 'What was the title of the leader of a monastery?' is: abbot,0.3782622863978212,"The actual output 'Abbot.' does mention the correct term but lacks the clarity and completeness of the expected output, which articulates the answer in the context of the question. It does not provide any additional relevant details from the retrieval context that could enhance understanding, nor does it explain the significance of the term in relation to monastic leadership."
"Though the Plymouth Brethren do not have a denominational name, what name is generally used for them?",The Brethren.,"The correct answer to the question 'Though the Plymouth Brethren do not have a denominational name, what name is generally used for them?' is: The Brethren",0.8174979259795258,"The actual output correctly identifies 'The Brethren' as the answer to the question posed, aligning well with the expected output. However, it lacks the introductory context that clarifies the question being answered, which could enhance understanding. The retrieval context provides relevant background information about the Plymouth Brethren, but this context is not utilized in the actual output, which could have added depth without detracting from the core truth."
Henry Purcell was buried where?,Henry Purcell was buried in Westminster Abbey.,The correct answer to the question 'Henry Purcell was buried where?' is: in the abbey,0.5936846678720138,"The actual output correctly identifies that Henry Purcell was buried in Westminster Abbey, which aligns with the expected output's core truth about his burial location. However, it lacks the specific phrasing 'in the abbey' as requested in the expected output, which diminishes its alignment. While the retrieval context provides relevant background information about the abbey, the actual output does not incorporate any of this additional context, which could have enhanced understanding without detracting from the core truth."
Why does time have an effect of the amount of available solar energy?,Time affects available solar energy because solar panels absorb little sunlight at night when there is no solar radiation.,The correct answer to the question 'Why does time have an effect of the amount of available solar energy?' is: during the nighttime there is little solar radiation on the surface of the Earth for solar panels to absorb,0.7867850205662584,"The actual output correctly identifies that time affects available solar energy due to the lack of solar radiation at night, which aligns with the core truth of the expected output. However, it could have been more explicit in stating that this is specifically about solar panels absorbing little sunlight during nighttime, as mentioned in the expected output. The response is clear and relevant, but slightly less detailed than the expected output regarding the specific context of solar panels."
When did the Great Fire of London occur?,The Great Fire of London occurred in 1666.,The correct answer to the question 'When did the Great Fire of London occur?' is: 1666,0.7347335233598333,"The actual output correctly identifies the year of the Great Fire of London as 1666, which aligns with the core truth of the expected output. However, it lacks the explicit phrasing of the question and the format of the expected answer, which diminishes its clarity. While the response is accurate, it could be improved by incorporating the context of the question to enhance understanding."
What reality series was awarded a BAFTA in 2005?,Little Angels,The correct answer to the question 'What reality series was awarded a BAFTA in 2005?' is: Little Angels,0.8138483220417683,"The actual output correctly identifies 'Little Angels' as the answer to the question about the BAFTA award in 2005, aligning with the core truth of the expected output. However, it lacks the explicit phrasing found in the expected output that clearly states the answer in the context of the question. While the retrieval context provides additional relevant details about the show, the actual output could have been more comprehensive by including the context of the award and the significance of the show, which would enhance the response without detracting from the core truth."
What minimum distance from the sideline does the official place the ball before play starts?,24 yards.,The correct answer to the question 'What minimum distance from the sideline does the official place the ball before play starts?' is: 24 yards,0.8321414105453264,"The actual output correctly identifies the minimum distance of 24 yards from the sideline, which aligns with the expected output. However, it lacks the explicit context that the answer is in response to the specific question about the placement of the ball before play starts, which could enhance clarity. Overall, the core truth is present, but the articulation could be improved."
Beyonce self proclaimed alter ego is named what?,Sasha Fierce.,The correct answer to the question 'Beyonce self proclaimed alter ego is named what?' is: Sasha Fierce,0.8448041230964913,"The actual output correctly identifies 'Sasha Fierce' as Beyoncé's self-proclaimed alter ego, aligning with the core truth of the expected output. However, it lacks the additional context provided in the expected output, which explicitly states the question being answered. While the response is accurate, it could be improved by including the question for clarity."
In what years did Mali restructure public enterprises?,Mali restructured public enterprises from 1988 to 1996.,The correct answer to the question 'In what years did Mali restructure public enterprises?' is: 1988 to 1996,0.7865755713608366,"The actual output correctly identifies the years during which Mali restructured public enterprises, aligning well with the expected output. However, it lacks the explicit phrasing 'The correct answer to the question...' which would have strengthened its alignment with the expected format. The retrieval context provides relevant background information about Mali's economic reforms, enhancing the understanding of the topic, but it is not directly referenced in the actual output."
﻿Which statements did these other documents include from the Westminster Standards?,"The other documents included in the Book of Confessions are the Nicene Creed, the Apostles' Creed, the Scots Confession, the Heidelberg Catechism, the Second Helvetic Confession, The Theological Declaration of Barmen, Confession of 1967, and A Brief Statement of Faith.","The correct answer to the question 'Which statements did these other documents include from the Westminster Standards?' is: the Nicene Creed, the Apostles' Creed",0.3069388492387207,"The actual output lists several documents included in the Book of Confessions, but it fails to directly answer the core question regarding which statements these documents included from the Westminster Standards. While it provides additional context about the documents, it does not address the specific statements mentioned in the expected output, leading to a significant misalignment with the evaluation steps."
When did the construction of exuberant houses slow down?,The construction of exuberant houses slowed down after the restructuring of industry in the 1950s and the rise of suburbanization.,The correct answer to the question 'When did the construction of exuberant houses slow down?' is: the last half of the 18th century,0.0,"The actual output incorrectly states that the construction of exuberant houses slowed down in the 1950s, while the expected output specifies that this occurred in the last half of the 18th century. The core truth of the expected output is not present in the actual output, and there are no additional relevant details that enhance understanding or align with the expected answer."
Most African descent in Brazil came from what sort of congress?,"The majority of African descent in Brazil came from the transatlantic slave trade, with an estimated 3.5 million captives forcibly shipped from West/Central Africa between 1500 and 1850.",The correct answer to the question 'Most African descent in Brazil came from what sort of congress?' is: relations between white masters and female slaves,0.1728921098016083,"The actual output provides historical context about the African descent in Brazil, specifically mentioning the transatlantic slave trade, which is relevant but does not address the expected output's focus on the nature of relationships between white masters and female slaves. The core truth of the expected output is not present, and while the actual output contains factual information, it does not enhance understanding of the specific question asked."
Where did Turkey start the fiscal year?,Turkey started the fiscal year on 1 March.,The correct answer to the question 'Where did Turkey start the fiscal year?' is: 1 March,0.576441378224767,"The actual output correctly identifies the start date of Turkey's fiscal year as 1 March, which aligns with the core truth of the expected output. However, it lacks the explicit framing of the answer as a response to the question posed, which diminishes clarity. While the information is accurate, it does not fully enhance understanding or provide additional relevant context from the retrieval context that could support the answer."
What motorway crosses the River Test to the North?,M27 motorway.,The correct answer to the question 'What motorway crosses the River Test to the North?' is: the M27,0.6961630052388617,"The actual output identifies the M27 motorway, which is the correct answer to the question about the motorway crossing the River Test. However, it lacks the clarity and completeness of the expected output, which explicitly states the question and provides a full sentence answer. While the core truth is present, the response could be improved by including more context or phrasing that aligns with the expected output format."
Unionists in Northern Ireland want to remain part of which country?,The United Kingdom.,The correct answer to the question 'Unionists in Northern Ireland want to remain part of which country?' is: United Kingdom,0.8326336485446486,"The actual output correctly identifies the United Kingdom as the answer to the question about Unionists in Northern Ireland, aligning with the core truth of the expected output. However, it lacks the additional context provided in the expected output, which explicitly states the question and the format of the answer. While the core truth is present, the response could be improved by including more context or details from the retrieval context to enhance understanding."
What woman wrote a biography of Queen Victoria in 1964?,Elizabeth Longford.,The correct answer to the question 'What woman wrote a biography of Queen Victoria in 1964?' is: Elizabeth Longford,0.707371875449623,"The actual output correctly identifies Elizabeth Longford as the author of the biography of Queen Victoria, aligning with the core truth of the expected output. However, it lacks the additional context provided in the expected output, such as the specific year (1964) and the phrasing of the question, which could enhance clarity and understanding. While the core truth is present, the absence of these details slightly detracts from the overall completeness of the response."
"How many Grammy awards did ""Crazy in Love"" win?","""Crazy in Love"" won 2 Grammy Awards.","The correct answer to the question 'How many Grammy awards did ""Crazy in Love"" win?' is: two",0.7060972500637277,"The actual output correctly states that 'Crazy in Love' won 2 Grammy Awards, which aligns with the core truth of the expected output. However, it lacks the explicit phrasing of 'the correct answer to the question' and does not convert the numeral '2' into the word 'two' as requested in the expected output. While the additional context about Beyoncé's awards is relevant, it does not enhance the core truth of the specific question asked."
The climate of Greece in the Northwest is known as what?,Alpine climate.,The correct answer to the question 'The climate of Greece in the Northwest is known as what?' is: Alpine climate,0.792728389912638,"The actual output correctly identifies the climate of Northwestern Greece as 'Alpine climate,' which aligns with the expected output. However, it lacks the introductory context that the expected output provides, specifically the phrasing of the question. While the core truth is present, the response could be improved by including a more comprehensive explanation or context from the retrieval data, particularly regarding the characteristics of the Alpine climate in Greece."
Who uses a Valencian standard separate from Catalan?,"The Valencian Academy of Language regulates the Valencian standard, separate from Catalan.",The correct answer to the question 'Who uses a Valencian standard separate from Catalan?' is: Royal Academy of Valencian Culture,0.42949350930181407,"The actual output identifies the Valencian Academy of Language as the regulator of the Valencian standard, which is relevant but does not directly answer the expected question about who uses a Valencian standard separate from Catalan. While it provides some context about the institution, it lacks the specificity of naming the Royal Academy of Valencian Culture as required in the expected output. The response does not detract from the core truth but fails to fully align with the expected answer."
﻿How many female students were discussed in the al-Daw' al-Iami?,"1,075 female scholars.","The correct answer to the question 'How many female students were discussed in the al-Daw' al-Iami?' is: 1,075",0.7495189126748403,"The actual output correctly identifies the number of female scholars as 1,075, which aligns with the core truth of the expected output. However, it lacks the contextual framing provided in the expected output, which explicitly states the question being answered. While the core truth is present, the absence of the question diminishes clarity and completeness."
"How many has ""Dangerously in Love"" sould worldwide since its debut?",11 million copies.,"The correct answer to the question 'How many has ""Dangerously in Love"" sould worldwide since its debut?' is: 11 million",0.8494455417400959,"The actual output correctly states the number of copies sold, which aligns with the core truth of the expected output. However, it lacks the complete phrasing of the expected output, which includes the context of the question. While it provides the correct numerical answer, it does not explicitly reference the question, which slightly diminishes its clarity and completeness."
What seperates the children in secondary school?,"The transition to secondary school typically occurs around ages 11 to 12, separating children from primary education.",The correct answer to the question 'What seperates the children in secondary school?' is: ability and aptitude,0.2358959432587783,"The actual output provides information about the transition to secondary school, which is somewhat related to the expected output. However, it fails to address the core truth of the expected output, which specifically identifies 'ability and aptitude' as the factors that separate children in secondary school. The actual output does not include this critical detail and instead focuses on age, which does not align with the expected answer."
"What state's law mandated that executions occur in """"room or place enclosed from public view""?","New Mexico's former death penalty law mandated that executions occur in a ""room or place enclosed from public view.""","The correct answer to the question 'What state's law mandated that executions occur in """"room or place enclosed from public view""?' is: New Mexico's",0.8241174346291105,"The actual output correctly identifies New Mexico's former death penalty law and its requirement for executions to occur in a place enclosed from public view, which aligns well with the expected output. However, while the core truth is present, the response could be improved by explicitly stating that New Mexico is the answer to the question posed, as the expected output does. The retrieval context provides relevant background information that enhances understanding but is not directly referenced in the actual output."
When was the early Heian?,The early Heian period began in 794 AD.,The correct answer to the question 'When was the early Heian?' is: the late 8th and early 9th centuries,0.36064428519001807,"The actual output states that the early Heian period began in 794 AD, which is a factual statement but does not fully address the expected output that specifies the time frame as 'the late 8th and early 9th centuries.' While the actual output provides a specific date, it lacks the broader context of the period's duration and does not clearly articulate the core truth of the expected output. Additionally, the retrieval context offers relevant historical details about the Heian period, but these are not utilized in the actual output to enhance understanding."
What is Neptune's largest moon?,Triton.,The correct answer to the question 'What is Neptune's largest moon?' is: Triton,0.540997585990049,"The actual output provides the correct answer, 'Triton', which aligns with the core truth of the expected output. However, it lacks the additional context and clarity present in the expected output, which explicitly states the question being answered. While the answer is correct, the brevity of the actual output does not enhance understanding or provide any additional relevant details from the retrieval context."
What type of agent is zync useful as against prostate cancer?,Zinc may serve as a potential chemotherapeutic agent against prostate cancer.,The correct answer to the question 'What type of agent is zync useful as against prostate cancer?' is: chemotherapeutic,0.7130543084474076,"The actual output correctly identifies zinc as a potential chemotherapeutic agent against prostate cancer, aligning with the core truth of the expected output. However, it lacks the explicit phrasing of 'chemotherapeutic' as a direct answer to the question posed, which slightly detracts from its clarity. The additional context about zinc's effects on prostate cancer cells enhances the response but could be seen as overly detailed compared to the expected output."
Freeman became the leaders of what party in Charleston?,The Republican Party.,The correct answer to the question 'Freeman became the leaders of what party in Charleston?' is: postwar Republican Party,0.46408026554990345,"The actual output identifies the Republican Party, which aligns with the core truth of the expected output. However, it lacks the specificity of 'postwar Republican Party' and does not provide additional context or details from the retrieval context that could enhance understanding. While it answers the question, it does not fully meet the expectations for detail and accuracy."
Which Indianised kingdom was based in eastern java?,The Jawa Dwipa Hindu kingdom.,The correct answer to the question 'Which Indianised kingdom was based in eastern java?' is: The Majapahit Empire,0.14154729330521887,"The actual output mentions the 'Jawa Dwipa Hindu kingdom,' which is not the correct answer to the question about the Indianised kingdom based in eastern Java. The expected output clearly identifies the 'Majapahit Empire' as the correct answer. The actual output fails to address the core truth of the expected output and does not provide relevant details that enhance understanding of the correct answer."
In what year was the Main Building at Notre Dame razed in a fire?,The Main Building at Notre Dame was razed by fire in 1879.,The correct answer to the question 'In what year was the Main Building at Notre Dame razed in a fire?' is: 1879,0.6789947351558958,"The actual output correctly identifies the year the Main Building at Notre Dame was razed by fire, which aligns with the core truth of the expected output. However, it lacks the explicit phrasing that directly answers the question posed in the expected output, which diminishes its clarity. The retrieval context does not provide additional relevant details that enhance the understanding of the event, focusing instead on unrelated historical information about Notre Dame."
﻿What percentage of articles in 1996 employed a bio-race paradigm?,28 percent.,The correct answer to the question 'What percentage of articles in 1996 employed a bio-race paradigm?' is: 28 percent,0.7670030020029764,"The actual output provides the correct percentage of articles employing a bio-race paradigm in 1996, which aligns with the expected output. However, it lacks the contextual framing present in the expected output, which explicitly states the question being answered. While the core truth is accurately represented, the absence of this framing slightly detracts from the overall clarity and completeness of the response."
Where did the first federal council of Rus take place in 1097?,"Near Chernihiv, in Liubech.",The correct answer to the question 'Where did the first federal council of Rus take place in 1097?' is: city of Liubech,0.7116873855537675,"The actual output identifies the location 'Liubech' correctly, which aligns with the expected output. However, it lacks the explicit mention of 'city of Liubech' as stated in the expected output, which diminishes clarity. The retrieval context provides relevant historical background that enhances understanding but does not directly contribute to the core truth of the answer."
How was the store most often presented to the public? ,"Department stores were presented as pleasurable shopping destinations, featuring accessible layouts, elegant restaurants, advertising, and attractions like exhibits and themed window displays, such as at Selfridges and Marshall Field's.",The correct answer to the question 'How was the store most often presented to the public? ' is: paid advertising,0.29580198948657566,"The actual output provides a detailed description of department stores as pleasurable shopping destinations, which diverges from the expected output that specifically identifies 'paid advertising' as the core truth. While the actual output includes relevant context about marketing strategies, it fails to directly address the question of how the store was presented to the public, leading to a significant misalignment with the expected answer."
Who created Graphite? ,The provided text does not mention who created graphite.,The correct answer to the question 'Who created Graphite? ' is: SIL International,0.018131504261614854,"The actual output fails to address the core truth of the expected output, which is to identify SIL International as the creator of graphite. Instead, it merely states that the provided text does not mention the creator, which does not fulfill the requirement to provide the correct answer. There is no alignment with the expected output, and the actual output does not include any relevant details that enhance understanding of the topic."
"Over how many hours had Jehovah's Witnesses spent preaching and in ""Bible study"" activity in 2015?",Over 1.93 billion hours.,"The correct answer to the question 'Over how many hours had Jehovah's Witnesses spent preaching and in ""Bible study"" activity in 2015?' is: 1.93 billion",0.6335228156357473,"The actual output provides the core truth of the expected output by stating 'Over 1.93 billion hours', which aligns with the expected answer of '1.93 billion'. However, it lacks the clarity and completeness of the expected output, which explicitly states the context of the question. While the actual output is factually correct, it does not fully articulate the answer in a way that directly addresses the question posed, missing an opportunity to enhance understanding."
The addition of Rr and Rloss equals what?,The addition of Rr and Rloss equals the total resistance (Rtotal) in a circuit.,The correct answer to the question 'The addition of Rr and Rloss equals what?' is: resistance,0.41802212826492824,"The actual output correctly identifies the relationship between Rr, Rloss, and Rtotal, which aligns with the core truth of the expected output. However, it fails to directly answer the question posed in the expected output, which specifically asks for the term 'resistance.' While the actual output provides relevant information, it does not succinctly convey the expected answer, leading to a lower score."
What are academics in China encouraged to use that their American counterparts are not?,"Academics in China are encouraged to use Chinese characters, while American counterparts typically use the Latin alphabet.",The correct answer to the question 'What are academics in China encouraged to use that their American counterparts are not?' is: racial categories,0.1664660601611979,"The actual output discusses the use of Chinese characters in China versus the Latin alphabet in America, which is somewhat related to the expected output about racial categories. However, it fails to address the core truth of the expected output directly, which is about the specific encouragement of racial categories in academic contexts. The additional context provided does not enhance the understanding of the expected output and instead diverges from the main point."
Who played Severine in the previous Bond film?,Bérénice Lim Marlohe.,The correct answer to the question 'Who played Severine in the previous Bond film?' is: Bérénice Lim Marlohe,0.5178567311490265,"The actual output correctly identifies Bérénice Lim Marlohe as the actress who played Sévérine, which aligns with the expected output. However, it lacks the context and clarity provided in the expected output, such as the phrasing of the question and the explicit statement that this is the correct answer. The retrieval context offers additional relevant details about the film and characters but does not enhance the actual output, which remains too brief and incomplete."
Why do mountains between 19N and 19S tend to have snow?,"Mountains between 19°N and 19°S receive higher precipitation, allowing for the presence of permanent snow above 5,000 m (16,400 ft).",The correct answer to the question 'Why do mountains between 19N and 19S tend to have snow?' is: precipitation is higher,0.7055301592381518,"The actual output correctly identifies that higher precipitation in mountains between 19°N and 19°S allows for permanent snow, which aligns with the core truth of the expected output. However, it provides additional details about altitude and snow presence that, while relevant, may detract from the simplicity of the expected answer. The response could be more concise to better match the expected output's focus on the precipitation factor alone."
The Chinese government established what city in this disputed area?,Lhasa.,The correct answer to the question 'The Chinese government established what city in this disputed area?' is: Sansha,0.046390071278141785,"The actual output 'Lhasa' does not contain the core truth of the expected output, which is 'Sansha' as the city established by the Chinese government in the disputed area. The response fails to address the question correctly and does not include any relevant details from the retrieval context that would support or elaborate on the expected answer."
﻿What was the term given to the personal idealism of Howison?,California Personalism.,The correct answer to the question 'What was the term given to the personal idealism of Howison?' is: California Personalism,0.8126062747891168,"The actual output correctly identifies 'California Personalism' as the term associated with Howison's personal idealism, which aligns with the expected output. However, it lacks the explicit framing of the answer as a response to the specific question posed, which diminishes clarity. While the retrieval context provides relevant background on Howison's philosophy, the actual output could have benefited from a brief mention of this context to enhance understanding without detracting from the core truth."
Beyoncé was the first female singer to headline what at the 2011 Glastonbury Festival?,Beyoncé was the first solo female artist to headline the main Pyramid stage at the 2011 Glastonbury Festival.,The correct answer to the question 'Beyoncé was the first female singer to headline what at the 2011 Glastonbury Festival?' is: Pyramid stage,0.6614440584064801,"The actual output correctly identifies that Beyoncé was the first solo female artist to headline the main Pyramid stage at the 2011 Glastonbury Festival, which aligns with the core truth of the expected output. However, it does not explicitly state the answer to the question posed in the expected output, which is simply 'Pyramid stage'. While the additional context about her performance adds depth, it detracts from the directness required by the expected output."
Of what state was Toney Anaya governor?,New Mexico,The correct answer to the question 'Of what state was Toney Anaya governor?' is: New Mexico,0.7730137638418633,"The actual output correctly identifies 'New Mexico' as the answer to the question about Toney Anaya's governorship, aligning with the expected output. However, it lacks the additional context provided in the retrieval context that could enhance understanding, such as Anaya's actions regarding the death penalty, which would provide more depth to the response."
When did Mahmud Ghanznavi conquer Kangara?,At the beginning of the 10th century.,The correct answer to the question 'When did Mahmud Ghanznavi conquer Kangara?' is: 10th century,0.8026651729821591,"The actual output correctly identifies the time frame of Mahmud Ghaznavi's conquest of Kangra as the 10th century, which aligns with the expected output. However, it specifies 'At the beginning of the 10th century,' which adds a slight detail but does not deviate from the core truth. The response could be improved by explicitly stating the connection to the question asked, but overall, it is accurate and relevant."
What is movement by ripples called?,Ripple current.,The correct answer to the question 'What is movement by ripples called?' is: peristalsis,0.08740926289052753,"The actual output 'Ripple current' does not address the expected output, which is 'peristalsis' as the answer to the question about movement by ripples. The core truth of the expected output is entirely absent, and while 'ripple current' is mentioned in the retrieval context, it is irrelevant to the question posed. The actual output fails to provide any relevant details that enhance understanding of the expected answer."
What does each band base their costume presentation on?,Each band bases their costume presentation on a specific theme.,The correct answer to the question 'What does each band base their costume presentation on?' is: theme,0.7664620255653665,"The actual output correctly identifies that each band bases their costume presentation on a specific theme, which aligns with the core truth of the expected output. However, it lacks the explicit mention of the word 'theme' as the direct answer to the question, which slightly detracts from its clarity. The additional context about the costume presentation enhances understanding without misleading, but the response could be improved by directly stating 'theme' as the answer."
Which singer did Chopin become fascinated with?,Chopin became fascinated with George Sand.,The correct answer to the question 'Which singer did Chopin become fascinated with?' is: Konstancja Gładkowska,0.1294464258692615,"The actual output incorrectly identifies George Sand as the person Chopin became fascinated with, while the expected output specifies Konstancja Gładkowska. This shows a fundamental misunderstanding of the question, failing to address the core truth. Although the actual output provides a detail about Chopin's relationships, it does not enhance understanding of the correct answer and diverges from the expected response."
To what republic was the Karachay Autonomous Oblast transferred in 1957?,The Karachay Autonomous Oblast was transferred to the Russian SFSR in 1957.,The correct answer to the question 'To what republic was the Karachay Autonomous Oblast transferred in 1957?' is: the Russian SFSR,0.8093177234939402,"The actual output correctly identifies that the Karachay Autonomous Oblast was transferred to the Russian SFSR in 1957, which aligns with the core truth of the expected output. However, it lacks the explicit phrasing that directly answers the question posed in the expected output, which could enhance clarity. The retrieval context provides relevant historical details that support the information but are not utilized in the actual output, limiting its depth."
What cultures' visual representations are included in visual anthropology?,"Visual anthropology includes visual representations from all cultures, such as sandpaintings, tattoos, sculptures, cave paintings, scrimshaw, jewelry, hieroglyphics, paintings, and photographs.",The correct answer to the question 'What cultures' visual representations are included in visual anthropology?' is: all,0.652460101198171,"The actual output accurately identifies that visual anthropology includes visual representations from all cultures, which aligns with the core truth of the expected output that encompasses 'all' cultures. However, while it provides a detailed list of examples, it does not explicitly state that these examples represent all cultures, which slightly detracts from the clarity of the core truth. The retrieval context adds relevant information about visual anthropology but does not directly enhance the understanding of the expected output."
What was Neptune before Pluto was discovered? ,Neptune was the farthest known planet in the Solar System.,The correct answer to the question 'What was Neptune before Pluto was discovered? ' is: farthest known planet,0.6758586129284941,"The actual output correctly identifies Neptune as the farthest known planet, which aligns with the core truth of the expected output. However, it lacks the explicit connection to the question about Neptune's status before Pluto was discovered, which is crucial for full alignment. The retrieval context provides relevant historical details that could enhance the response, but they are not utilized in the actual output, limiting its effectiveness."
﻿What historic landmark is located on the Pier?,"The Five Mile Point Lighthouse is located at Lighthouse Point Park, near the pier.",The correct answer to the question 'What historic landmark is located on the Pier?' is: Looff Hippodrome,0.09262886070130841,"The actual output provides information about the Five Mile Point Lighthouse, which is unrelated to the expected output regarding the Looff Hippodrome. The core truth of the expected output is not present in the actual output, and there is no alignment with the question asked."
When was Conservative Presbyterian Church formed?,The Conservative Presbyterian Church was formed in 1939.,The correct answer to the question 'When was Conservative Presbyterian Church formed?' is: 1940,0.15447824436993135,"The actual output states that the Conservative Presbyterian Church was formed in 1939, which is incorrect compared to the expected output that states it was formed in 1940. The core truth of the expected output is not present in the actual output, leading to a significant misalignment. Additionally, the actual output does not provide any relevant context or details that could enhance understanding, further detracting from its effectiveness."
"When designing a capacitor, what is an important rating to consider?","An important rating to consider when designing a capacitor is the reversal voltage rating, as it affects dielectric material choice, voltage ratings, and internal connections to ensure reliability and longevity.","The correct answer to the question 'When designing a capacitor, what is an important rating to consider?' is: Reversal ratings",0.7065592098861485,"The actual output correctly identifies the importance of reversal voltage ratings in capacitor design, aligning with the core truth of the expected output. However, it provides a more detailed explanation that, while relevant, diverges from the succinctness of the expected answer. The additional context about dielectric material choice and reliability enhances understanding but may detract from the directness of the response."
Which quote by Feynman is often used by string theory opponents?,"""I don't like that they're not calculating anything.""","The correct answer to the question 'Which quote by Feynman is often used by string theory opponents?' is: 'Well, it still might be true.'""",0.1618186947363044,"The actual output does not address the core question about Feynman's quote used by string theory opponents. Instead, it provides a personal opinion unrelated to the expected output. While it references Feynman's criticism of string theory, it fails to present the specific quote that was requested, which is essential for alignment with the evaluation steps."
Where did the San Diego River once flow to?,The San Diego River once flowed into San Diego Bay.,The correct answer to the question 'Where did the San Diego River once flow to?' is: San Diego Bay,0.8195540038168332,"The actual output correctly identifies that the San Diego River once flowed into San Diego Bay, which aligns with the core truth of the expected output. However, it lacks the explicit phrasing of the question and the structured format of the expected answer, which diminishes clarity. The additional context about the river's historical significance enhances understanding but is not fully utilized to reinforce the answer format."
What type of ground could be found in the central Italian peninsula?,"The central Italian peninsula features mountainous terrain, specifically the Apennine mountain range, along with hills and flat plains.",The correct answer to the question 'What type of ground could be found in the central Italian peninsula?' is: hilly terrain,0.5206670480843572,"The actual output identifies the mountainous terrain of the central Italian peninsula, which aligns with the expected output's mention of hilly terrain. However, it provides additional details about the Apennine mountain range and other geographical features, which, while informative, detract from the simplicity of the expected answer. The core truth is present, but the response could be more concise to match the expected output's focus."
What is needed to reject a cabinet's policy?,An absolute majority of deputies in the Assembly is needed to reject a cabinet's policy.,The correct answer to the question 'What is needed to reject a cabinet's policy?' is: an absolute majority of deputies,0.7980366706049284,"The actual output correctly identifies that an absolute majority of deputies is needed to reject a cabinet's policy, which aligns with the core truth of the expected output. However, it could be more concise by omitting the phrase 'in the Assembly' as it is implied in the context. Overall, the response is clear and directly answers the question, but slight redundancy affects its precision."
What is the acronym used to describe resistant TB?,MDR-TB (Multidrug-resistant Tuberculosis),The correct answer to the question 'What is the acronym used to describe resistant TB?' is: MDR-TB,0.8057687928601265,"The actual output correctly identifies the acronym MDR-TB, which aligns with the expected output. However, it lacks the explicit phrasing of the question and the complete context provided in the expected output, which could enhance clarity. While the retrieval context offers relevant information about MDR-TB, the actual output does not incorporate any of this additional context, which could have further enriched the response without detracting from the core truth."
What is Oklahoma's rank among states producing crude oil?,Oklahoma ranks fifth in crude oil production.,The correct answer to the question 'What is Oklahoma's rank among states producing crude oil?' is: fifth,0.892777937679063,"The actual output correctly identifies Oklahoma's rank in crude oil production as fifth, which aligns with the expected output. It succinctly answers the core question without any inaccuracies. While it could have explicitly stated that this is the answer to the question posed, the additional context provided in the retrieval enhances understanding of Oklahoma's significance in the energy sector without detracting from the core truth."
What was one philosophy book that Avicenna was taught from?,"Porphyry's ""Isagoge.""",The correct answer to the question 'What was one philosophy book that Avicenna was taught from?' is: Euclid's Elements,0.18750454015576365,"The actual output mentions 'Porphyry's Isagoge,' which is relevant but does not answer the core question about which philosophy book Avicenna was taught from. The expected output specifies 'Euclid's Elements' as the correct answer, which is not reflected in the actual output. While the retrieval context provides additional relevant details about Avicenna's education, the actual output fails to align with the expected answer, resulting in a low score."
﻿In what borough did the Occupy Wall Street protests take place?,Manhattan,The correct answer to the question 'In what borough did the Occupy Wall Street protests take place?' is: Manhattan,0.8819757792257181,"The actual output correctly identifies 'Manhattan' as the location of the Occupy Wall Street protests, aligning with the expected output. While the expected output provides a more detailed response format, the core truth is accurately represented in the actual output. However, it lacks the explicit phrasing found in the expected output, which could enhance clarity."
What is a well capitalized ratio?,"A well-capitalized ratio refers to a financial metric indicating that a bank or financial institution has a strong capital base relative to its risk-weighted assets, ensuring stability and resilience against financial downturns. It typically involves a Capital Adequacy Ratio (CAR) of at least 8% according to Basel III standards.",The correct answer to the question 'What is a well capitalized ratio?' is: minimum 10% risk-based,0.3812451222233191,"The actual output provides a detailed explanation of a well-capitalized ratio, including its significance and a reference to the Capital Adequacy Ratio (CAR) and Basel III standards. However, it fails to directly address the expected output, which specifies a minimum of 10% risk-based capital, leading to a lack of alignment with the core truth of the expected answer."
Who describes Delphi and Dodona as frenzied women?,Plato describes Delphi and Dodona as frenzied women.,The correct answer to the question 'Who describes Delphi and Dodona as frenzied women?' is: Plato,0.7989665727176748,"The actual output correctly identifies Plato as the one who describes Delphi and Dodona as frenzied women, which aligns with the core truth of the expected output. However, it lacks the explicit phrasing of the question and the answer format requested in the expected output. While it provides relevant context about Plato's description, it could be more comprehensive by including the direct answer format specified."
"After her fall down the stairs, what health issue was Victoria plaged with thereafter?","After her fall down the stairs, Victoria was plagued with rheumatism in her legs.","The correct answer to the question 'After her fall down the stairs, what health issue was Victoria plaged with thereafter?' is: rheumatism thereafter",0.6942346658977556,"The actual output correctly identifies rheumatism as the health issue Victoria faced after her fall, aligning with the expected output. However, it lacks the explicit phrasing 'rheumatism thereafter' and does not fully encapsulate the question's structure, which slightly detracts from its clarity. The additional context about her condition enhances understanding but could be seen as extraneous to the core truth."
Who blinked in the confrontation between Nasser and Amer?,"Nasser blinked in the confrontation with Amer, ultimately arresting him and leading to Amer's suicide.",The correct answer to the question 'Who blinked in the confrontation between Nasser and Amer?' is: Nasser,0.4979863317294925,"The actual output identifies Nasser as the one who blinked in the confrontation with Amer, which aligns with the expected output. However, it includes additional details about the arrest and Amer's suicide that, while relevant to the context, detract from the simplicity and clarity of the core truth being assessed. The response could be improved by focusing solely on the answer to the question without extraneous information."
A possible rebuttal to Gray's argument appears in Popper's reply to which philosopher?,Imre Lakatos.,The correct answer to the question 'A possible rebuttal to Gray's argument appears in Popper's reply to which philosopher?' is: Imre Lakatos,0.7628819573484369,"The actual output correctly identifies Imre Lakatos as the answer to the question, aligning with the core truth of the expected output. However, it lacks the additional context provided in the expected output, which explicitly states the question and the format of the answer. While the response is accurate, it could be improved by including the question for clarity and completeness."
How can bacteria obtain raw materials from the environment?,"Bacteria obtain raw materials by diffusion or through molecular channels in cell membranes, primarily in the form of small molecules.",The correct answer to the question 'How can bacteria obtain raw materials from the environment?' is: in the form of relatively small molecules,0.7560368382136256,"The actual output accurately conveys the core truth that bacteria obtain raw materials primarily in the form of small molecules, which aligns well with the expected output. It also includes relevant details about the mechanisms of diffusion and molecular channels, enhancing understanding. However, the response could be more concise by omitting some of the additional context that, while informative, may detract from the direct answer to the question."
Who bought the Expo line from Southern Pacific?,Los Angeles Metropolitan Transportation Authority.,The correct answer to the question 'Who bought the Expo line from Southern Pacific?' is: Southern Pacific by Los Angeles Metropolitan Transportation Authority,0.5284990042403599,"The actual output identifies the Los Angeles Metropolitan Transportation Authority, which is part of the expected answer. However, it fails to include the full context of the question regarding the purchase of the Expo line from Southern Pacific, which is crucial for clarity. While it provides a relevant detail, it does not fully articulate the core truth of the expected output, leading to a partial alignment."
Which countries' scholars developed the contemporary police concept?,The contemporary police concept was developed mainly by scholars from the UK (related to the 1829 Metropolitan Police Act) and France (reflecting the Continental model).,The correct answer to the question 'Which countries' scholars developed the contemporary police concept?' is: German and French,0.28867641337443234,"The actual output mentions the UK and France as contributors to the contemporary police concept, which partially aligns with the expected output that identifies German and French scholars. However, it fails to mention Germany, which is a critical part of the expected answer. While the output provides some context about the development of policing concepts, it does not enhance understanding of the core truth regarding the countries involved."
What is Atkin's Hall?,Atkin's Hall is a residential housing complex converted from Our Lady's Psychiatric Hospital.,The correct answer to the question 'What is Atkin's Hall?' is: a residential housing complex,0.8088750034833092,"The actual output correctly identifies Atkin's Hall as a residential housing complex, which aligns with the core truth of the expected output. It also provides additional context by mentioning its conversion from Our Lady's Psychiatric Hospital, enhancing the response's detail. However, the response could be slightly more concise, as the extra detail, while relevant, may detract from the straightforward answer expected."
﻿Where were most of the authors in the JSAC edition?,Most authors in the JSAC edition were Greek scientists.,The correct answer to the question 'Where were most of the authors in the JSAC edition?' is: MPEG-1 Audio committee,0.014253984799978742,"The actual output incorrectly states that most authors in the JSAC edition were Greek scientists, which does not align with the expected output that identifies the MPEG-1 Audio committee as the correct answer. The core truth of the expected output is not present in the actual output, and there is no relevant context provided that could enhance the understanding of the expected answer."
When was the Premier League originally formed?,The Premier League was formed on 27 May 1992.,The correct answer to the question 'When was the Premier League originally formed?' is: 20 February 1992,0.2,"The actual output states that the Premier League was formed on 27 May 1992, which is incorrect as the expected output specifies the original formation date as 20 February 1992. While the actual output provides a date related to the Premier League's establishment, it fails to align with the core truth of the expected output. Additionally, the retrieval context offers relevant historical details but does not support the actual output's accuracy regarding the formation date."
"How many judges and prosecutors does Portugal have per 100,000 inhabitants?","Over 30 judges and prosecutors per 100,000 inhabitants.","The correct answer to the question 'How many judges and prosecutors does Portugal have per 100,000 inhabitants?' is: over 30",0.7766315567961095,"The actual output correctly identifies the core truth regarding the number of judges and prosecutors in Portugal, stating 'over 30 judges and prosecutors per 100,000 inhabitants,' which aligns with the expected output. However, it lacks the explicit framing of the question and the phrase 'The correct answer to the question...' that would enhance clarity and context. While it does not include misleading information, it could benefit from a more structured presentation to fully meet the evaluation criteria."
What Marvel movie featured Star-Lord and Gamora?,Guardians of the Galaxy.,The correct answer to the question 'What Marvel movie featured Star-Lord and Gamora?' is: Guardians of the Galaxy,0.8397966047256356,"The actual output correctly identifies 'Guardians of the Galaxy' as the answer to the question about the Marvel movie featuring Star-Lord and Gamora, which aligns with the core truth of the expected output. However, it lacks the additional context provided in the expected output, which explicitly states that this is the correct answer to the question. While the actual output is concise, it could benefit from a brief acknowledgment of the question to enhance clarity and completeness."
"If Neptune was formed from instabilities within the original protoplanetary disc, what was it not formed by?",Neptune was not formed by core accretion.,"The correct answer to the question 'If Neptune was formed from instabilities within the original protoplanetary disc, what was it not formed by?' is: core accretion",0.7167117941835622,"The actual output correctly identifies that Neptune was not formed by core accretion, which aligns with the core truth of the expected output. However, it lacks the explicit connection to the question posed in the expected output, which specifies the context of instabilities within the protoplanetary disc. While the actual output is accurate, it could be more comprehensive by directly referencing the question and providing additional context from the retrieval information."
When did Jews originate as a national and religious group in the Middle East?,Second millennium BCE.,"The correct answer to the question 'When did Jews originate as a national and religious group in the Middle East?' is: during the second millennium BCE, in the part of the Levant known as the Land of Israel",0.4973268085470227,"The actual output identifies the time period of the Jews' origin as the second millennium BCE, which aligns with the expected output. However, it lacks the additional context provided in the expected output regarding the geographical location (the Land of Israel) and does not articulate the answer in a complete sentence format. While it captures the core truth, it does not fully represent the expected detail and clarity."
Who was recorded as using gunpowder in 1304?,The English used gunpowder against the Scots in 1304.,The correct answer to the question 'Who was recorded as using gunpowder in 1304?' is: the English,0.6506015517751229,"The actual output correctly identifies the English as the users of gunpowder in 1304, aligning with the core truth of the expected output. However, it lacks the explicit phrasing of the expected output, which clearly states the question and answer format. While the additional context about the use of gunpowder is relevant, it does not enhance the clarity of the answer as effectively as the expected output does."
Soft and bendable steel is caused by what?,"Soft and bendable steel is caused by slow cooling, allowing carbon to precipitate out of solution as cementite and ferrite.",The correct answer to the question 'Soft and bendable steel is caused by what?' is: If the steel is cooled slowly,0.7055338078388025,"The actual output correctly identifies that soft and bendable steel is caused by slow cooling, which aligns with the core truth of the expected output. However, it provides a more detailed explanation about the process of carbon precipitation and the phases of steel, which, while informative, diverges from the simplicity of the expected output. The additional context enhances understanding but may detract from the directness of the answer."
Who are Kautilya and Vishnugupta usually grouped with?,"Kautilya and Vishnugupta are usually grouped with Chandragupta Maurya, as they were instrumental in establishing the Maurya Empire.",The correct answer to the question 'Who are Kautilya and Vishnugupta usually grouped with?' is: Chāṇakya,0.3830174603044686,"The actual output identifies Kautilya and Vishnugupta's association with Chandragupta Maurya, which is relevant but does not directly answer the question posed in the expected output. The expected output specifically names Chāṇakya as the answer, which is not mentioned in the actual output. While the context provides historical background that could enhance understanding, it does not compensate for the lack of a direct answer to the question."
What started about 4000 years after copper smelting was discovered?,Alloying copper with tin to make bronze.,The correct answer to the question 'What started about 4000 years after copper smelting was discovered?' is: Alloying copper with tin to make bronze,0.8405064153821385,"The actual output correctly identifies the process of alloying copper with tin to make bronze, which aligns with the expected output's core truth. However, it lacks the explicit context of the question regarding the timeline of 4000 years after copper smelting was discovered, which could enhance clarity. While the response is accurate, it could benefit from a more direct connection to the question posed."
﻿An insect's body is divided into what kind of units?,"An insect's body is divided into three units: head, thorax, and abdomen.",The correct answer to the question 'An insect's body is divided into what kind of units?' is: interconnected,0.2379133846684965,"The actual output correctly identifies the three units of an insect's body but fails to address the core truth of the expected output, which is that the body units are 'interconnected.' The response does not include this critical detail, and while it provides accurate information about the body structure, it does not enhance understanding of the expected answer."
What was one thing the Ottoman legal system lacked?,The Ottoman court system lacked an appellate structure.,The correct answer to the question 'What was one thing the Ottoman legal system lacked?' is: an appellate structure,0.803942804531258,"The actual output correctly identifies that the Ottoman court system lacked an appellate structure, which aligns with the expected output. However, it does not explicitly state that this is the answer to the question posed, which slightly detracts from clarity. The additional context about the lack of an appellate structure enhances understanding but could be more directly linked to the question for a perfect score."
Dogs have some social skills that parallel what?,Dogs have social skills that parallel those of human children.,The correct answer to the question 'Dogs have some social skills that parallel what?' is: human children,0.6608802140934232,"The actual output correctly identifies that dogs have social skills that parallel those of human children, which aligns with the core truth of the expected output. However, it does not explicitly answer the question posed in the expected output, which is to identify what those skills parallel. While the additional context enhances understanding of dog behavior, it could have been more directly tied to the question for a higher score."
Where in Thuringia are there fewer industrial companies?,Fewer industrial companies are found in the northern and eastern parts of Thuringia.,The correct answer to the question 'Where in Thuringia are there fewer industrial companies?' is: the northern and eastern parts of the Land.,0.8155879301323908,"The actual output correctly identifies the northern and eastern parts of Thuringia as areas with fewer industrial companies, aligning well with the expected output. However, it lacks the explicit phrasing of the question and the phrase 'the Land,' which would enhance clarity and completeness. Overall, the core truth is present, and the response is relevant to the context provided."
Do teens smoke marijuana or cigarettes more commonly?,Teens smoke marijuana more commonly than cigarettes. Recent studies show 15.2% of students smoke marijuana compared to 11.7% who smoke cigarettes.,The correct answer to the question 'Do teens smoke marijuana or cigarettes more commonly?' is: marijuana,0.8169861448270357,"The actual output correctly identifies that teens smoke marijuana more commonly than cigarettes, which aligns with the expected output's core truth. It provides specific statistics (15.2% for marijuana vs. 11.7% for cigarettes) that support this claim. However, while the additional context enhances understanding, it could be more concise to focus directly on the question asked, which would strengthen the alignment with the evaluation steps."
Who starred in The Phantom of the Opera?,Claude Rains and Nelson Eddy starred in The Phantom of the Opera.,The correct answer to the question 'Who starred in The Phantom of the Opera?' is: Lon Chaney,0.1669087226571661,"The actual output incorrectly identifies Claude Rains and Nelson Eddy as the stars of The Phantom of the Opera, while the expected output correctly states Lon Chaney. The core truth of the expected output is not present in the actual output, leading to a significant misalignment. Although the actual output mentions actors associated with a version of the film, it fails to provide the correct answer, which is critical for the evaluation."
"What is the Premier League's ""Basic Award Fund"" for?","The Premier League's ""Basic Award Fund"" guarantees a sum to clubs for competing in the league, securing financial support and stability.","The correct answer to the question 'What is the Premier League's ""Basic Award Fund"" for?' is: competing in the Premier League",0.5260251156249194,"The actual output correctly identifies that the Premier League's 'Basic Award Fund' provides financial support to clubs competing in the league, which aligns with the core truth of the expected output. However, it does not explicitly state that the fund is specifically for 'competing in the Premier League,' which is the precise answer sought in the expected output. While the retrieval context provides relevant background information about the fund's purpose, the actual output lacks clarity in directly answering the question posed."
What caused the HMS Jasper to get stuck in shallow water?,A fisherman moved buoys into shallow water.,The correct answer to the question 'What caused the HMS Jasper to get stuck in shallow water?' is: a fisherman who moved buoys,0.7830674944893218,"The actual output correctly identifies the core truth by stating that a fisherman moved buoys into shallow water, which aligns with the expected output. However, it lacks the explicit mention of the HMS Jasper and the context of it getting stuck, which would enhance clarity and completeness. Overall, it captures the essential information but could benefit from additional context to fully meet the expectations."
Who noted that cranes traveled from Scythia to the Nile?,Aristotle noted that cranes traveled from Scythia to the Nile.,The correct answer to the question 'Who noted that cranes traveled from Scythia to the Nile?' is: Aristotle,0.6384562112199464,"The actual output identifies Aristotle as the source of the observation about cranes traveling from Scythia to the Nile, which aligns with the expected output. However, it lacks the explicit phrasing of the question and answer format present in the expected output, which diminishes clarity. While the retrieval context provides additional relevant information about Aristotle's observations, it does not enhance the core truth of the answer directly."
What was the title of Buckcherry's 2007 hit single?,"""Sorry""","The correct answer to the question 'What was the title of Buckcherry's 2007 hit single?' is: ""Sorry""",0.7673520644057245,"The actual output correctly identifies the title of Buckcherry's 2007 hit single as 'Sorry', which aligns with the core truth of the expected output. However, it lacks the additional context provided in the expected output that frames the answer within the context of the question, which could enhance understanding. While the response is accurate, it could be improved by explicitly stating that 'Sorry' is the answer to the specific question posed."
﻿The Big Bang model is solidly established in what?,The Big Bang model is solidly established in cosmology.,The correct answer to the question 'The Big Bang model is solidly established in what?' is: cosmology,0.5414097492748053,"The actual output states that the Big Bang model is solidly established in cosmology, which aligns with the expected output's core truth. However, it fails to explicitly answer the question posed in the expected output, which is to identify 'what' the Big Bang model is established in. While the retrieval context provides relevant background information, it does not enhance the actual output's clarity or completeness in addressing the specific question."
What type of community is it?,"The Village is a residential community for upperclassmen and January Scholars at Danforth Campus, allowing students with similar interests to live in clustered suites.",The correct answer to the question 'What type of community is it?' is: fastest growing,0.22003331600643256,"The actual output describes the Village as a residential community for upperclassmen and January Scholars, which provides some context about its nature. However, it fails to address the core truth of the expected output, which states that the community is the 'fastest growing.' The actual output does not mention growth or any related metrics, leading to a significant misalignment with the expected answer."
How big would an antenna be used to with with one m wavelengths?,A half-wave dipole for 1 m wavelength would be approximately 50 cm long.,The correct answer to the question 'How big would an antenna be used to with with one m wavelengths?' is: 50 cm,0.8091387941997457,"The actual output correctly identifies the length of a half-wave dipole for a 1 m wavelength as approximately 50 cm, which aligns with the core truth of the expected output. However, it lacks the explicit framing of the answer as a response to the question posed, which is present in the expected output. While the additional context about antennas enhances understanding, it could potentially distract from the core message if not carefully integrated."
What is The Hub's nickname?,"The Hub is nicknamed ""the Broadway of the Bronx.""","The correct answer to the question 'What is The Hub's nickname?' is: ""the Broadway of the Bronx""",0.8485792422284042,"The actual output correctly identifies The Hub's nickname as 'the Broadway of the Bronx,' which aligns with the expected output. However, it lacks the explicit framing of the answer as a response to the question posed, which is a minor shortcoming. The retrieval context provides additional relevant details about The Hub, enhancing the understanding of its significance, but the actual output could have been more comprehensive by incorporating this context."
"Are British and American English regarded as distinct languages, or dialects of a single language?",Dialects of a single language.,"The correct answer to the question 'Are British and American English regarded as distinct languages, or dialects of a single language?' is: dialects of a single language",0.8920397598030002,"The actual output correctly identifies British and American English as 'dialects of a single language,' which aligns with the expected output. However, it lacks additional context from the retrieval context that could enhance understanding, such as the political and historical factors influencing the classification of dialects and languages. Including such details would provide a more comprehensive view without detracting from the core truth."
What was the first title published in that joint line of comics?,"The first title published in that joint line of comics was **""Marvel Comics #1""** in 1939.","The correct answer to the question 'What was the first title published in that joint line of comics?' is: ""Seekers of the Weird""",0.1,"The actual output provides a title, 'Marvel Comics #1', which is incorrect in response to the question about the first title published in the joint line of comics. It fails to mention 'Seekers of the Weird', which is the expected answer, thus not aligning with the core truth. While it does provide historical context about Marvel Comics, it does not enhance understanding of the specific question asked."
In what year did the concept of red and blue states become relatively fixed?,2000,The correct answer to the question 'In what year did the concept of red and blue states become relatively fixed?' is: 2000,0.8452981477885446,"The actual output correctly identifies the year 2000 as the answer to the question about when the concept of red and blue states became fixed, aligning well with the expected output. However, it lacks the explicit phrasing found in the expected output, which includes the context of the question. The retrieval context provides relevant background information that enhances understanding but is not directly reflected in the actual output, which could have improved clarity and depth."
When was the Kingdom of Pontus founded?,Founded in 291 BC.,The correct answer to the question 'When was the Kingdom of Pontus founded?' is: 291 BC,0.7760604559045045,"The actual output correctly identifies the founding year of the Kingdom of Pontus as 291 BC, which aligns with the expected output. However, it lacks the explicit framing of the answer as a response to the question posed, which is a minor shortcoming. The retrieval context provides additional historical details about the kingdom, enhancing the understanding of its significance, but these details are not integrated into the actual output."
After the team moved to what city were the cannon left off the crest?,After the team moved to Highbury in 1913.,The correct answer to the question 'After the team moved to what city were the cannon left off the crest?' is: Highbury,0.457870566636405,"The actual output identifies the location 'Highbury' but lacks clarity in directly answering the question posed in the expected output. While it mentions the move to Highbury in 1913, it does not explicitly state that this is the answer to the question about where the cannon were left off the crest, which is essential for alignment with the expected output. The retrieval context provides relevant historical details about the crest, but these are not utilized in the actual output to enhance the answer."
Which person in the Joint Forces Command supports the Chief of the Defence Staff?,The Vice Chief of the Defence Staff supports the Chief of the Defence Staff.,The correct answer to the question 'Which person in the Joint Forces Command supports the Chief of the Defence Staff?' is: the Commander,0.3692854773483988,"The actual output identifies the Vice Chief of the Defence Staff as a supporter of the Chief of the Defence Staff, which is relevant but does not directly answer the expected question about who supports the Chief in the Joint Forces Command. While it provides some accurate information, it lacks the specificity of naming the Commander, which is the core truth of the expected output. Additionally, it does not include any additional relevant details from the retrieval context that could enhance understanding."
﻿What maritime advantage did the Kalingans have?,"The Kalingans had a formidable maritime reach with trade routes linking them to regions like Sri Lanka, Southeast Asia, and beyond, allowing for significant economic and military power.",The correct answer to the question 'What maritime advantage did the Kalingans have?' is: trade routes,0.7023677185296615,"The actual output identifies the Kalingans' maritime reach and trade routes, which aligns with the core truth of the expected output. However, while it provides relevant context about their economic and military power, it does not explicitly state 'trade routes' as the answer to the question, which is a key detail missing from the response. The additional information enhances understanding but could be more focused on directly answering the question."
The Emerald necklace is a string of what?,The Emerald necklace is a string of emeralds.,The correct answer to the question 'The Emerald necklace is a string of what?' is: parks,0.05950684074995564,"The actual output does not align with the expected output, as it fails to provide the correct answer to the question posed. Instead of stating that the Emerald necklace is a string of emeralds, the expected output indicates that the answer should be 'parks.' This fundamental discrepancy means the core truth is absent, and the additional context provided does not enhance understanding of the expected answer."
How are the words bitumen and asphalt frequently used?,"Bitumen and asphalt are often used interchangeably to refer to natural and manufactured forms of the substance. In the U.S., asphalt typically refers to the refined petroleum product, while bitumen is commonly used outside the U.S. Geologists prefer ""bitumen,"" while ""tar"" and ""pitch"" are also used for similar materials.",The correct answer to the question 'How are the words bitumen and asphalt frequently used?' is: interchangeably,0.6149504355054847,"The actual output correctly identifies that bitumen and asphalt are often used interchangeably, which aligns with the core truth of the expected output. However, it provides excessive detail about the differences in terminology and usage in various regions, which, while informative, detracts from the simplicity of the expected answer. The additional context from the retrieval sources is relevant but not necessary for answering the core question directly."
What was issued to halt the use of higher currency denomations?,Paper money was issued to halt the use of higher currency denominations.,The correct answer to the question 'What was issued to halt the use of higher currency denomations?' is: an executive order,0.31300423411709943,"The actual output mentions paper money being issued, which is related to the context of halting higher currency denominations. However, it fails to accurately represent the core truth of the expected output, which specifies that an executive order was issued for this purpose. The response lacks clarity and does not directly answer the question posed in the expected output."
What does .org on a URL mean?,.org indicates a non-commercial organization that doesn't fit into specific categories like governmental or educational entities.,The correct answer to the question 'What does .org on a URL mean?' is: organizations that didn't fit anywhere else,0.5489420875648721,"The actual output partially captures the essence of the expected output by stating that .org indicates a non-commercial organization. However, it does not clearly articulate the core truth that .org is specifically for organizations that didn't fit anywhere else, which is the key point of the expected output. While the additional context about non-commercial organizations is relevant, it does not enhance the understanding of the core truth and could lead to confusion about the broader classification of .org domains."
What king's charter recognized Southampton as its own county?,King Charles I's charter recognized Southampton as its own county.,The correct answer to the question 'What king's charter recognized Southampton as its own county?' is: Charles I,0.7269910151244946,"The actual output correctly identifies King Charles I's charter as the source that recognized Southampton as its own county, which aligns with the core truth of the expected output. However, it lacks the explicit phrasing of the question and the direct answer format requested in the expected output. While it provides relevant historical context, it could be more concise to match the expected response style."
What was the occupation of Yvonne Fletcher?,The provided information does not mention Yvonne Fletcher or her occupation.,The correct answer to the question 'What was the occupation of Yvonne Fletcher?' is: policewoman,0.15068730773355937,"The actual output fails to provide the occupation of Yvonne Fletcher, which is the core truth of the expected output. While it correctly states that the information does not mention her occupation, it does not address the expected answer, 'policewoman.' There is no relevant context from the retrieval context that enhances the understanding of the expected output, leading to a significant shortcoming in alignment."
Where was the water brought from by the friars' supply system?,The water was brought from Conduit Head.,The correct answer to the question 'Where was the water brought from by the friars' supply system?' is: Conduit Head,0.8310734864623248,"The actual output correctly identifies 'Conduit Head' as the source of the water, aligning with the expected output's core truth. However, it lacks the explicit framing of the answer as a response to the specific question posed, which diminishes clarity. The additional context about the water supply system enhances understanding but is not directly necessary for answering the question."
What is wrestling sometimes called?,Pro wrestling.,"The correct answer to the question 'What is wrestling sometimes called?' is: ""soap opera for males""",0.19112499608929276,"The actual output 'Pro wrestling.' does not accurately represent the expected output, which is 'soap opera for males.' While it identifies the subject of wrestling, it fails to articulate the core truth of the expected answer. Additionally, the retrieval context provides relevant details about professional wrestling but does not enhance the actual output, as it does not address the specific question asked."
What are the two examples give for justifications and values for occupational choices?,"1. Work is viewed as beneficial for character-building and skill development.2. Cultural traditions dictate children follow in their parents' trade.",The correct answer to the question 'What are the two examples give for justifications and values for occupational choices?' is: workplace satisfaction and overall quality of life,0.2048141287528264,"The actual output provides two examples related to work's benefits and cultural traditions, but it does not address the expected output of workplace satisfaction and overall quality of life. While it includes relevant details from the retrieval context, it fails to align with the core truth of the expected answer, which is specifically about justifications for occupational choices."
﻿What harmed the music industry in the 20th century according to Shawn Vancour?,Inadequate representation from the commercialization of classical music.,The correct answer to the question 'What harmed the music industry in the 20th century according to Shawn Vancour?' is: the commercialization of classical music,0.4673078231485481,"The actual output identifies the commercialization of classical music as a harmful factor in the music industry, which aligns with the expected output. However, it lacks the clarity and completeness of the expected answer, which explicitly states the question and provides a direct answer. The retrieval context offers relevant information about Shawn Vancour's argument but does not enhance the actual output, leading to a partial representation of the core truth."
What is the rating for the hardness of Hyderabad's water?,The hardness of Hyderabad's water is up to 1000 ppm.,The correct answer to the question 'What is the rating for the hardness of Hyderabad's water?' is: 1000 ppm,0.792272109205286,"The actual output correctly identifies the hardness of Hyderabad's water as 1000 ppm, which aligns with the expected output. However, it lacks the explicit phrasing of the question and answer format present in the expected output, which diminishes clarity. The retrieval context provides relevant background information about water hardness but does not directly enhance the core truth of the output."
What denomination do the Brethren originate from?,The Brethren originated from Anglicanism.,The correct answer to the question 'What denomination do the Brethren originate from?' is: Anglicanism,0.775888823045954,"The actual output correctly identifies that the Brethren originated from Anglicanism, which aligns with the expected output. However, it lacks the explicit phrasing of the question and the structured response format found in the expected output. While it conveys the core truth, it could enhance clarity by mirroring the expected format more closely."
What North Carolina City hosts the Merlefest?,Wilkesboro.,The correct answer to the question 'What North Carolina City hosts the Merlefest?' is: Wilkesboro,0.8000708927260198,"The actual output correctly identifies Wilkesboro as the city hosting Merlefest, aligning with the expected output. However, it lacks the additional context provided in the expected output, which explicitly states the question and the format of the answer. While the core truth is present, the response could be improved by including a more complete articulation of the answer format."
How much was the financial cost of the damages of the 2007 natural disaster in Burma ?,The financial cost of the damages from Cyclone Nargis in May 2008 was 10 billion US dollars.,The correct answer to the question 'How much was the financial cost of the damages of the 2007 natural disaster in Burma ?' is: 10 billion US Dollars,0.8290624357838301,"The actual output correctly identifies the financial cost of the damages from Cyclone Nargis as 10 billion US dollars, which aligns with the core truth of the expected output. However, it lacks the explicit phrasing of the question and the introductory statement found in the expected output, which diminishes its clarity and completeness. While it provides accurate information, it could enhance understanding by incorporating the context of the disaster's significance in Burmese history."
What literary events were believed to be a fact of truth ?,"Literary events believed to be facts include:1. Greek literature's monumental works by Homer (Iliad, Odyssey).2. Roman historical epics and Virgil's Aeneid.3. Medieval scholars acknowledging the Earth's sphericity.4. Misconceptions about the Church's stance on autopsies and science.These illustrate how literature reflects historical truths and societal beliefs.",The correct answer to the question 'What literary events were believed to be a fact of truth ?' is: The Homeric Epics (i.e. Iliad and Odyssey) were especially and generally accepted as part of the Greek past,0.5341868805675167,"The actual output identifies key literary works such as the Iliad and Odyssey, which aligns with the expected output's focus on the Homeric Epics. However, it diverges by including additional examples that do not directly answer the question about literary events believed to be facts, such as misconceptions about the Church and medieval scholars. This additional information, while relevant to literature's historical context, detracts from the core truth of the expected output, which specifically emphasizes the acceptance of the Homeric Epics as part of Greek history."
Israel withdrew from where?,Israel withdrew from the Sinai Peninsula.,The correct answer to the question 'Israel withdrew from where?' is: Sinai Peninsula,0.8100708496388849,"The actual output correctly identifies the location from which Israel withdrew, aligning with the core truth of the expected output. However, it lacks the explicit phrasing of the question and answer format present in the expected output, which could enhance clarity. The response is accurate and relevant, but the absence of the question context slightly detracts from its completeness."
Where do brushes get their power?,Brushes get their power from an external electric source connected to the motor through the commutator.,The correct answer to the question 'Where do brushes get their power?' is: external,0.64387441212773,"The actual output correctly identifies that brushes get their power from an external electric source, which aligns with the core truth of the expected output. However, it provides additional details about the role of the commutator and motor operation, which, while informative, diverges from the simplicity of the expected answer. The response could be improved by directly stating 'external' as the answer to the question posed."
What type of offense was the harm of a tribute treated as?,"The harm of a tribute was treated as an offense warranting capital punishment or significant penalties, including monetary fines and forced labor.",The correct answer to the question 'What type of offense was the harm of a tribute treated as?' is: capital offense,0.48496376940222385,"The actual output identifies the harm of a tribute as a serious offense, mentioning capital punishment and significant penalties, which aligns with the expected output's classification of it as a 'capital offense.' However, the actual output does not explicitly state 'capital offense,' which is the core truth sought in the expected output. While it provides relevant context about penalties, it lacks the precise terminology that would strengthen its alignment with the expected answer."
In what year did Strasbourg declare itself a free republic? ,Strasbourg declared itself a free republic in 1918.,The correct answer to the question 'In what year did Strasbourg declare itself a free republic? ' is: 1332,0.2,"The actual output states that Strasbourg declared itself a free republic in 1918, which is factually incorrect compared to the expected output that specifies the year as 1332. While the actual output provides some historical context about the events surrounding 1918, it fails to address the core truth of the expected output, which is the specific year of 1332. The additional details do not enhance understanding of the expected answer and instead mislead by focusing on a different historical event."
﻿What country's ships did some witnesses say were involved in the Baarawe attack?,"The question does not provide information about a Baarawe attack or mention any country's ships involved in it. Therefore, the answer is unclear based on the provided text.",The correct answer to the question 'What country's ships did some witnesses say were involved in the Baarawe attack?' is: French,0.19486024125074758,"The actual output fails to provide the correct answer regarding the involvement of French ships in the Baarawe attack, which is the core truth of the expected output. While it correctly notes the lack of information in the question, it does not address the retrieval context that explicitly states the answer. The response does not enhance understanding and instead misleads by implying uncertainty where there is a clear answer."
Where was the The Maratha Empire centralized?,"The Maratha Empire was centralized in the southwest of present-day India, primarily in Maharashtra.",The correct answer to the question 'Where was the The Maratha Empire centralized?' is: south west of present-day India,0.8386687576606857,"The actual output correctly identifies the Maratha Empire's centralization in the southwest of present-day India, aligning well with the expected output. However, it lacks the explicit phrasing of the question and the phrase 'The correct answer to the question...' which would have enhanced clarity. While the core truth is present, the response could benefit from a more direct connection to the expected format."
What were the names given to the various dialects predating the 19th century?,Lomonosov (18th century) and Vladimir Dal (19th century).,"The correct answer to the question 'What were the names given to the various dialects predating the 19th century?' is: ""Illyric"", ""Slavic"", ""Slavonian"", ""Bosnian"", ""Dalmatian"", ""Serbian"" or ""Croatian""",0.13308070471455088,"The actual output mentions Lomonosov and Vladimir Dal, which are relevant figures in the context of dialect studies, but it fails to address the core truth of the expected output, which lists specific dialect names. The response does not provide any of the expected dialect names, making it largely unaligned with the evaluation steps."
In what year did the Ocean Stars first compete in the Olympics?,2008,The correct answer to the question 'In what year did the Ocean Stars first compete in the Olympics?' is: 1972,0.02727040218798523,"The actual output '2008' does not contain the core truth of the expected output, which states that the Ocean Stars first competed in the Olympics in 1972. The actual output fails to address the question and provides an incorrect year, lacking any relevant details from the retrieval context that could enhance understanding."
What is the economical magazine in Namibia?,The economical magazine in Namibia is the Namibia Economist.,The correct answer to the question 'What is the economical magazine in Namibia?' is: Namibia Economist,0.8232288060975819,"The actual output correctly identifies the economical magazine in Namibia as the 'Namibia Economist', which aligns with the core truth of the expected output. However, it lacks the explicit phrasing of the expected output, which states 'The correct answer to the question...'. While the actual output is accurate and provides the necessary information, it could be improved by including a more formal acknowledgment of the question being answered."
Is DDT 100% guaranteed to work?,"No, DDT is not 100% guaranteed to work; resistance in mosquitoes was identified as early as 1955.",The correct answer to the question 'Is DDT 100% guaranteed to work?' is: DDT use is not always effective,0.7917758039125872,"The actual output correctly addresses the core truth that DDT is not 100% guaranteed to work, aligning with the expected output's assertion that DDT use is not always effective. It also provides additional context about the historical resistance in mosquitoes, which enhances the response without deviating from the main point. However, the phrasing could be more aligned with the expected output's structure for clarity."
In what season does the part of the growth-ring with smaller vessels form in ring-porous species?,The part of the growth-ring with smaller vessels forms in summer.,The correct answer to the question 'In what season does the part of the growth-ring with smaller vessels form in ring-porous species?' is: summer,0.7964533993265939,"The actual output correctly identifies that the part of the growth-ring with smaller vessels forms in summer, which aligns with the expected output's core truth. However, it lacks the explicit phrasing of the question and the phrase 'the correct answer to the question', which would have made the alignment stronger. The response is clear and relevant, but it could be more comprehensive by directly addressing the question format."
What are free ISPs similar to? ,"Free ISPs are similar to commercial television, as they sell user attention to advertisers.",The correct answer to the question 'What are free ISPs similar to? ' is: commercial television,0.704552344397195,"The actual output correctly identifies that free ISPs are similar to commercial television, which aligns with the expected output. However, while it provides a relevant comparison, it lacks the explicit phrasing of the expected answer format, which could enhance clarity. The additional context about selling user attention is informative but slightly diverges from the core truth, which is simply the similarity to commercial television."
What case is the grammatical object of a verb?,The grammatical object of a verb is typically in the accusative case.,The correct answer to the question 'What case is the grammatical object of a verb?' is: accusative,0.5315136306470291,"The actual output correctly identifies the grammatical object of a verb as being in the accusative case, which aligns with the expected output. However, it lacks the explicit mention of the question format and the direct answer 'accusative' as required by the expected output. While the retrieval context provides relevant information about grammatical cases, it does not enhance the core truth of the actual output, which could have been more directly aligned with the expected response."
WHo would pay for expenses during travels or the royal courts?,"Expenses during travels or royal courts would typically be financed by the king's sources of income, including revenue from royal demesne, feudal rights, taxation, and fines.",The correct answer to the question 'WHo would pay for expenses during travels or the royal courts?' is: the king and the court,0.5502681649203995,"The actual output identifies the sources of income that would finance expenses during travels or royal courts, which aligns with the expected output's core truth that the king and the court are responsible for these expenses. However, it lacks the explicit mention of 'the king and the court' as the payers, which is crucial for full alignment. While the additional details about income sources enhance understanding, they do not directly answer the question posed in the expected output."
﻿Which war was the cannon used in prior to this event?,First Balkan War.,The correct answer to the question 'Which war was the cannon used in prior to this event?' is: First Balkan War in 1912,0.4632904144818405,"The actual output identifies the First Balkan War, which is part of the expected output. However, it lacks the additional context of the year 1912, which is crucial for fully answering the question. While the core truth is present, the absence of the year diminishes the completeness of the response."
Who has disagreed with this connotation of the word?,"Bruno Latour, Jürgen Habermas, and Robert T. Bakker have disagreed with the connotations associated with the criticisms of humanism and scientific orthodoxy.",The correct answer to the question 'Who has disagreed with this connotation of the word?' is: Gellius,0.16335829627082352,"The actual output mentions individuals who have disagreed with certain connotations of humanism, but it does not directly answer the expected question about who disagreed with the specific connotation of the word, which is Gellius. The response lacks clarity and relevance to the core truth of the expected output, failing to provide the correct answer and instead introducing unrelated figures."
How many total groups of indigenous peoples are in Bolivia?,Bolivia has a total of fifty indigenous peoples.,The correct answer to the question 'How many total groups of indigenous peoples are in Bolivia?' is: fifty,0.8230691294472869,"The actual output correctly identifies that Bolivia has fifty indigenous peoples, which aligns with the expected output's core truth. However, it lacks the explicit phrasing of the expected output, which states the answer should be framed as a response to the specific question. While the retrieval context provides relevant background information about indigenous groups in Bolivia, it does not enhance the core truth presented in the actual output."
What is New Jersey's largest daily paper?,The information provided does not specify New Jersey's largest daily paper.,The correct answer to the question 'What is New Jersey's largest daily paper?' is: the Star-Ledger,0.12798248775809223,"The actual output fails to provide the correct answer to the question about New Jersey's largest daily paper, which is the core truth of the expected output. It only states that the information does not specify the answer, which does not align with the evaluation steps. There is no additional relevant detail provided that enhances understanding, and the response is misleading as it does not address the question directly."
"Compared to the rates of cell division in eukaryotes, with what speed does binary fission occur?",Binary fission occurs much faster than eukaryotic cell division.,"The correct answer to the question 'Compared to the rates of cell division in eukaryotes, with what speed does binary fission occur?' is: extremely fast",0.6608258677838266,"The actual output correctly identifies that binary fission occurs much faster than eukaryotic cell division, which aligns with the core truth of the expected output. However, it lacks the specific phrasing 'extremely fast' and does not explicitly answer the question posed in the expected output. While it provides relevant context about the speed of binary fission, it could enhance understanding by directly stating the comparative speed as requested."
What type of bridge is replacing the old Q Bridge?,The old Q Bridge is being replaced by a cable-stayed bridge.,The correct answer to the question 'What type of bridge is replacing the old Q Bridge?' is: an extradosed bridge,0.22521262317963742,"The actual output incorrectly identifies the type of bridge replacing the old Q Bridge as a cable-stayed bridge, while the expected output specifies it as an extradosed bridge. This indicates a failure to capture the core truth of the expected output. Additionally, the actual output does not provide any relevant details from the retrieval context that could support or enhance the answer."
"Aside from Plymouth High School for Girls and Devonport High School for Boys, what state grammar school is present in Plymouth?",Devonport High School for Girls,"The correct answer to the question 'Aside from Plymouth High School for Girls and Devonport High School for Boys, what state grammar school is present in Plymouth?' is: Devonport High School for Girls",0.9668948713289177,"The actual output directly matches the expected output, clearly stating 'Devonport High School for Girls' as the answer to the question posed. The core truth is accurately represented without any ambiguity. Additionally, the retrieval context provides relevant background information about the schools in Plymouth, enhancing the understanding of the answer without detracting from its clarity."
Who did Torii Mototada serve?,Tokugawa Ieyasu.,The correct answer to the question 'Who did Torii Mototada serve?' is: Tokugawa Ieyasu,0.7988164958279965,"The actual output correctly identifies Tokugawa Ieyasu as the answer to the question about who Torii Mototada served, aligning with the core truth of the expected output. However, it lacks the additional context provided in the retrieval context that could enhance understanding of the relationship and loyalty between Torii Mototada and Tokugawa Ieyasu, which would have added depth to the response without detracting from the core message."
What was established in the city of Paldiski?,The information provided does not mention Paldiski or any establishment there.,The correct answer to the question 'What was established in the city of Paldiski?' is: A notable closed military installation,0.18787435634209093,"The actual output fails to address the core truth of the expected output, which identifies a notable closed military installation in Paldiski. While it correctly states that the information does not mention Paldiski, it does not provide any relevant details or context that could lead to a more comprehensive understanding of the topic, thus lacking alignment with the evaluation steps."
Where did Dell move its call centers?,Dell moved its call centers primarily to India and El Salvador.,The correct answer to the question 'Where did Dell move its call centers?' is: offshore,0.4918555319011705,"The actual output identifies specific countries (India and El Salvador) where Dell moved its call centers, which partially aligns with the expected output's core truth of 'offshore.' However, it does not clearly articulate the broader concept of 'offshore' as the expected answer, leading to a lack of complete alignment. The retrieval context provides relevant details about Dell's call center strategy but does not enhance the understanding of the expected output significantly."
﻿What did John do during the truce of 1206-1208?,"During the truce of 1206-1208, John focused on raising revenues, reforming his armed forces, and rebuilding alliances to regain lost lands in France.",The correct answer to the question 'What did John do during the truce of 1206-1208?' is: focused on building up his financial and military resources,0.7323703616623051,"The actual output captures the essence of the expected output by mentioning John's focus on raising revenues and reforming his armed forces during the truce. However, it lacks the explicit mention of 'building up his financial and military resources,' which is a key phrase in the expected output. The retrieval context provides relevant details that support the actual output, but the response could be improved by directly aligning more closely with the expected phrasing."
"In New Zealand, what were important browsers, as the kereru and kokako are today?","In New Zealand, important browsers historically include Mosaic and Netscape Navigator, which were pivotal in early web use.","The correct answer to the question 'In New Zealand, what were important browsers, as the kereru and kokako are today?' is: moas",0.15010479348048164,"The actual output discusses important web browsers in New Zealand, specifically Mosaic and Netscape Navigator, but fails to address the expected output regarding 'moas' as important browsers. The core truth of the expected output is not present, and while the retrieval context provides relevant historical information about web browsers, it does not enhance the actual output's alignment with the expected answer."
Where was Adolf Hitler born?,Adolf Hitler was born in Austria.,The correct answer to the question 'Where was Adolf Hitler born?' is: Austrian,0.5957869500938171,"The actual output correctly identifies that Adolf Hitler was born in Austria, which aligns with the core truth of the expected output. However, it fails to explicitly state the answer in the format requested ('Austrian'), which diminishes its alignment with the expected output. While the response is factually accurate, it lacks the specific phrasing that was required."
Which mineral found in Galicia were the Romans interested in?,Gold.,The correct answer to the question 'Which mineral found in Galicia were the Romans interested in?' is: gold,0.7516310855301123,"The actual output 'Gold.' correctly identifies the core truth of the expected output, which is that gold is the mineral the Romans were interested in. However, it lacks the additional context provided in the expected output that clarifies the question and enhances understanding. While the response is accurate, it could be improved by including a more complete statement that reflects the phrasing of the expected output."
Who was defeated at the Battle of Sellasia?,Antigonus was defeated at the Battle of Sellasia.,The correct answer to the question 'Who was defeated at the Battle of Sellasia?' is: Sparta,0.2354630265564769,"The actual output correctly identifies Antigonus as the individual defeated at the Battle of Sellasia, which aligns with the core truth of the expected output. However, it fails to mention Sparta, which is the expected answer, leading to a significant shortcoming. The output does not provide additional relevant details from the retrieval context, nor does it expand on the answer, resulting in a lack of comprehensiveness."
What constraints kept HDTV from being widely adopted in the 90's?,"Technical and economic constraints limited HDTV's bandwidth use, hindering widespread adoption in the 1990s.",The correct answer to the question 'What constraints kept HDTV from being widely adopted in the 90's?' is: technical and economic,0.6308267802722427,"The actual output identifies the technical and economic constraints as the reasons for HDTV's limited adoption, which aligns with the core truth of the expected output. However, it provides additional context about bandwidth limitations that, while relevant, detracts from the simplicity of the expected answer. The expected output is more concise, directly answering the question without elaboration, which makes the actual output less effective in this context."
What percentage of New Yorkers are Christians?,57% of New Yorkers identified as Christians in 2014.,The correct answer to the question 'What percentage of New Yorkers are Christians?' is: 59%,0.37601192999233823,"The actual output states that 57% of New Yorkers identified as Christians, which is incorrect compared to the expected output of 59%. While it provides a specific percentage, it does not align with the expected answer. Additionally, the retrieval context supports the expected output but is not fully utilized in the actual output, which lacks comprehensive details that could enhance the response."
When did youtube become available on Apple products?,YouTube became available on Apple products in June 2007.,The correct answer to the question 'When did youtube become available on Apple products?' is: June 2007,0.7918686345679088,"The actual output correctly identifies the date when YouTube became available on Apple products, aligning with the core truth of the expected output. However, it lacks the explicit framing of the answer as a response to the question, which is present in the expected output. While the information is accurate and relevant, it could be enhanced by including the question context to improve clarity and completeness."
Who was it that claimed Hayek's The Constitution of Liberty to be an thorough example of neoliberal philosophy?,Samuel Brittan claimed Hayek's The Constitution of Liberty to be a comprehensive statement of moderate free market philosophy espoused by neoliberals.,The correct answer to the question 'Who was it that claimed Hayek's The Constitution of Liberty to be an thorough example of neoliberal philosophy?' is: Samuel Brittan,0.7704891208628426,"The actual output correctly identifies Samuel Brittan as the individual who claimed Hayek's The Constitution of Liberty to be a comprehensive statement of moderate free market philosophy, which aligns with the expected output. However, while it provides additional context about Brittan's views, it slightly diverges from the simplicity of the expected answer by including more detail than necessary. This additional information enhances understanding but could be seen as detracting from the core truth of the expected output."
What does Triangle Transit offer?,"Triangle Transit offers scheduled, fixed-route regional and commuter bus service between Raleigh and nearby cities, as well as to the Raleigh-Durham International Airport and Research Triangle Park. Additionally, it coordinates a vanpool and rideshare program.","The correct answer to the question 'What does Triangle Transit offer?' is: scheduled, fixed-route regional and commuter bus service",0.7782665901455986,"The actual output accurately identifies the core service offered by Triangle Transit, which is scheduled, fixed-route regional and commuter bus service. It also includes additional relevant details about the service's coverage and vanpool program, enhancing the understanding of Triangle Transit's offerings. However, while the extra information is informative, it slightly diverges from the simplicity of the expected output, which focuses solely on the core service. This could potentially confuse someone looking for a straightforward answer."
﻿What was the design for low cost data encryption named?,The information provided does not mention a specific design for low-cost data encryption.,The correct answer to the question 'What was the design for low cost data encryption named?' is: Secure Blue,0.1734871393189444,"The actual output fails to provide the expected answer 'Secure Blue' and instead states that no specific design is mentioned. This indicates a lack of alignment with the core truth of the expected output. Additionally, the retrieval context does not contain relevant information about low-cost data encryption, further detracting from the response's effectiveness."
Which of the four TB-causing bacteria do scientists think might be more common than we know?,M. microti.,The correct answer to the question 'Which of the four TB-causing bacteria do scientists think might be more common than we know?' is: M. microti,0.5984898857337786,"The actual output correctly identifies 'M. microti' as the answer to the question, aligning with the core truth of the expected output. However, it lacks the context and completeness of the expected output, which explicitly states the question and provides a full sentence answer. While the core truth is present, the brevity of the actual output detracts from its comprehensiveness."
"Because the schedule in Israel was always changing, what did Microsoft do with the release of Windows 98?","Microsoft marked Israel as not having DST, forcing users to manually adjust clocks.","The correct answer to the question 'Because the schedule in Israel was always changing, what did Microsoft do with the release of Windows 98?' is: marked Israel as not having DST",0.8,"The actual output accurately captures the core truth of the expected output by stating that Microsoft marked Israel as not having DST, which directly answers the question regarding Windows 98. However, it includes additional context about the manual adjustment of clocks, which, while relevant, slightly detracts from the simplicity of the expected answer. Overall, the response is strong but could be more concise."
In what year did John Charles Thring come up with rules that were influential?,John Charles Thring developed influential rules in 1870.,The correct answer to the question 'In what year did John Charles Thring come up with rules that were influential?' is: 1862,0.13314926042480008,"The actual output incorrectly states that John Charles Thring developed influential rules in 1870, which does not align with the expected output that specifies the year as 1862. The core truth regarding the year is not accurately represented, and the additional context provided does not enhance the understanding of the expected output, as it is unrelated to Thring's contributions."
"What are typically regarded as ""runways at sea""?",Aircraft carriers.,"The correct answer to the question 'What are typically regarded as ""runways at sea""?' is: aircraft carriers",0.6870390541398244,"The actual output correctly identifies 'aircraft carriers' as the answer to the question about 'runways at sea', aligning with the core truth of the expected output. However, it lacks the additional context provided in the retrieval context that explains the functionality and characteristics of aircraft carriers, which could enhance understanding. While the core message is clear, the absence of elaboration limits the depth of the response."
Where are Whitehead's works primarily studied in English-speaking countries?,"Whitehead's works are primarily studied in specialized circles among philosophers and theologians, primarily in the United States.",The correct answer to the question 'Where are Whitehead's works primarily studied in English-speaking countries?' is: Claremont and a select number of liberal graduate-level theology and philosophy programs,0.3110178721394326,"The actual output identifies that Whitehead's works are studied in specialized circles among philosophers and theologians in the United States, which partially aligns with the expected output. However, it fails to mention Claremont and the specific liberal graduate-level programs, which are crucial to the expected answer. The retrieval context provides additional relevant details about the broader interest in Whitehead's work, but these do not enhance the core truth of the expected output, leading to a low score."
What does midho mean in English?,"The text provides no information about the term ""midho,"" so its meaning in English is unclear based on the provided content.",The correct answer to the question 'What does midho mean in English?' is: lyricists,0.051171268312482754,"The actual output fails to address the core truth of the expected output, which states that 'midho' means 'lyricists' in English. Instead, it incorrectly claims that there is no information about 'midho,' completely missing the expected answer and providing no relevant details from the retrieval context that could enhance understanding."
What event occured that automatically ranked Bermuda as the oldest remaining British Overseas Territory?,Newfoundland became part of Canada in 1949.,The correct answer to the question 'What event occured that automatically ranked Bermuda as the oldest remaining British Overseas Territory?' is: Newfoundland became part of Canada,0.616493495985274,"The actual output correctly identifies that Newfoundland became part of Canada in 1949, which is relevant to the expected output regarding Bermuda's status as the oldest remaining British Overseas Territory. However, it lacks the explicit connection to the question about Bermuda, which is crucial for full alignment with the expected output. While the core truth is present, the response does not clearly articulate the relationship between Newfoundland's status change and Bermuda's ranking, which diminishes its effectiveness."
How do many U.S. states handle wrestling?,"Many U.S. states regulate professional wrestling as they do other competitive sports, with oversight from commissions like the New York State Athletic Commission.",The correct answer to the question 'How do many U.S. states handle wrestling?' is: many U.S. states still regulate professional wrestling as they do other professional competitive sports,0.8552430778232434,"The actual output accurately conveys the core truth of the expected output by stating that many U.S. states regulate professional wrestling as they do other competitive sports. It also includes relevant details from the retrieval context, such as the mention of the New York State Athletic Commission, which enhances understanding. However, it could have more explicitly stated that this regulation is a response to the nature of professional wrestling being recognized as entertainment, which would strengthen the alignment with the expected output."
How many moons does Neptune have?,Neptune has 14 known moons.,The correct answer to the question 'How many moons does Neptune have?' is: 14,0.7514105863487088,"The actual output correctly states that Neptune has 14 known moons, which aligns with the core truth of the expected output. However, it lacks the explicit phrasing of the expected output that directly answers the question, which diminishes its clarity. While the information is accurate and relevant, it could be improved by explicitly stating that 'the correct answer to the question is: 14' to enhance understanding."
﻿What are the main exports of the island?,"Main exports of Saint Barthélemy include vegetables, cotton, pineapples, bananas, and fish.",The correct answer to the question 'What are the main exports of the island?' is: fish and coffee,0.2832325962295267,"The actual output identifies some exports of Saint Barthélemy, but it fails to mention coffee, which is a key component of the expected output. While it provides additional details about various exports, it does not accurately represent the core truth of the expected answer, which specifically highlights fish and coffee as the main exports."
In what year was Gregg v. Georgia decided?,1976,The correct answer to the question 'In what year was Gregg v. Georgia decided?' is: 1976,0.7792510048860206,"The actual output provides the correct year, 1976, which aligns with the expected output. However, it lacks the explicit context that the expected output includes, which states the question being answered. While the core truth is present, the absence of the full context diminishes clarity and completeness."
Repression of political opponants and police brutality are forms of political what?,Repression of political opponents and police brutality are forms of political violence.,The correct answer to the question 'Repression of political opponants and police brutality are forms of political what?' is: corruption,0.18074036577774796,"The actual output identifies repression of political opponents and police brutality as forms of political violence, which is somewhat related to the expected output's focus on political corruption. However, it fails to directly answer the question posed in the expected output, which specifically asks for the term 'political what?' The actual output does not align with the core truth of the expected output and does not provide additional relevant details that enhance understanding."
What was the military partnership between countries aligned with the Soviet Union called?,The military partnership was called the Warsaw Pact.,The correct answer to the question 'What was the military partnership between countries aligned with the Soviet Union called?' is: the Warsaw Pact,0.8317092457500728,"The actual output correctly identifies the military partnership as the Warsaw Pact, which aligns with the expected output. However, it lacks the explicit phrasing of the expected output that includes the context of the question, which diminishes clarity. While the core truth is present, the response could be improved by incorporating the full context of the question for better alignment."
Among which class did de Melo's reforms gain him the most enemies?,The high nobility.,The correct answer to the question 'Among which class did de Melo's reforms gain him the most enemies?' is: especially among the high nobility,0.5984606556219711,"The actual output identifies the high nobility as a group that opposed de Melo's reforms, which aligns with the expected output's core truth. However, it lacks the specificity of the phrase 'especially among the high nobility,' which diminishes its completeness. The retrieval context provides relevant details about de Melo's rise and the nature of his conflicts with the nobility, but these are not fully integrated into the actual output, limiting its overall effectiveness."
What kind of clock have genetic functions?,The molecular circadian clock has genetic functions.,The correct answer to the question 'What kind of clock have genetic functions?' is: biological clock,0.3027445196527009,"The actual output mentions the molecular circadian clock having genetic functions, which is somewhat related to the expected output about biological clocks. However, it fails to directly answer the question posed in the expected output, which specifically asks for the type of clock with genetic functions. The additional context provided does not enhance the actual output's relevance to the expected answer, leading to a lack of clarity and alignment."
What two specific points of data do systems need to figure out to get local time?,Systems need the UTC time and time zone information from the IANA time zone database.,The correct answer to the question 'What two specific points of data do systems need to figure out to get local time?' is: date/time,0.4588375447027431,"The actual output identifies the need for UTC time and time zone information, which is relevant to determining local time. However, it does not directly answer the expected output's question about the two specific points of data needed, which are 'date/time.' While the actual output provides useful context, it lacks the clarity and specificity required to fully align with the expected response."
What part of Catalonia did Spain give to France?,Spain ceded the northern part of Catalonia to France with the Treaty of the Pyrenees in 1659.,The correct answer to the question 'What part of Catalonia did Spain give to France?' is: northern part,0.9565800223098279,"The actual output accurately identifies the core truth of the expected output by stating that Spain ceded the northern part of Catalonia to France. This aligns perfectly with the expected answer, which specifies 'northern part' as the correct response. Additionally, the retrieval context provides relevant historical details that enhance the understanding of the Treaty of the Pyrenees without detracting from the core truth."
What kind of aircraft is utilized by the USAF in Full Scale Aerial Targets?,The USAF uses QF-4 aircraft and early model F-16s converted to QF-16 configuration for Full Scale Aerial Targets.,The correct answer to the question 'What kind of aircraft is utilized by the USAF in Full Scale Aerial Targets?' is: F-4 Phantom II,0.6421758667124546,"The actual output correctly identifies the QF-4 and QF-16 as aircraft used by the USAF for Full Scale Aerial Targets, which aligns with the context provided. However, it fails to mention the F-4 Phantom II, which is the specific aircraft referenced in the expected output. While the additional details about the QF-4 and QF-16 are relevant, they do not address the core truth of the expected output, leading to a lower score."
Who supposedly suffers no detrimental effects from classroom diversity?,Caucasian students.,The correct answer to the question 'Who supposedly suffers no detrimental effects from classroom diversity?' is: Caucasian students,0.8015385826554988,"The actual output correctly identifies 'Caucasian students' as the answer to the question regarding who suffers no detrimental effects from classroom diversity, aligning with the core truth of the expected output. However, it lacks the additional context provided in the expected output, which explicitly states the question and the phrase 'The correct answer to the question...'. While the core question is answered correctly, the response could be more comprehensive by including the context of the question."
﻿In what year was the Order of St. George founded?,1325,The correct answer to the question 'In what year was the Order of St. George founded?' is: 1325,0.8323362160426949,"The actual output provides the correct year, 1325, which aligns with the expected output's core truth regarding the founding of the Order of St. George. However, it lacks the contextual framing present in the expected output, which explicitly states the question and provides a complete sentence. While the core truth is present, the absence of additional context diminishes clarity and completeness."
What type of poetry debuted in the Hellenistic period?,Pastoral poetry.,The correct answer to the question 'What type of poetry debuted in the Hellenistic period?' is: Alexandrian poetry,0.1964533995977677,"The actual output identifies a type of poetry, 'Pastoral poetry', but fails to address the specific question regarding the type of poetry that debuted in the Hellenistic period, which is 'Alexandrian poetry'. While it mentions a relevant genre, it does not align with the expected output and lacks the core truth of the answer."
What is of major importance in Africa?,"Nigeria's large population and economy, cultural diversity, historical trade connections, and the informal economy are of major importance in Africa.",The correct answer to the question 'What is of major importance in Africa?' is: trophy hunting,0.12720794940025623,"The actual output fails to address the expected output, which specifically identifies 'trophy hunting' as of major importance in Africa. Instead, it discusses Nigeria's population, economy, and cultural aspects, which are irrelevant to the core truth of the expected output. While the actual output provides some context about Nigeria, it does not enhance understanding of the expected answer and diverges from the main question."
What is a less systematic example?,"A less systematic example refers to approaches lacking rigorous standards or comprehensive methods, such as casual interpretations in literature or biology that do not adhere to strict criteria, like the evolving understanding of species variation versus rigid definitions of race.",The correct answer to the question 'What is a less systematic example?' is: túshūguǎn,0.026894142136999512,"The actual output does not address the question posed in the expected output, which specifically asks for a less systematic example and provides a specific answer ('túshūguǎn'). Instead, the actual output discusses general concepts related to systematic versus less systematic approaches without providing the required answer, failing to align with the core truth of the expected output."
Who wrote 'The History of Armenia'?,Moses of Chorene.,The correct answer to the question 'Who wrote 'The History of Armenia'?' is: Moses of Chorene,0.8155280742212174,"The actual output correctly identifies Moses of Chorene as the author of 'The History of Armenia', aligning with the core truth of the expected output. However, it lacks the additional context provided in the retrieval context that could enhance understanding, such as the significance of the work or its historical context. Including such details would have strengthened the response without deviating from the core truth."
What is the main component of drying the paper?,Air and heat.,The correct answer to the question 'What is the main component of drying the paper?' is: air,0.4493295266476668,"The actual output mentions both 'air' and 'heat', which aligns with the expected output's focus on 'air' as the main component of drying paper. However, it lacks clarity and does not explicitly state that 'air' is the correct answer to the question posed, which diminishes its effectiveness. While it includes relevant details about the drying process, it does not enhance understanding of the core truth as effectively as it could."
When was secretprojectrevolution released?,"September 24, 2013.","The correct answer to the question 'When was secretprojectrevolution released?' is: September 24, 2013",0.8000000000000002,"The actual output correctly identifies the release date of 'secretprojectrevolution' as September 24, 2013, which aligns with the core truth of the expected output. However, it lacks the explicit context of the question and the phrase 'The correct answer to the question...' that would enhance clarity and understanding. While the core truth is present, the absence of additional context from the retrieval information slightly detracts from the overall completeness of the response."
In what year was salt water taffy conceived?,1883,The correct answer to the question 'In what year was salt water taffy conceived?' is: 1883,0.8281400199970286,"The actual output provides the correct year, 1883, which aligns with the expected output. However, it lacks the explicit context that the expected output includes, such as the phrasing 'The correct answer to the question...'. While the core truth is present, the absence of this framing reduces clarity and completeness."
From what census is this information from?,Census data from 2000 and 2010.,The correct answer to the question 'From what census is this information from?' is: 2012 census,0.2,"The actual output mentions census data from 2000 and 2010 but fails to provide the correct answer to the question regarding the 2012 census, which is the core truth of the expected output. While it includes some relevant context, it does not address the specific question asked, leading to a significant shortcoming."
What did France sign instead of joining the Commonwealth?,France signed the Treaty of Rome.,The correct answer to the question 'What did France sign instead of joining the Commonwealth?' is: Treaty of Rome,0.7850309905989954,"The actual output correctly identifies the Treaty of Rome as the agreement France signed instead of joining the Commonwealth, aligning well with the expected output. However, it lacks the explicit framing of the answer as a response to the specific question posed, which diminishes clarity. The retrieval context provides relevant historical background that enhances understanding but is not directly referenced in the output, which could have strengthened the response further."
﻿Schwarzenegger shows up as the President of the United States in what 2007 animated movie?,"Schwarzenegger shows up as the President in the 2007 animated movie ""Happily N'Ever After.""",The correct answer to the question 'Schwarzenegger shows up as the President of the United States in what 2007 animated movie?' is: The Simpsons Movie,0.04247896089737963,"The actual output incorrectly states that Schwarzenegger appears as the President in 'Happily N'Ever After,' while the expected output correctly identifies 'The Simpsons Movie' as the film where he appears as the President. The core truth is not present in the actual output, and it fails to provide any relevant details from the retrieval context that would enhance understanding of the correct answer."
What song did she perform at the MTV Awards?,"""Open Your Heart""",The correct answer to the question 'What song did she perform at the MTV Awards?' is: Love on Top,0.1,"The actual output states 'Open Your Heart', which is incorrect as it does not answer the question about the song performed at the MTV Awards, where the expected output specifies 'Love on Top'. The actual output fails to address the core truth of the expected output and does not provide any relevant details from the retrieval context that would support a correct answer."
What is flying past their destinations called?,"Flying past their destinations is called ""overshooting.""",The correct answer to the question 'What is flying past their destinations called?' is: spring overshoot,0.2790149468131874,"The actual output identifies the concept of 'overshooting' but fails to provide the specific term 'spring overshoot' as required by the expected output. While it does mention a relevant aspect of the topic, it does not fully align with the core truth of the expected answer, which diminishes its effectiveness. Additionally, the retrieval context is not utilized to enhance the response, leading to a lack of depth in the explanation."
How many airlines operate out of Richmond International?,Nine airlines.,The correct answer to the question 'How many airlines operate out of Richmond International?' is: nine,0.8327877795028679,"The actual output correctly identifies the number of airlines operating out of Richmond International Airport, aligning with the core truth of the expected output. However, it lacks the explicit phrasing found in the expected output, which states the answer in a complete sentence. While the response is accurate and concise, it could enhance clarity by mirroring the expected format more closely."
What is the largest inland port for China?,Port of Nanjing.,The correct answer to the question 'What is the largest inland port for China?' is: Port of Nanjing,0.834858359423789,"The actual output correctly identifies 'Port of Nanjing' as the largest inland port in China, aligning with the core truth of the expected output. However, it lacks the introductory context that explicitly states it is the answer to the question posed, which slightly detracts from clarity. The retrieval context provides additional relevant details about the port, enhancing understanding without misleading, but the actual output could have been more comprehensive by including the full phrasing of the expected output."
Some thought that King Edward VII's redecoration choices were at odds with whose prior work?,John Nash's original work.,The correct answer to the question 'Some thought that King Edward VII's redecoration choices were at odds with whose prior work?' is: Nash's,0.41853041473746,"The actual output mentions 'John Nash's original work,' which aligns with the expected output's focus on Nash's contributions. However, it fails to clearly articulate the core truth of the expected output, which specifically addresses the question about King Edward VII's redecoration choices being at odds with Nash's work. The response lacks context and does not provide a complete answer to the question posed, resulting in a significant shortcoming."
How many regional MPs have argued for the importance of Plymouth's train service?,Three MPs,The correct answer to the question 'How many regional MPs have argued for the importance of Plymouth's train service?' is: three,0.7935904967625385,"The actual output correctly identifies the number of MPs as 'three', which aligns with the expected output. However, it lacks the explicit context of the question regarding the importance of Plymouth's train service, which is a key part of the expected output. While the retrieval context provides relevant details about the MPs' lobbying for train services, the actual output does not incorporate this additional information, which would enhance understanding of the core truth."
What route made Oklahoma city a major stop?,Interstate 35.,The correct answer to the question 'What route made Oklahoma city a major stop?' is: Route 66,0.19562597321823816,"The actual output identifies Interstate 35, which is relevant to Oklahoma City, but it fails to address the core truth of the expected output, which is Route 66 as the major route that made Oklahoma City a significant stop. The response does not include the expected answer and lacks additional relevant details that would enhance the understanding of the context."
What German philosopher inspired Schopenhauer and Nietzsche?,Kant.,The correct answer to the question 'What German philosopher inspired Schopenhauer and Nietzsche?' is: Kant,0.7285460879401555,"The actual output correctly identifies Kant as the answer to the question about the German philosopher who inspired Schopenhauer and Nietzsche, aligning with the core truth of the expected output. However, it lacks the additional context and detail provided in the expected output, which explicitly states the question and includes a complete sentence structure. While the core truth is present, the brevity of the actual output detracts from its comprehensiveness."
Is there anyone automatically eligible? ,"Yes, all clubs in the top four levels of the English football league system are automatically eligible.",The correct answer to the question 'Is there anyone automatically eligible? ' is: . All clubs in the top four levels (the Premier League and the three divisions of the Football League) are automatically eligible,0.8118011363616036,"The actual output correctly identifies that all clubs in the top four levels of the English football league system are automatically eligible, which aligns with the core truth of the expected output. However, it lacks the explicit framing of the question and the complete sentence structure found in the expected output, which slightly detracts from clarity. The additional context provided in the retrieval context is relevant but not utilized in the actual output, which could have enhanced understanding."
﻿"In 2007 which music professor said he believes this criticism does involve race as well?",Eduardo Bonilla-Silva.,"The correct answer to the question 'In 2007, which music professor said he believes this criticism does involve race as well?' is: Emmett Price",0.011920292202211755,"The actual output provides the name 'Eduardo Bonilla-Silva,' which is not the correct answer to the question posed in the expected output. The expected output clearly states that the correct answer is 'Emmett Price,' indicating a complete failure to align with the core truth of the expected output. Additionally, the retrieval context does not support the actual output as it does not relate to the question asked, further detracting from its relevance."
What is the largest criticism leveled by consumers against Comcast,"The largest criticism against Comcast is its poor customer satisfaction, often ranking lowest in the cable industry.",The correct answer to the question 'What is the largest criticism leveled by consumers against Comcast' is: customer satisfaction,0.7275925778746842,"The actual output identifies poor customer satisfaction as the largest criticism against Comcast, which aligns with the expected output's core truth. However, it lacks the explicit phrasing of 'customer satisfaction' as the direct answer to the question, which slightly detracts from clarity. The additional context about Comcast's ranking in customer satisfaction enhances understanding but could be more concise to avoid overshadowing the main point."
The neurostransmitter that usually excites targets is called what?,Glutamate.,"The correct answer to the question 'The neurostransmitter that usually excites targets is called what?' is: glutamate,",0.7616477893587359,"The actual output correctly identifies 'glutamate' as the neurotransmitter that excites targets, aligning with the expected output. However, it lacks the additional context provided in the retrieval context that could enhance understanding, such as the role of glutamate in synaptic transmission and its prevalence compared to other neurotransmitters. Including this information would have strengthened the response."
Which century did the Greek alphabet acquire its quadrilinear form?,8th century.,The correct answer to the question 'Which century did the Greek alphabet acquire its quadrilinear form?' is: 8th,0.8,"The actual output correctly identifies the 8th century as the answer to the question about the Greek alphabet's quadrilinear form, aligning with the core truth of the expected output. However, it lacks the additional context provided in the expected output, which explicitly states the question and includes a complete sentence structure. While the core truth is present, the response could be improved by incorporating more detail to enhance clarity and comprehensiveness."
What is New Zealand made up of?,"New Zealand is primarily made up of two main islands, the North Island and the South Island, along with numerous smaller islands.",The correct answer to the question 'What is New Zealand made up of?' is: islands,0.4747019564289546,"The actual output provides a detailed description of New Zealand's composition, specifically mentioning the North Island and South Island, which aligns with the expected output's core truth of 'islands.' However, it includes excessive detail that may detract from the simplicity of the expected answer, which is just 'islands.' While the core truth is present, the additional information does not enhance understanding and could confuse the reader."
What renowned publishing company partners with Schwarzenegger in Fitness Publications?,Simon & Schuster.,The correct answer to the question 'What renowned publishing company partners with Schwarzenegger in Fitness Publications?' is: Simon & Schuster,0.8533669429209898,"The actual output correctly identifies Simon & Schuster as the publishing company associated with Schwarzenegger, aligning well with the expected output. However, it lacks the additional context provided in the expected output, which explicitly states the question it answers. While the core truth is present, the response could be improved by including the context of the question to enhance clarity."
What is the biological interaction where a predator feeds on its prey called?,Predation.,The correct answer to the question 'What is the biological interaction where a predator feeds on its prey called?' is: Predation,0.7058122090763286,"The actual output 'Predation' correctly identifies the core truth of the expected output, which is the definition of the biological interaction. However, it lacks the additional context provided in the retrieval context that could enhance understanding, such as the implications of predation on prey populations and the evolutionary aspects. While it is accurate, the response could be improved by including more relevant details without detracting from the core message."
When did Beyonce start becoming popular?,Beyoncé rose to fame in the late 1990s as the lead singer of Destiny's Child.,The correct answer to the question 'When did Beyonce start becoming popular?' is: in the late 1990s,0.779122653888207,"The actual output correctly identifies that Beyoncé rose to fame in the late 1990s, which aligns with the expected output. However, while it provides relevant context about her role in Destiny's Child, it lacks the explicit phrasing of the expected answer format ('in the late 1990s') and does not directly address the question of when she started becoming popular. The additional details enhance understanding but could be seen as slightly detracting from the core truth by not being as concise as the expected output."
How many passenger trips were made by tram in Melbourne between 2013-2014?,176.9 million passenger trips.,The correct answer to the question 'How many passenger trips were made by tram in Melbourne between 2013-2014?' is: 176.9 million,0.9592052492796812,"The actual output accurately states the number of passenger trips made by tram in Melbourne between 2013-2014, which aligns perfectly with the expected output. It conveys the core truth clearly and concisely without any misleading information. Additionally, it directly answers the question posed, fulfilling the evaluation criteria effectively."
Hunt was a significant contributor to what?,Hunt was a significant contributor to the human food supply.,The correct answer to the question 'Hunt was a significant contributor to what?' is: human food supply,0.8012673507297574,"The actual output correctly identifies that hunting was a significant contributor to the human food supply, which aligns with the core truth of the expected output. However, it lacks the explicit phrasing of the question and answer format present in the expected output. While the actual output is accurate and relevant, it could be improved by directly addressing the question format to enhance clarity."
﻿Where were textile factories located?,"Textile factories were located in Nanjing, China, during the Ming and Qing dynasties; Thuringia, Germany; and other regions with significant industrial sectors.",The correct answer to the question 'Where were textile factories located?' is: Jiangnan region,0.31565920938635306,"The actual output mentions textile factories in Nanjing, China, which is relevant to the expected output, but it fails to directly identify the Jiangnan region as the correct answer. While it provides some historical context about Nanjing's textile industry, it does not clearly articulate the core truth of the expected output, which is specifically about the Jiangnan region. The additional details about Thuringia and other regions, while informative, do not enhance the understanding of the core message and may confuse the reader."
Insects with fine scale spatial orientation live in colonies and where else?,Insects with fine-scale spatial orientation live in nests or colonies.,The correct answer to the question 'Insects with fine scale spatial orientation live in colonies and where else?' is: nests,0.38204541913676215,"The actual output mentions that insects with fine-scale spatial orientation live in nests or colonies, which aligns with the expected output's core truth that nests are one of the places they live. However, it fails to explicitly answer the question posed in the expected output, which specifically asks for 'where else' besides colonies. The additional context about insects living in nests does not enhance understanding of the core message, as it does not directly address the question asked."
How much money did Merk make in 1995?,The provided information does not mention any earnings for someone named Merk in 1995.,The correct answer to the question 'How much money did Merk make in 1995?' is: over US$1 billion,0.018131504721845305,"The actual output fails to address the core truth of the expected output, which states that Merk made over US$1 billion in 1995. Instead, it incorrectly claims that there is no mention of earnings for Merk in that year, completely missing the expected information. Additionally, the retrieval context does not provide any relevant details that could support or clarify the expected output regarding Merk's earnings."
What is the danger to humans in regards to the spread of avian flu to humans ?,"The danger to humans from avian flu arises primarily from direct contact with infected live poultry, especially in endemic regions like Southeast Asia. There is a risk of the virus mutating to become highly virulent and infectious in humans, potentially leading to an influenza pandemic.",The correct answer to the question 'What is the danger to humans in regards to the spread of avian flu to humans ?' is: The virus possibly could mutate to become highly virulent and infectious in humans and cause an influenza pandemic.,0.8748697717913672,"The actual output effectively captures the core truth of the expected output by stating that the virus could mutate to become highly virulent and infectious in humans, potentially leading to an influenza pandemic. It also includes relevant details about the risk from direct contact with infected poultry, which enhances understanding without detracting from the main message. However, the response could be slightly more concise to align perfectly with the expected output format."
What famous chain of music-themed restaurants opened its first establishment in London?,Hard Rock Cafe.,The correct answer to the question 'What famous chain of music-themed restaurants opened its first establishment in London?' is: Hard Rock Cafe,0.672251680797409,"The actual output correctly identifies 'Hard Rock Cafe' as the answer, aligning with the core truth of the expected output. However, it lacks the additional context provided in the expected output, which explicitly states the question it answers. While the response is accurate, it could enhance understanding by including the context of the question, making it clearer that it is responding to a specific inquiry."
When was the first Port of Plymouth Regatta?,1823,The correct answer to the question 'When was the first Port of Plymouth Regatta?' is: 1823,0.8140259214046338,"The actual output provides the correct answer '1823', which aligns with the core truth of the expected output. However, it lacks the additional context and phrasing present in the expected output, which explicitly states the question and provides a complete sentence. While the core truth is present, the response could be improved by including more detail to match the expected format."
The Iranian Parliament does not demand environmental impact studies before approving what projects?,Large national development projects.,The correct answer to the question 'The Iranian Parliament does not demand environmental impact studies before approving what projects?' is: large national development projects,0.8131097517555368,"The actual output correctly identifies 'large national development projects' as the answer to the question posed, aligning well with the expected output. However, it lacks the context that the Iranian Parliament does not demand environmental impact studies before approving these projects, which would enhance understanding of the core truth. The response is clear and directly answers the question, but additional context from the retrieval could have strengthened the response further."
How much money has been generated due to the Duck Stamp act?,"Since 1934, the Federal Duck Stamp Act has generated $670 million.",The correct answer to the question 'How much money has been generated due to the Duck Stamp act?' is: $670 million,0.8105472438358559,"The actual output correctly identifies the core truth by stating that the Federal Duck Stamp Act has generated $670 million, which aligns with the expected output. However, it lacks the explicit framing of the answer as a response to the question, which is present in the expected output. While the actual output provides relevant context about the Duck Stamp's purpose and impact, it could be more concise to enhance clarity."
Who gave the teacher the new job ?,His father helped him set up his private practice by contacting Gardiner Greene Hubbard for a recommendation.,The correct answer to the question 'Who gave the teacher the new job ?' is: Pope Pius IX,0.06199117068038344,"The actual output does not address the question of who gave the teacher the new job, which is the core truth of the expected output. Instead, it provides information about Alexander Bell's father helping him set up a private practice, which is irrelevant to the question. There is no alignment with the expected answer, and the additional context does not enhance understanding of the core message."
"When a boy is summoned to the Head Master, what is the experience called?","The experience is called the ""Bill.""","The correct answer to the question 'When a boy is summoned to the Head Master, what is the experience called?' is: the ""Bill""",0.8136177814086929,"The actual output correctly identifies the experience as 'the Bill,' which aligns with the core truth of the expected output. However, it lacks the explicit context of the question being answered, which is important for clarity. While it provides the correct answer, it does not fully articulate that it is responding to the specific question about the Head Master, which slightly detracts from its comprehensiveness."
﻿What professions made up the buld on middle class under Nasser?,"Doctors, engineers, teachers, lawyers, and journalists.","The correct answer to the question 'What professions made up the buld on middle class under Nasser?' is: Doctors, engineers, teachers, lawyers, journalists",0.8648842933158829,"The actual output correctly identifies the professions that made up the middle class under Nasser, aligning well with the expected output. However, it lacks the introductory phrase present in the expected output, which explicitly states that it is the answer to the question posed. While the core truth is present, the absence of this context slightly detracts from the clarity of the response."
In what state is armed robbery a capital crime?,Armed robbery is a capital crime in Georgia.,The correct answer to the question 'In what state is armed robbery a capital crime?' is: Georgia,0.7289415928705104,"The actual output correctly identifies Georgia as the state where armed robbery is a capital crime, aligning with the core truth of the expected output. However, it lacks the explicit phrasing of the expected output, which directly states the question and answer format. While the response is accurate and relevant, it could be improved by including the question context to enhance clarity."
What disease plagued Europe during the Late Middle Ages?,The Black Death.,The correct answer to the question 'What disease plagued Europe during the Late Middle Ages?' is: the Black Death,0.4629206489125893,"The actual output identifies the Black Death as the disease that plagued Europe during the Late Middle Ages, which aligns with the core truth of the expected output. However, it lacks the clarity and completeness of the expected output, which explicitly states the question and provides a full sentence answer. Additionally, while the retrieval context contains relevant details about the Black Death, the actual output does not incorporate any of this context to enhance understanding."
What are the implications for third world countries with regards to child labour?,"Child labour in third world countries perpetuates poverty, limits educational opportunities, and leads to low-skill, poorly paid adult jobs. It results in a cycle of illiteracy and economic stagnation, as children work instead of attending school. Addressing child labour requires tackling underlying poverty and improving access to quality education.",The correct answer to the question 'What are the implications for third world countries with regards to child labour?' is: low-skill jobs only capable of producing poor quality cheap exports,0.4483961174733101,"The actual output discusses the implications of child labour in third world countries, highlighting issues like poverty and lack of education, which are relevant but do not directly address the expected output's focus on low-skill jobs and poor quality exports. While it provides a broader context, it lacks the specific core truth of the expected output, leading to a misalignment."
Where did the 2013 Open World Taekwondo Challenge Cup take place?,Tongeren.,The correct answer to the question 'Where did the 2013 Open World Taekwondo Challenge Cup take place?' is: Tongeren,0.8524574624677784,"The actual output correctly identifies Tongeren as the location of the 2013 Open World Taekwondo Challenge Cup, which aligns with the core truth of the expected output. However, it lacks the additional context provided in the expected output, such as the phrasing of the question and the explicit statement of the answer. While it is concise, it could benefit from a more comprehensive presentation that mirrors the expected output's structure."
Where did Centro open it's first store of 2014?,Centro opened its first store in Medan in 2014.,The correct answer to the question 'Where did Centro open it's first store of 2014?' is: Medan,0.6502952578627773,"The actual output correctly identifies Medan as the location where Centro opened its first store in 2014, aligning with the core truth of the expected output. However, it lacks the explicit phrasing of the question and the format of the expected answer, which diminishes its clarity. While the additional context about Centro's acquisition by Parkson is relevant, it does not directly enhance the understanding of the core question, which could have been more succinctly addressed."
How long did the armistice talks last?,The armistice talks lasted for two years.,The correct answer to the question 'How long did the armistice talks last?' is: two years,0.8723148440430251,"The actual output correctly identifies the duration of the armistice talks as two years, which aligns with the expected output. However, it lacks the explicit framing of the answer as a response to the question posed, which is a minor shortcoming. The additional context provided in the retrieval context enhances understanding of the negotiations but is not directly referenced in the output."
What do some police departments make detectives go back to periodically?,Some police departments require detectives to periodically return to patrol duties.,The correct answer to the question 'What do some police departments make detectives go back to periodically?' is: patrol duties,0.7904601893989552,"The actual output correctly identifies that some police departments require detectives to return to patrol duties, which aligns with the core truth of the expected output. However, it lacks the explicit phrasing of the question and answer format present in the expected output, which could enhance clarity. The additional context provided in the retrieval context supports the statement but is not directly referenced in the actual output, which could have further strengthened the response."
When will a new international school open in Brasilia?,August 2016.,The correct answer to the question 'When will a new international school open in Brasilia?' is: August 2016,0.8475025564952254,"The actual output provides the correct answer, 'August 2016', which aligns with the expected output. However, it lacks the context of the question regarding the opening of a new international school in Brasilia, which could enhance understanding. While the core truth is present, additional relevant details from the retrieval context about the new school could have been included to provide a fuller picture."
What was the French view about the dismemberment of Prussia?,"The text does not explicitly state the French view on the dismemberment of Prussia, but it indicates that France opposed the strengthening of Prussia through the unification of German states, which suggests a negative stance towards Prussian power.",The correct answer to the question 'What was the French view about the dismemberment of Prussia?' is: saw the complete dismemberment of Prussia as unacceptable to the stability of Central Europe.,0.5842247479419596,"The actual output identifies France's opposition to the strengthening of Prussia, which aligns with the core truth of the expected output regarding France's negative view on Prussian power. However, it lacks the explicit mention of France seeing the complete dismemberment of Prussia as unacceptable, which is a key detail in the expected output. While the actual output provides relevant context, it does not fully address the specific question asked."
﻿Why was Crystal Bowersox in the hospital during the week of the top 20 on American Idol?,Crystal Bowersox was hospitalized due to diabetic ketoacidosis.,The correct answer to the question 'Why was Crystal Bowersox in the hospital during the week of the top 20 on American Idol?' is: diabetic ketoacidosis,0.942459773495645,"The actual output directly addresses the core truth of the expected output by stating that Crystal Bowersox was hospitalized due to diabetic ketoacidosis, which is the specific reason asked in the question. It aligns perfectly with the expected output, providing the correct medical condition without any deviation. Additionally, it reflects the retrieval context accurately, which confirms the details surrounding her hospitalization during the American Idol week."
What was the first commercial solar concentrating system?,"The first commercial solar concentrating system was Shuman's solar thermal power station in Maadi, Egypt, built between 1912 and 1913.","The correct answer to the question 'What was the first commercial solar concentrating system?' is: Solar Total Energy Project (STEP) in Shenandoah, Georgia, USA",0.20595427448087578,"The actual output identifies Shuman's solar thermal power station as the first commercial solar concentrating system, which is incorrect according to the expected output that states the first system is the Solar Total Energy Project (STEP). While the actual output provides historical context about Shuman's work, it fails to address the core truth of the expected output, leading to a significant misalignment."
"What is the most important part of ""Wealth""?","The most important part of ""Wealth"" is that wealth depends on the division of labor, market volume, and the balance between productive and unproductive labor.","The correct answer to the question 'What is the most important part of ""Wealth""?' is: the division of labour",0.6246703200106556,"The actual output identifies key components of wealth, such as the division of labor, which aligns with the core truth of the expected output. However, it is more detailed than necessary, introducing concepts like market volume and the balance between productive and unproductive labor, which, while relevant, detract from the simplicity of the expected answer. The core truth is present, but the additional details may confuse the main point."
Food goes in to the midgut after leaving where?,Food goes into the midgut after leaving the crop.,The correct answer to the question 'Food goes in to the midgut after leaving where?' is: the crop,0.8,"The actual output correctly identifies that food goes into the midgut after leaving the crop, which aligns with the core truth of the expected output. However, it lacks the explicit phrasing of the question and answer format present in the expected output, which diminishes clarity. The additional context about the midgut enhances understanding but is not necessary for answering the core question."
Where is the Baha'i national office located in Nepal?,"The Baha'i national office in Nepal is located in Shantinagar, Baneshwor.","The correct answer to the question 'Where is the Baha'i national office located in Nepal?' is: Shantinagar, Baneshwor",0.998201378944572,"The actual output directly answers the question about the location of the Baha'i national office in Nepal, providing the exact location 'Shantinagar, Baneshwor' as stated in the expected output. It aligns perfectly with the core truth of the expected output and includes relevant context from the retrieval data that confirms the existence of the Baha'i national office in that location, enhancing understanding without deviating from the core truth."
What grounds the distinction between sequences?,"The distinction between sequences is grounded in their chronological order and causality relationships, where cause precedes effect, and the context in which they are applied, such as storytelling, procedures, or scientific processes.",The correct answer to the question 'What grounds the distinction between sequences?' is: asymmetry,0.297632281382745,"The actual output discusses the chronological order and causality relationships in sequences, which is somewhat related to the expected output's focus on 'asymmetry' as the core truth. However, it fails to directly address the expected answer and does not clearly articulate the concept of asymmetry, leading to a lack of alignment with the evaluation steps. While it provides relevant context about sequences, it does not enhance understanding of the core truth and instead diverts from it."
What was the second american territory the English attempted to colonize?,The second American territory the English attempted to colonize was Roanoke Island.,The correct answer to the question 'What was the second american territory the English attempted to colonize?' is: North Carolina,0.3091291469789704,"The actual output identifies Roanoke Island as the second territory attempted for colonization, which is partially correct but does not align with the expected output that specifies North Carolina as the answer. While the retrieval context provides relevant historical details, the actual output fails to directly answer the question posed, leading to a significant shortcoming in alignment with the evaluation steps."
Who was the only female sultana to be enthroned in a Indo-Islamic empire?,Razia Sultana (1236–1240).,The correct answer to the question 'Who was the only female sultana to be enthroned in a Indo-Islamic empire?' is: Razia Sultana,0.5200518643006117,"The actual output identifies Razia Sultana and provides her reign dates, which aligns with the expected output's core truth of identifying her as the only female sultana in an Indo-Islamic empire. However, it lacks the explicit phrasing of the question and the complete context that enhances understanding, which detracts from its effectiveness in conveying the core message."
What 1925 cartoon made speech bubbles popular?,Zig et Puce.,The correct answer to the question 'What 1925 cartoon made speech bubbles popular?' is: Zig et Puce,0.8825836873057374,"The actual output correctly identifies 'Zig et Puce' as the answer to the question about the 1925 cartoon that popularized speech bubbles, aligning well with the expected output. However, it lacks the introductory phrase present in the expected output, which explicitly states the question and the answer format. This minor omission prevents a perfect score, but the core truth is accurately represented."
Guinea-Bissau has a history of what since independence?,Political instability.,The correct answer to the question 'Guinea-Bissau has a history of what since independence?' is: political instability,0.8597799075122335,"The actual output 'Political instability.' captures the core truth of the expected output, which states that Guinea-Bissau has a history of political instability since independence. However, it lacks the context of being the answer to a specific question, which is a minor shortcoming. The retrieval context provides additional relevant details about Guinea-Bissau's history, but the actual output does not incorporate any of this context, which could enhance understanding. Overall, the core truth is present and accurately represented."
﻿Who did Johan Cruyff name his son after?,Johan Cruyff named his son Jordi after the local Catalan Saint George.,The correct answer to the question 'Who did Johan Cruyff name his son after?' is: Catalan Saint George,0.7555290393721111,"The actual output correctly identifies that Johan Cruyff named his son Jordi after the local Catalan Saint George, which aligns with the core truth of the expected output. However, while it provides additional context about Cruyff's choice and its significance, it could be more concise to enhance clarity. The core truth is present, but the extra details, while relevant, slightly detract from the straightforwardness of the expected answer."
Who describes the many reasons for Sweden's heavy involvement in a cappella?,Richard Sparks.,The correct answer to the question 'Who describes the many reasons for Sweden's heavy involvement in a cappella?' is: Richard Sparks,0.7791869778063469,"The actual output correctly identifies Richard Sparks as the individual who describes Sweden's involvement in a cappella, aligning with the expected output. However, it lacks the full context of the question, which specifies that the answer should be framed as a complete sentence. While the core truth is present, the response could be improved by including the phrasing from the expected output to enhance clarity and completeness."
During which years did Nikolai Durkin visit Alaska?,1764–1765.,The correct answer to the question 'During which years did Nikolai Durkin visit Alaska?' is: 1764–1765,0.8916882927914711,"The actual output correctly identifies the years 1764–1765 as the period during which Nikolai Daurkin visited Alaska, aligning well with the expected output. However, it lacks the introductory context provided in the expected output, which explicitly states that this is the answer to the question posed. While the core truth is present, the absence of a clear connection to the question diminishes the overall clarity and completeness of the response."
What genre of book is To Kill a Mockingbird?,Southern Gothic and Bildungsroman.,The correct answer to the question 'What genre of book is To Kill a Mockingbird?' is: Southern Gothic novel,0.588610607641461,"The actual output identifies two genres, 'Southern Gothic' and 'Bildungsroman', which aligns with the expected output's identification of 'Southern Gothic novel'. However, it lacks the specificity of the term 'novel' and does not explicitly state that it is the correct answer to the question posed. While it provides additional relevant details by mentioning both genres, it does not detract from the core truth, but it could be clearer in affirming the expected output."
What NBA team hails from Oklahoma City?,Oklahoma City Thunder.,The correct answer to the question 'What NBA team hails from Oklahoma City?' is: Thunder,0.8319447098160099,"The actual output correctly identifies the Oklahoma City Thunder as the NBA team from Oklahoma City, aligning with the core truth of the expected output. However, it lacks the explicit phrasing found in the expected output, which states the answer in a complete sentence. While the actual output is concise, it could benefit from additional context or detail to enhance its comprehensiveness, as seen in the retrieval context."
What dynasty controlled Germany in the early High Middle Ages?,The Ottonian dynasty.,The correct answer to the question 'What dynasty controlled Germany in the early High Middle Ages?' is: Ottonian,0.5533438409132889,"The actual output identifies the Ottonian dynasty, which is the correct answer to the question about the dynasty controlling Germany in the early High Middle Ages. However, it lacks the clarity and completeness of the expected output, which explicitly states the question and provides a more structured response. While the core truth is present, the response could benefit from additional context or detail to enhance understanding without detracting from the main point."
Which department's faculty can be associated with university hospitals?,Faculty from the School of Medicine can be associated with university hospitals.,The correct answer to the question 'Which department's faculty can be associated with university hospitals?' is: medicine,0.5124129061118352,"The actual output identifies the association of faculty from the School of Medicine with university hospitals, which aligns with the core truth of the expected output. However, it lacks the specificity of directly answering the question posed in the expected output, which is to identify the department as 'medicine.' While the output provides relevant context, it does not enhance understanding of the core message and could be clearer in directly addressing the question."
"Along with a chemical process, what type of process is used by night vision devices to convert infrared into visible light?",An electrical process.,"The correct answer to the question 'Along with a chemical process, what type of process is used by night vision devices to convert infrared into visible light?' is: electrical",0.7158218558258646,"The actual output correctly identifies the core truth of the expected output by stating 'An electrical process,' which aligns with the expected answer of 'electrical.' However, it lacks the context and clarity provided in the expected output, which explicitly connects the answer to the question about night vision devices. While the retrieval context offers relevant details about the processes involved, the actual output does not utilize this information to enhance its response."
What epidemic did the FAA have to handle in the 1960s?,The FAA had to handle the hijacking epidemic in the 1960s.,The correct answer to the question 'What epidemic did the FAA have to handle in the 1960s?' is: hijacking,0.6572659023656953,"The actual output correctly identifies the hijacking epidemic as a significant issue the FAA had to handle in the 1960s, aligning with the core truth of the expected output. However, it lacks the explicit phrasing of the expected answer, which is simply 'hijacking.' While the additional context about the FAA's evolving role in civil aviation security is relevant, it could be seen as somewhat extraneous, detracting from the clarity of the core message."
List the artists who were featured in the Salon d'Automne? ,"Artists featured in the Salon d'Automne included Georges Braque, Pablo Picasso, Jean Metzinger, Albert Gleizes, Robert Delaunay, Henri Le Fauconnier, Fernand Léger, Juan Gris, André Lhote, Marcel Duchamp, Jacques Villon, Roger de La Fresnaye, André Dunoyer de Segonzac, and František Kupka.","The correct answer to the question 'List the artists who were featured in the Salon d'Automne? ' is: André Lhote, Marcel Duchamp, Jacques Villon, Roger de La Fresnaye, André Dunoyer de Segonzac and František Kupka",0.807344334456098,"The actual output lists a comprehensive set of artists featured in the Salon d'Automne, including all those mentioned in the expected output. While it includes additional artists like Georges Braque and Pablo Picasso, which are relevant to the context, it does not detract from the core truth of the expected output. However, the expected output is more concise and directly answers the question, which slightly lowers the score."
﻿Currently window glass is made as what?,"Currently, window glass is made as float glass.",The correct answer to the question 'Currently window glass is made as what?' is: float glass,0.8038097783863563,"The actual output correctly identifies that window glass is made as float glass, which aligns with the expected output. However, it lacks the explicit phrasing of the expected output, which states the answer should be presented as a complete sentence. While the additional context about glass production enhances understanding, it slightly detracts from the directness of the response to the specific question asked."
"Where is the ""Lotte Shopping Avenue"" located? ","The information provided does not mention ""Lotte Shopping Avenue.""","The correct answer to the question 'Where is the ""Lotte Shopping Avenue"" located? ' is: Ciputra World Jakarta complex",0.20929305931451386,"The actual output fails to provide the location of 'Lotte Shopping Avenue,' which is the core truth of the expected output. While it correctly states that the information does not mention the location, it does not address the expected answer, which is 'Ciputra World Jakarta complex.' The response lacks any relevant details from the retrieval context that could enhance understanding or provide additional context about the location."
What event is more relevant to Espanyol supporters than to Barcelona fans?,The local derby (derbi) is more relevant to Espanyol supporters than to Barcelona fans.,The correct answer to the question 'What event is more relevant to Espanyol supporters than to Barcelona fans?' is: derbi,0.6239880693767776,"The actual output identifies the core truth that the local derby is more relevant to Espanyol supporters than to Barcelona fans, which aligns with the expected output. However, it does not explicitly state 'derbi' as the answer to the question posed, which is a key detail in the expected output. While the retrieval context provides relevant background information about the rivalry, it does not enhance the clarity of the actual output in relation to the expected answer."
Which town was the site of General von Steinmetz's grave error?,Spicheren.,The correct answer to the question 'Which town was the site of General von Steinmetz's grave error?' is: Spicheren,0.7921104086494963,"The actual output correctly identifies 'Spicheren' as the answer to the question regarding General von Steinmetz's grave error, aligning with the core truth of the expected output. However, it lacks the additional context provided in the expected output, which explicitly states the question and the phrase 'The correct answer to the question...'. While the core truth is present, the response could be improved by including more context or detail to enhance clarity and comprehensiveness."
What allows unhindered light and thermal radiation?,"Thermal radiation can propagate through a vacuum, allowing unhindered light and thermal radiation.",The correct answer to the question 'What allows unhindered light and thermal radiation?' is: dissolution of clouds,0.1975872310563673,"The actual output discusses thermal radiation's ability to propagate through a vacuum, which is related to the topic but does not address the expected output's core truth about the dissolution of clouds allowing unhindered light and thermal radiation. While it provides some relevant details about thermal radiation, it fails to answer the specific question posed in the expected output."
"At what location was the ""Flying Chair"" installed in 1845?",Royal Palace of Caserta.,"The correct answer to the question 'At what location was the ""Flying Chair"" installed in 1845?' is: Royal Palace of Caserta",0.8320821287837055,"The actual output correctly identifies the location of the 'Flying Chair' as the Royal Palace of Caserta, which aligns with the core truth of the expected output. However, it lacks the additional context provided in the retrieval context that could enhance understanding, such as details about the elevator's design and functionality. While the answer is accurate and concise, it could be improved by incorporating relevant details from the context to provide a more comprehensive response."
Who is the President of Nigeria?,"As of March 28, 2015, the President of Nigeria is Muhammadu Buhari.",The correct answer to the question 'Who is the President of Nigeria?' is: Goodluck Jonathan,0.023200911200176637,"The actual output incorrectly states that Muhammadu Buhari is the President of Nigeria as of March 28, 2015, while the expected output claims that Goodluck Jonathan is the correct answer. This fundamental discrepancy indicates a complete misalignment with the expected output, as the core truth is not represented at all. Additionally, the retrieval context provides relevant historical information about the presidency but does not support the actual output's claim, further detracting from its accuracy."
What will IBM use to analyze weather and make predictions?,IBM will use Watson for weather analytics and predictions.,The correct answer to the question 'What will IBM use to analyze weather and make predictions?' is: Watson,0.8086081182825418,"The actual output correctly identifies Watson as the tool IBM will use for weather analytics and predictions, directly addressing the core truth of the expected output. However, it lacks the explicit phrasing of the question and the format of the expected output, which could enhance clarity and alignment with the evaluation steps. The response is relevant and informative, drawing from the retrieval context effectively, but it could be more concise and structured to match the expected format more closely."
Who is the person that started the religion that separated itself from the Catholic Church in the 17th century ?,The religion that separated itself from the Catholic Church in the 17th century began with King Henry VIII of England.,The correct answer to the question 'Who is the person that started the religion that separated itself from the Catholic Church in the 17th century ?' is: Martin Luther,0.20660104071675062,"The actual output incorrectly attributes the separation from the Catholic Church to King Henry VIII, while the expected output correctly identifies Martin Luther as the key figure in the Reformation. The core truth of the expected output is not present in the actual output, leading to a significant misalignment. Additionally, the retrieval context provides relevant historical details about the English Reformation but does not support the actual output's claim, further detracting from its accuracy."
What was the major cause of the separation between the Luftwaffe and the other military structure?,"The major cause of the separation between the Luftwaffe and other military structures was Hermann Göring's jealousy and his defense of his ""empire,"" coupled with Hitler's insistence on an undivided Luftwaffe, which hindered integration and cooperation with the Kriegsmarine.",The correct answer to the question 'What was the major cause of the separation between the Luftwaffe and the other military structure?' is: communications gap,0.2690138964805967,"The actual output identifies Hermann Göring's jealousy and Hitler's insistence on an undivided Luftwaffe as key factors in the separation, which somewhat aligns with the expected output's core truth of a communications gap. However, it fails to directly mention the 'communications gap' as the major cause, leading to a significant misalignment with the expected answer. While the additional context provides relevant historical details, it does not enhance the understanding of the core truth as required."
﻿What does OMOV stand for?,"The provided information does not mention ""OMOV.""","The correct answer to the question 'What does OMOV stand for?' is: one member, one vote",0.17267638047106035,"The actual output fails to provide the core truth of the expected output, which is the definition of 'OMOV' as 'one member, one vote.' Instead, it only states that 'OMOV' is not mentioned, which does not address the question. There is no additional relevant detail that enhances understanding, and the response does not align with the evaluation steps regarding the articulation of the expected output."
What is the average winter daytime temperature in the Piedmont?,Upper 40s to lower 50s °F (8–12 °C).,The correct answer to the question 'What is the average winter daytime temperature in the Piedmont?' is: upper 40s–lower 50s °F,0.8213732153282315,"The actual output correctly identifies the average winter daytime temperature in the Piedmont as upper 40s to lower 50s °F, which aligns with the expected output. However, it lacks the introductory phrase that clearly states it as the answer to the specific question, which slightly detracts from clarity. The output does not include additional relevant details from the retrieval context, but it remains focused on the core truth."
"To pay off the people they owed, Greece had to accept what?",Greece had to accept austerity measures and implement reforms to secure financial assistance.,"The correct answer to the question 'To pay off the people they owed, Greece had to accept what?' is: International Financial Control authority",0.32809091501861465,"The actual output mentions austerity measures and reforms, which are related to Greece's financial situation, but it fails to directly address the expected output regarding the 'International Financial Control authority.' The core truth of the expected output is not clearly articulated in the actual output, leading to a significant misalignment. While the actual output provides some context about Greece's financial struggles, it does not enhance understanding of the specific answer required."
What does the term Länder date back to?,The term Länder dates back to the Weimar Constitution of 1919.,The correct answer to the question 'What does the term Länder date back to?' is: the Weimar Constitution of 1919,0.7985138160567344,"The actual output correctly identifies that the term Länder dates back to the Weimar Constitution of 1919, which aligns with the core truth of the expected output. However, it lacks the explicit phrasing of the expected output, which would enhance clarity. While the additional context about the term's usage and historical background is relevant and informative, it could potentially distract from the core answer if not carefully integrated."
What tour did Elizabeth take in 1953?,"In 1953, Elizabeth undertook a seven-month round-the-world tour.",The correct answer to the question 'What tour did Elizabeth take in 1953?' is: round-the-world tour,0.7892582199243645,"The actual output correctly identifies the tour Elizabeth undertook in 1953 as a 'seven-month round-the-world tour,' which aligns with the expected output's core truth. However, while it provides relevant details about the tour, such as the duration and the nature of the trip, it could have explicitly stated that this was the answer to the question posed, which would enhance clarity and direct alignment with the expected output format."
On what island did the Dutch set up a settlement to trade furs?,Governors Island.,The correct answer to the question 'On what island did the Dutch set up a settlement to trade furs?' is: Governors Island,0.7873795868955483,"The actual output correctly identifies 'Governors Island' as the answer to the question about where the Dutch set up a settlement to trade furs, aligning well with the expected output. However, it lacks the additional context provided in the retrieval context that could enhance understanding, such as the historical significance of the settlement and its role in New Netherland. Including such details would have strengthened the response without detracting from the core truth."
What year is Hebron projected to start producing oil in St. John's?,2017,The correct answer to the question 'What year is Hebron projected to start producing oil in St. John's?' is: 2017,0.8705125011084156,"The actual output correctly identifies the year 2017 as the projected start of oil production for Hebron, which aligns with the core truth of the expected output. While the expected output provides a more detailed phrasing, the actual output succinctly conveys the essential information. It could be improved by including the context of the question explicitly, but it does not detract from the core truth."
What regional ITV station serves Plymouth?,ITV West Country.,The correct answer to the question 'What regional ITV station serves Plymouth?' is: ITV West Country,0.832633649642689,"The actual output correctly identifies the regional ITV station serving Plymouth as 'ITV West Country', which aligns with the core truth of the expected output. However, it lacks the explicit phrasing of the question and the introductory context provided in the expected output. While it does not deviate from the core truth, it could have been more comprehensive by including additional context from the retrieval information about the station's history or significance in the region."
What policies did a State Department official accuse UNFPA of helping China carry out?,A State Department official accused UNFPA of helping China carry out coercive abortions and involuntary sterilizations.,The correct answer to the question 'What policies did a State Department official accuse UNFPA of helping China carry out?' is: population control policies,0.475157552747164,"The actual output identifies the accusation against UNFPA regarding coercive abortions and involuntary sterilizations, which aligns with the expected output's focus on population control policies. However, it fails to explicitly state that these accusations relate to population control policies, which is the core truth of the expected output. While the retrieval context provides relevant background information, the actual output does not fully capture the essence of the expected answer."
"In all reference frames, how is the the speed of light?","The speed of light is constant and the same in all reference frames, regardless of the observer's motion.","The correct answer to the question 'In all reference frames, how is the the speed of light?' is: the same",0.7675592769000423,"The actual output correctly identifies the core truth that the speed of light is constant in all reference frames, aligning well with the expected output's assertion that it is 'the same.' However, the actual output provides additional context and detail about the implications of this constancy, which, while informative, slightly diverges from the simplicity of the expected output. Overall, it effectively answers the core question while enhancing understanding."
﻿When was the Ottoman empire founded?,The Ottoman Empire was founded in 1299.,The correct answer to the question 'When was the Ottoman empire founded?' is: 1299,0.7975872308535266,"The actual output correctly identifies the founding year of the Ottoman Empire as 1299, which aligns with the core truth of the expected output. However, it lacks the explicit phrasing of the question and the context provided in the expected output, which could enhance clarity. While the response is accurate, it could be improved by incorporating the question format to better match the expected output's structure."
Who was depicted with the Empress Zoe on a panel in the gallery of the Hagia Sophia?,Christ was depicted with the Empress Zoe on a panel in the gallery of the Hagia Sophia.,The correct answer to the question 'Who was depicted with the Empress Zoe on a panel in the gallery of the Hagia Sophia?' is: Constantine Monomachos,0.3985381512180583,"The actual output identifies Christ being depicted with Empress Zoe, which is relevant to the expected output. However, it fails to mention Constantine Monomachos, who is the correct answer to the question posed. While the output provides some context about the artwork, it does not accurately represent the core truth of the expected output, which specifically names Constantine Monomachos."
What are some names of derivatives?,The text does not mention any derivatives. Please provide more context or specify the area of interest regarding derivatives.,"The correct answer to the question 'What are some names of derivatives?' is: credit default swaps, collateralized debt obligations and synthetic CDOs",0.11914217764058913,"The actual output fails to address the core truth of the expected output, which specifically lists names of derivatives. Instead, it incorrectly states that derivatives are not mentioned and requests more context, which does not align with the expected response. There is no relevant information provided that enhances understanding of derivatives, leading to a significant shortcoming in fulfilling the evaluation criteria."
What is the name of the war monument located at the peak of East Rock?,Soldiers and Sailors war monument.,The correct answer to the question 'What is the name of the war monument located at the peak of East Rock?' is: Soldiers and Sailors,0.7775121193430794,"The actual output correctly identifies the name of the war monument as 'Soldiers and Sailors', which aligns with the expected output. However, it lacks the context of the question being answered, specifically mentioning 'located at the peak of East Rock', which is crucial for clarity. The response is accurate but could be improved by explicitly stating the connection to the question."
What is the only professional sports team in North Carolina?,The Carolina Hurricanes.,The correct answer to the question 'What is the only professional sports team in North Carolina?' is: National Hockey League's Carolina Hurricanes,0.5276983598307862,"The actual output identifies the Carolina Hurricanes as the professional sports team in North Carolina, which aligns with the expected output. However, it lacks the additional context that specifies the team is part of the National Hockey League and does not mention its significance as the only major league team to have won a championship. While the core truth is present, the response could be improved by including these details for a more complete answer."
How does a US NPO apply for tax exempt status?,"A US NPO applies for tax-exempt status by submitting an application to the Internal Revenue Service (IRS) to ensure it meets the criteria for tax exemption, including purpose and spending limitations.",The correct answer to the question 'How does a US NPO apply for tax exempt status?' is: applying to the Internal Revenue Service (IRS),0.6303832258269387,"The actual output correctly identifies that a US NPO applies to the IRS for tax-exempt status, which aligns with the core truth of the expected output. However, it includes additional details about the criteria for tax exemption and the process, which, while relevant, detracts from the simplicity of the expected answer. The extra information could confuse the reader rather than enhance understanding, leading to a lower score."
Who won the last election at Reichstag?,The Social Democrats won the last Reichstag election in Strasbourg and its periphery.,The correct answer to the question 'Who won the last election at Reichstag?' is: Social Democrats,0.8048522096962305,"The actual output correctly identifies the Social Democrats as the winners of the last Reichstag election, aligning with the core truth of the expected output. However, it includes additional context about the election in Strasbourg and its periphery, which, while informative, may detract slightly from the clarity of the direct answer. Overall, the core question is answered accurately, but the extra details could be seen as excessive."
Which was the third party?,The third party mentioned is the Whig Party.,The correct answer to the question 'Which was the third party?' is: The military,0.07362973716773663,"The actual output incorrectly identifies the third party as the Whig Party, while the expected output states it is 'The military.' This shows a complete misalignment with the core truth of the expected output, as the actual output does not address the question correctly. Additionally, the retrieval context does not support the claim made in the actual output, further emphasizing the lack of relevance and accuracy."
What was the earthquake named?,Wenchuan earthquake.,The correct answer to the question 'What was the earthquake named?' is: the Great Sichuan earthquake,0.27570381018621315,"The actual output identifies the earthquake as the Wenchuan earthquake, which is a correct name but does not align with the expected output that specifies 'the Great Sichuan earthquake.' The core truth of the expected output is not fully articulated, as it lacks the broader context and significance of the name. While the retrieval context provides relevant details about the earthquake, the actual output fails to incorporate this information to enhance understanding."
How many Greeks do they believe would be an accurate number for census numbers ?,"Estimates of Greeks living outside Greece and Cyprus range from around 3 million to nearly 7 million, with George Prevelakis suggesting just below 5 million.",The correct answer to the question 'How many Greeks do they believe would be an accurate number for census numbers ?' is: World Council of Hellenes Abroad put the figure at around 7 million worldwide,0.5190592429353321,"The actual output provides a range of estimates for the number of Greeks living outside Greece and Cyprus, which includes the figure of around 7 million from the World Council of Hellenes Abroad, aligning partially with the expected output. However, it lacks a clear articulation of the core truth regarding the census numbers, as it presents multiple estimates without directly answering the specific question posed in the expected output. While it includes relevant context, it does not enhance understanding of the core message effectively."
﻿What countries joined Britain as allies?,"Initially, Britain had no major allies during the American War of Independence, but later the major Allied participants included the United States, Republic of China, Australia, New Zealand, Canada, Netherlands, and others.",The correct answer to the question 'What countries joined Britain as allies?' is: lacking any substantial ally,0.19999999999999998,"The actual output incorrectly states that Britain had major allies during the American War of Independence, which directly contradicts the expected output that asserts Britain lacked substantial allies. While the actual output provides some context about Britain's situation, it fails to align with the core truth of the expected output, leading to a significant misalignment."
Why did millions of youth migrate to the urban areas of Iran in the mid 1970s?,Millions of youth migrated to urban areas in Iran in the mid-1970s seeking construction jobs during the economic boom caused by the 1973 spike in oil prices.,The correct answer to the question 'Why did millions of youth migrate to the urban areas of Iran in the mid 1970s?' is: construction jobs,0.7593026661416021,"The actual output correctly identifies the core truth of the expected output by stating that millions of youth migrated to urban areas in Iran seeking construction jobs. It provides additional context about the economic boom caused by the 1973 oil price spike, which enhances the understanding of the migration. However, while it is comprehensive, it could be more concise to align better with the expected output's directness."
Where did the chartered flight from Taiwan land?,Chengdu Shuangliu International Airport.,The correct answer to the question 'Where did the chartered flight from Taiwan land?' is: Chengdu,0.7819244933589053,"The actual output correctly identifies the airport where the flight landed, which aligns with the core truth of the expected output. However, it does not explicitly mention that the flight from Taiwan landed in Chengdu, which is the essence of the expected answer. The additional detail about the airport enhances context but slightly diverges from the simplicity of the expected response."
What year was the Legend of Zelda:Twilight Princess originally planned for release?,2005,The correct answer to the question 'What year was the Legend of Zelda:Twilight Princess originally planned for release?' is: 2005,0.6646301058564049,"The actual output provides the correct year, 2005, which aligns with the core truth of the expected output. However, it lacks the additional context and clarity present in the expected output, which explicitly states the question and provides a complete sentence. While the core truth is present, the response could be improved by including more context to enhance understanding."
"In hopes of not repeating another mistake, which show did PepsiCo sponsor?",PepsiCo sponsored The X Factor.,"The correct answer to the question 'In hopes of not repeating another mistake, which show did PepsiCo sponsor?' is: The X Factor",0.8193417811266887,"The actual output correctly identifies that PepsiCo sponsored The X Factor, which aligns with the core truth of the expected output. However, it lacks the explicit framing of the answer as a response to the specific question posed, which diminishes clarity. While the core truth is present, the absence of context from the retrieval information that explains the significance of this sponsorship could enhance understanding."
In what type of settlement did most Jews live?,Most Jews live in urban areas.,The correct answer to the question 'In what type of settlement did most Jews live?' is: cities,0.6179783059006689,"The actual output correctly identifies that most Jews live in urban areas, which aligns with the core truth of the expected output that most Jews live in cities. However, it lacks the explicit mention of 'cities' as the answer to the question posed, which is a key detail in the expected output. While the actual output is accurate, it does not fully articulate the expected response, leading to a partial alignment."
Why did SIgmund believe all humans are born bisexual?,"Freud believed all humans are born bisexual because, anatomically and psychologically, they incorporate aspects of both sexes. He suggested that while dominant traits develop during sexual maturation, desires from both masculine and feminine sides persist throughout adulthood.","The correct answer to the question 'Why did SIgmund believe all humans are born bisexual?' is: this was true anatomically and therefore also psychologically, with sexual attraction to both sexes being one part of this psychological bisexuality",0.81054724400542,"The actual output captures the core truth of the expected output by stating that Freud believed all humans are born bisexual due to anatomical and psychological factors. It effectively conveys the idea that sexual attraction to both sexes is part of this psychological bisexuality. However, while it includes relevant details about the development of dominant traits, it could be more concise and directly aligned with the phrasing of the expected output, which emphasizes the connection between anatomy and psychology more explicitly."
In what year did Francesco Mario Pagano publish Saggi Politici?,Francesco Mario Pagano published Saggi Politici in 1783.,The correct answer to the question 'In what year did Francesco Mario Pagano publish Saggi Politici?' is: 1783,0.8021789378682203,"The actual output correctly identifies the year of publication for 'Saggi Politici' as 1783, which aligns with the core truth of the expected output. However, it lacks the explicit framing of the answer as a response to the question, which is present in the expected output. While it provides the correct information, it could be improved by including a more direct answer format. Overall, it is accurate and relevant, but slightly less formal than the expected response."
How are DBMSs classified?,"DBMSs are classified according to the database model they support, with the relational model (represented by SQL) being the most popular.",The correct answer to the question 'How are DBMSs classified?' is: according to the database model that they support,0.6740434705603306,"The actual output correctly identifies that DBMSs are classified according to the database model they support, which aligns with the core truth of the expected output. However, it adds extra information about the relational model and SQL, which, while relevant, detracts slightly from the simplicity of the expected answer. The retrieval context provides additional details that could enhance understanding, but the actual output could be more concise to better match the expected output's clarity."
The Germans developed the Lorenz into what system?,The Germans developed the Lorenz into the Knickebein aid system.,The correct answer to the question 'The Germans developed the Lorenz into what system?' is: Knickebein,0.6869874198395964,"The actual output correctly identifies that the Germans developed the Lorenz into the Knickebein aid system, which aligns with the core truth of the expected output. However, it lacks the explicit phrasing of the question and answer format present in the expected output, which diminishes clarity. The retrieval context provides relevant background information about the Lorenz system and its development, enhancing understanding, but the actual output could have been more directly aligned with the expected format."
﻿Greece's climate is affected by what range?,The Pindus mountain range.,The correct answer to the question 'Greece's climate is affected by what range?' is: Pindus mountain range,0.7397661686293499,"The actual output correctly identifies the Pindus mountain range as the answer to the question about Greece's climate, aligning with the core truth of the expected output. However, it lacks the explicit phrasing of the expected output, which includes the context of the question. While the actual output is concise, it could benefit from a more comprehensive presentation that mirrors the expected format, but it does not detract from the correctness of the answer."
What would the first scientists have been considered?,Natural philosophers.,The correct answer to the question 'What would the first scientists have been considered?' is: natural philosophers,0.7874974025961734,"The actual output correctly identifies the first scientists as 'natural philosophers,' which aligns with the expected output. However, it lacks the explicit phrasing found in the expected output that clarifies it as the answer to the specific question posed. While the core truth is present, the response could be improved by directly addressing the question format."
The setting the mandolin was used in until the 1930's was? ,"The mandolin was used in folk music, classical traditions, mandolin orchestras, and in the ""mandolin craze"" during the early 20th century until the 1930s.",The correct answer to the question 'The setting the mandolin was used in until the 1930's was? ' is: ensemble setting,0.33968361081343684,"The actual output mentions various settings where the mandolin was used, including folk music and classical traditions, but it fails to directly address the expected output's core truth of 'ensemble setting.' While it provides historical context, it does not clearly articulate the specific setting requested in the question, leading to a lack of alignment with the expected answer."
What is the prognosis for asthma? ,"The prognosis for asthma is generally good, especially in children with mild disease. Mortality has decreased due to better recognition and care. Half of childhood cases may resolve within a decade.",The correct answer to the question 'What is the prognosis for asthma? ' is: generally good,0.7874503262578527,"The actual output accurately conveys the core truth of the expected output by stating that the prognosis for asthma is generally good. It also provides additional relevant details about the prognosis, such as the decrease in mortality and the resolution of cases in children, which enhances understanding without misrepresenting the core truth. However, the response could be more concise to align better with the expected output's focus."
Who undermined  The League Of Nations?,"Nazi Germany, Imperial Japan, the Soviet Union, and Mussolini's Italy undermined the League of Nations.","The correct answer to the question 'Who undermined  The League Of Nations?' is: bellicosity of Nazi Germany, Imperial Japan, the Soviet Union, and Mussolini's Italy, and by the non-participation of the United States",0.6451125930597151,"The actual output identifies key nations that undermined the League of Nations, aligning with the expected output's core truth. However, it omits the mention of the non-participation of the United States, which is a significant aspect of the expected answer. While the retrieval context provides relevant details about the League's challenges, the actual output lacks the depth and completeness of the expected output."
What does MYS stand for?,Mean years of schooling.,The correct answer to the question 'What does MYS stand for?' is: Mean years of schooling,0.576965978553759,"The actual output correctly identifies 'Mean years of schooling' as the definition of MYS, which aligns with the core truth of the expected output. However, it lacks the introductory phrase present in the expected output, which diminishes clarity. While the core truth is present, the absence of context or additional relevant details from the retrieval context limits the overall effectiveness of the response."
Who had Kerry considered running against in 1970?,Kerry considered running against Philip J. Philbin.,The correct answer to the question 'Who had Kerry considered running against in 1970?' is: Democrat Philip J. Philbin,0.7601081464729653,"The actual output correctly identifies that Kerry considered running against Philip J. Philbin, which aligns with the core truth of the expected output. However, it lacks the explicit mention of the year 1970 and the political affiliation of Philbin as a Democrat, which are crucial details in the expected output. While the additional context provided in the retrieval context enhances understanding, it does not directly address the core question, leading to a slight deduction in the score."
when was the Kinkaid Act brought about? ,The Kinkaid Act was passed in 1904.,The correct answer to the question 'when was the Kinkaid Act brought about? ' is: 1904,0.7316775214048818,"The actual output correctly identifies the year the Kinkaid Act was passed, which aligns with the core truth of the expected output. However, it lacks the explicit phrasing that connects the answer to the question asked, which diminishes clarity. While it provides the correct information, it does not include the context of the question, which could enhance understanding."
Who spoke against Victoria at the rally in Trafalgar Square?,Radical MPs.,The correct answer to the question 'Who spoke against Victoria at the rally in Trafalgar Square?' is: Radical MPs,0.8044241675500619,"The actual output correctly identifies 'Radical MPs' as the answer to the question about who spoke against Victoria at the rally in Trafalgar Square, aligning well with the expected output. However, it lacks the introductory phrase present in the expected output, which could enhance clarity. The retrieval context provides relevant background information about the republican sentiment and the rally, which supports the core truth without detracting from it."
What withdrew the political boundaries of West Asia?,The partitioning of the Ottoman Empire.,The correct answer to the question 'What withdrew the political boundaries of West Asia?' is: partitioning of the Ottoman Empire,0.7262874004337426,"The actual output correctly identifies the core truth of the expected output by stating 'the partitioning of the Ottoman Empire,' which directly answers the question about what withdrew the political boundaries of West Asia. However, it lacks the explicit phrasing found in the expected output that connects the answer to the question, which diminishes clarity. While the retrieval context provides additional relevant details about the partitioning, the actual output does not incorporate any of this context, missing an opportunity to enhance understanding."
﻿"In terms of finance when being ruled by the English where did Burma stand ?","Under British rule, Burma's economy suffered significant decline, with rice exports falling by two-thirds and mineral exports by over 96% compared to pre-WWII levels.","The correct answer to the question 'In terms of finance, when being ruled by the English, where did Burma stand ?' is: Under British administration, Myanmar was the second-wealthiest country in South-East Asia.",0.23208212943308298,"The actual output discusses the economic decline of Burma under British rule, which contrasts sharply with the expected output stating that Burma was the second-wealthiest country in Southeast Asia. While the actual output provides specific data on rice and mineral exports, it fails to address the core truth of the expected output, which is about Burma's financial standing during British rule. The additional context about the economic situation post-WWII does not enhance the understanding of the expected output, leading to a significant misalignment."
"Aside from bombers, what aid did Eisenhower provide to the French?",Eisenhower provided non-combat personnel and aircraft to drop napalm for clearing purposes.,"The correct answer to the question 'Aside from bombers, what aid did Eisenhower provide to the French?' is: non-combat personnel",0.5094639812469672,"The actual output mentions non-combat personnel, which aligns with the expected output. However, it also includes additional details about aircraft and napalm, which, while relevant, diverge from the core truth of the expected output. This additional information could confuse the main point, which is solely about non-combat personnel."
Were EditDroid discs single or multi-sided?,EditDroid discs were single-sided.,The correct answer to the question 'Were EditDroid discs single or multi-sided?' is: single-sided,0.8169001251053782,"The actual output correctly identifies that EditDroid discs were single-sided, which aligns with the core truth of the expected output. However, it lacks the explicit phrasing of the expected output, which states the answer in a more complete form. While it addresses the core question, it could enhance clarity by including the context of the question directly in the response."
Upright meisporangia allowed what to be dispersed to new habitats?,Spores.,The correct answer to the question 'Upright meisporangia allowed what to be dispersed to new habitats?' is: spores,0.856003872095787,"The actual output 'Spores.' correctly identifies the core truth of the expected output, which is that spores are the answer to the question about upright meisporangia. However, it lacks the additional context provided in the expected output, which explicitly states the question and the complete answer format. While the core truth is present, the brevity of the actual output does not enhance understanding as effectively as the expected output does."
When was McVeigh executed?,"Timothy McVeigh was executed on June 11, 2001.","The correct answer to the question 'When was McVeigh executed?' is: June 11, 2001",0.8525209218583996,"The actual output correctly states the date of Timothy McVeigh's execution, which aligns with the core truth of the expected output. However, it lacks the explicit framing of the answer as a response to the question posed, which would enhance clarity. While the output is accurate, it could benefit from a more structured presentation that directly addresses the question asked."
Who declared the annexation of the Golan Heights and East Jerusalem?,"The UN Security Council declared the annexation of the Golan Heights and East Jerusalem to be ""null and void.""",The correct answer to the question 'Who declared the annexation of the Golan Heights and East Jerusalem?' is: UN Security Council,0.7741538926818207,"The actual output correctly identifies the UN Security Council as the entity that declared the annexation of the Golan Heights and East Jerusalem to be 'null and void,' which aligns with the core truth of the expected output. However, while it provides accurate information, it includes additional context about the declaration that, while relevant, may detract slightly from the simplicity of the expected answer. A more concise response would have better matched the expected output format."
Octaves in linear pitch are what size?,12.,The correct answer to the question 'Octaves in linear pitch are what size?' is: 12,0.9086486972739147,"The actual output '12' accurately reflects the core truth of the expected output, which states that the size of octaves in linear pitch is 12. The retrieval context provides additional relevant details about the musical scale and the concept of octaves, enhancing the understanding without detracting from the core truth. Overall, the response aligns perfectly with the evaluation steps."
How old were Nasser's brothers when they died?,Nasser's brothers died in their fifties.,The correct answer to the question 'How old were Nasser's brothers when they died?' is: in their fifties,0.8324842108111312,"The actual output correctly identifies that Nasser's brothers died in their fifties, which aligns with the core truth of the expected output. However, while it provides the necessary information, it lacks the explicit phrasing 'in their fifties' as stated in the expected output. The additional context about the cause of death adds relevance but is not strictly necessary for answering the question, which slightly detracts from the focus on the core truth."
What general received the surrender of Richmond?,General Ulysses S. Grant received the surrender of Richmond.,The correct answer to the question 'What general received the surrender of Richmond?' is: Godfrey Weitzel,0.19493966490645082,"The actual output incorrectly identifies General Ulysses S. Grant as the one who received the surrender of Richmond, while the expected output correctly states it was Godfrey Weitzel. The actual output does not address the core truth of the expected output, leading to a significant misalignment. Additionally, while the retrieval context provides relevant historical details, they do not support the actual output's claim, further detracting from its accuracy."
The Hanseatic League was what type of institution?,The Hanseatic League was a trade federation of towns.,The correct answer to the question 'The Hanseatic League was what type of institution?' is: financial,0.35917924673949997,"The actual output identifies the Hanseatic League as a trade federation of towns, which is relevant but does not directly address the core truth of the expected output that describes it as a financial institution. While it provides some context about the League's role in trade, it lacks the specific financial aspect mentioned in the expected output, leading to a lower score for alignment."
﻿What type of visual character is achieved by using the pointed arch?,The pointed arch gives Gothic architecture a vertical visual character that differentiates it from Romanesque architecture.,The correct answer to the question 'What type of visual character is achieved by using the pointed arch?' is: more vertical visual character,0.792781486584185,"The actual output accurately identifies the core truth of the expected output by stating that the pointed arch gives Gothic architecture a vertical visual character. However, it could be more concise by directly stating 'more vertical visual character' as in the expected output. The additional context provided enhances understanding of the architectural differences but slightly detracts from the directness of the answer."
How long is the maximum cable length the USB 2.0 provides?,The maximum cable length for USB 2.0 is 5 meters.,The correct answer to the question 'How long is the maximum cable length the USB 2.0 provides?' is: 5 meters for devices running at Hi Speed,0.7616837050051982,"The actual output correctly identifies the maximum cable length for USB 2.0 as 5 meters, which aligns with the core truth of the expected output. However, it lacks the additional context that specifies this length applies to devices running at Hi Speed (480 Mbit/s), which is a crucial detail in the expected output. While the response is accurate, it could enhance understanding by including this specific condition."
What company did Comcast sell its interest in QVC to in 2004?,Comcast sold its interest in QVC to Liberty Media in 2004.,The correct answer to the question 'What company did Comcast sell its interest in QVC to in 2004?' is: Liberty Media,0.8445703377440681,"The actual output correctly identifies that Comcast sold its interest in QVC to Liberty Media in 2004, which aligns with the core truth of the expected output. However, it lacks the explicit phrasing of the question and the phrase 'The correct answer to the question...' that is present in the expected output. While the retrieval context provides additional relevant details about Comcast's history with QVC, the actual output could have been enhanced by including a more direct reference to the question format."
Through what Period did Queen Victoria reign? ,Queen Victoria reigned from June 1837 to January 1901.,The correct answer to the question 'Through what Period did Queen Victoria reign? ' is: 1837 to January 1901,0.798854231217782,"The actual output correctly identifies the reign of Queen Victoria from June 1837 to January 1901, which aligns with the core truth of the expected output. However, it lacks the explicit phrasing '1837 to January 1901' as stated in the expected output, which would have made the alignment stronger. The additional context provided in the retrieval context enhances understanding but is not directly reflected in the actual output."
How many geostationary orbit satellites will the BeiDou-2 system have?,The BeiDou-2 system will have 5 geostationary orbit satellites.,The correct answer to the question 'How many geostationary orbit satellites will the BeiDou-2 system have?' is: 5,0.7999349839461473,"The actual output correctly identifies the number of geostationary orbit satellites for the BeiDou-2 system as 5, which aligns with the expected output. However, it lacks the explicit phrasing of the question and the phrase 'The correct answer to the question...' that would enhance clarity and context. The retrieval context provides additional relevant details about the BeiDou-2 system, but these are not utilized in the actual output, which could have further enriched the response."
What was the title of Ibn Sina's Book of Healing?,Kitāb al-shifāʾ.,The correct answer to the question 'What was the title of Ibn Sina's Book of Healing?' is: Sufficientia,0.31203069558017793,"The actual output provides the title 'Kitāb al-shifāʾ', which is indeed one of Ibn Sina's notable works, but it does not directly answer the question posed in the expected output, which specifies 'Sufficientia' as the correct answer. While the actual output is relevant, it fails to align with the core truth of the expected output, leading to a lower score."
What types of script was used to write Sanskrit in the northwest part of Indai?,Kharosthi script was used to write Sanskrit in the northwest part of India.,The correct answer to the question 'What types of script was used to write Sanskrit in the northwest part of Indai?' is: Kharosthi,0.6933850685957479,"The actual output correctly identifies Kharosthi as the script used to write Sanskrit in the northwest part of India, aligning with the core truth of the expected output. However, it lacks the explicit phrasing of the question and the format of the expected answer, which diminishes its clarity and directness. While it provides relevant context about the script's usage, it could enhance understanding by briefly mentioning its historical significance or relation to other scripts, which would not detract from the core message."
What percentage of the population aged 15 and over were shown to have an immigrant background as of 2012?,34.7% of the permanent resident population aged 15 or over had an immigrant background.,The correct answer to the question 'What percentage of the population aged 15 and over were shown to have an immigrant background as of 2012?' is: 34.7%,0.8842054884227364,"The actual output correctly identifies the core truth of the expected output by stating that 34.7% of the permanent resident population aged 15 or over had an immigrant background. It aligns well with the expected output, which asks for the same percentage. Additionally, the actual output provides relevant context by specifying the demographic group (permanent residents aged 15 or over), which enhances understanding without detracting from the core truth. However, it could have explicitly referenced the year 2012 to match the expected output's phrasing more closely."
Who received new and special protections in the new constitution?,"The new Constitution did not explicitly grant new protections to any specific group. However, the Bill of Rights, which was later added, provided protections for individual civil liberties, including religious freedom, among others.",The correct answer to the question 'Who received new and special protections in the new constitution?' is: women,0.24920184514459448,"The actual output fails to address the core truth of the expected output, which specifically identifies women as the group receiving new protections. While it discusses the Bill of Rights and civil liberties, it does not mention women or any specific group, thus missing the essential point of the question. The additional context provided does not enhance understanding of the expected answer and instead diverts from the main inquiry."
What reason did Sony give for taking out OtherOS?,Sony cited security concerns as the reason for removing OtherOS.,The correct answer to the question 'What reason did Sony give for taking out OtherOS?' is: security concerns,0.9216985869312835,"The actual output directly addresses the question by stating that Sony cited security concerns as the reason for removing OtherOS, which aligns perfectly with the expected output. It captures the core truth without any misleading information and is succinctly articulated. Additionally, the retrieval context supports this information, providing background on the firmware update that removed the feature, enhancing understanding without detracting from the main point."
